"row_id","group","text","predicted_sentiment"
"0","restaurants","restaurants First time coming here & NEVER coming back. Came here in the afternoon, maybe that's why it wasn't busy. \n\nWe were helped by Danielle, who didn't look happy that they actually had customers. Anyway, we ordered half a dozen donuts and a coffee. It was obvious our donuts weren't fresh because they were hard and dry. The coffee was just alright, we could've gone to Starbucks or the Human Bean just down the street. \n\nCrappy donuts & bad service is probably why they were so dead & explains the other bad review on here.","negative"
"1","tweets","tweets 'what's the date?' normal people; October 13th? Swiftie's; SWIFTOBER 13TH AAAAAAH IT'S SWIFT DAY!!!!","neutral"
"2","tweets","tweets Dual-SIM version of the Galaxy Note 5 may include a microSD slot after all: Just as we'd re... #Technology #Phone","positive"
"3","tweets","tweets The last place I wanna be going is jacksonville tomorrow.... UGH","neutral"
"4","tweets","tweets my mom stood up to congratulate Nicki then she sat down when she heard Taylor LMAO","neutral"
"5","tweets","tweets ""Unscripted theater on FS2 and people are watching Sharknado. (Well, some of it may be scripted)""","neutral"
"6","tweets","tweets @user do you guys know if Alli Simpson will be at Codys concert tomorrow?","positive"
"7","restaurants","restaurants They accidentally over charged us and Refused to give us our over charged money back.  They sent us a gift card one month later. I will NEVER go back.","negative"
"8","tweets","tweets So sad to hear about about Frank Gifford...May he rest in peace...","neutral"
"9","restaurants","restaurants Being owned by PF Chang's, I was really expecting to be wowed. Unfortunately this was not the case. I ordered the Spicy Korean Chicken, a cup of Hot and Sour Soup, and a drink. While the food was cooked perfectly there really was no flavor at all. The soup tasted like a beef broth made with buillion cubes without a single hint of sour or spice. The Spicy Korean Chicken was moist, but unless your idea of spicy is black pepper your out of luck. Yes, I know you can add some spice after the fact but when you order something spicy you expect SOME form of heat. Overall, it was not worth my $12 for lunch. I will give it another shot as I know this may have been a one off, but right now I'd rather eat at Panda Express.","negative"
"10","restaurants","restaurants Love Costco!! It has everything! Usually buy my fruits, veggie and meat. Also end up buying stuff that were not on my list. Hard to resist the deals and great price they have. They have a pretty good selection of wine, spirits and beer. Costco is also great w their returns. Ive returned something that was used because it broke. Had no receipt and they went back to my Amex connected w Costco one year back!!! Best part are the there free samples!! Portions are enough to make you full if you try most of them! Only downfall is I end up paying more than I anticipated because I end up buying more things than planned!!!!","positive"
"11","restaurants","restaurants HORRIBLE experience. Bad DJ didn't know how to transition from one song to the next. Huge gaps between the music and he wouldn't stop talking the entire time. SHUT UP. People wanna dance. \n\nOne bar in the tiny little place. Ridiculous. Had a security guard sexually harass my friend. WTF DUDE. You are suppose to be looking out. Too crowded for such a small venue. No outside area for people to smoke so everyone was lighting up on the dance floor...smart. Drunk bitches lighting people on fire.\n\nNEVER GOING BACK","negative"
"12","tweets","tweets Kurt Cobain solo album to be released in November.  I guess he's taking another shot at music.","positive"
"13","tweets","tweets @user According to reporters on the scene at practice, Lions rookie RB Mikel Leshoure was carted off field today with a left leg injury""","neutral"
"14","restaurants","restaurants If I could give this place 0 stars I would! Want there on Veterans Day for my fathers birthday. There was a group of about 15 of us in the bar. Only 4 tables in the dinning room with 3 servers and a manager. It took us 20 minutes to even get a drink order for me my mother my boyfriend and 20 month old son. At that point she was already trying to get a food order from us, are you kidding me?! Got our order in and being a waitress I always ask tables with. Kids if they want the kid food to come out first. Not only did she not ask, his come out last!\n\nMom got the brisket. I don't know why they even bothered to bring it out. You could see the fat just sitting on top. Got the salmon which was ok, but it was supposed to come with two sides but only got one. When I asked about it they aid they would get it. Maybe 5 minutes later got my Mac and cheese side. Lukewarm at best and the cheese on top wasn't even melted. My boyfriend never got one refill on his soda, even when he put it to the end of the table. \n\nNeedless to say it was a HORRIBLE experience and I will never be going back!","negative"
"15","restaurants","restaurants The bar itself was great. Service as well.  Food was surprisingly nice also.  Bartenders were attentive and friendly. The problem was the karaoke. Which is what we drove across town for.  I am presently looking for a fun venue for a large fundraiser for our company.   As a former kj, i can tell you that there is certain etiquette you should always observe.  Keep rotation fair and spaced out; even if they are your regulars (I observed the same girl do a back to back duet/solo and she was not even leaving).  You also need to pay attention to when your singer is ending and not stand there bs'ing with your regulars.  Especially in a noisy busy venue.  The KJs job is to lead the crowd for every singer who is brave enough to get up there.   Finally... The system itself is outdated.  Not enough speakers and poorly placed.  Get a better sound system, train the KJ to be courteous and this place would really be 5 stars.","positive"
"16","restaurants","restaurants I usually never write reviews on yelp, but I feel the need to in this situation because it is unbelievable how awful this place has become. First, let me clarify that I love my doctor, Dr. Bui. He is the ONLY reason why I still continue to go to this office. However, I try to avoid calling or making appointments as much as possible. I have been going to this office for over 15 years, but for the past year or so everything besides Dr. Bui is absolutely horrible. Words cannot describe how awful the front desk and office is. Without fail, every time I call the office for a need, the person on the other line is unbelievably rude. In addition, there is hardly a time when I get put on hold for less than 30 minuets, because no one knows what they're doing because. The reason I say that they don't know what they're doing is because the last time I called, while on hold, I had to tell them 3 separate times what the reason for my call was. They kept putting me back on hold and forgetting to transfer me then asking me why I was on hold again. Also, if I suddenly become sick and call to make an appointment to see a doctor as soon as possible, who ever answers the phone is almost excited and enjoys telling me that Dr. Bui is completely booked for appointments for at least a week in advanced. So pretty much I have to plan when I'm sick. The worst part is I know that when I speak to \""Martha\"" I need to prepare to be spoken to in the rudest, most unprofessional manner ever.  Finally, expect to wait for at least at least 20 minuets, after  your scheduled appointment.  :)","negative"
"17","restaurants","restaurants This was the final nail in the coffin for LV partying.\n\nSeriously, this is considered the best of nightlife in LV??\n\nNegatives:\nTop 40s music\nconfetti every 10 minutes\nevery loser with $200 can get in\nabout 1000 bouncers\n\npositives:\nevery loser with $200 can get in so getting drinks from them is easy\napparently they people smoke up in the club if you tip the DJ (could be a negative, depending on your personal opinion)\n\nAfter a long weekend in LV I realized that its like one giant amateur night for partying. Sort of like New Years is everywhere else.","positive"
"18","restaurants","restaurants This is my favorite Walmart in the Valley. \n\nThey have always been pretty speedy in checking me out. I absolutely hate waiting in line. I'm elated about the new self checkout lines they just installed. \n\nThe store is clean, and always well stocked. Partking is pretty reasonable too. A great place to pick up something quick, or putz around for an hour.","positive"
"19","tweets","tweets I saw Cowboys and Aliens... OHMYGAWD it was so stupid. Tomorrow i'm seeing The Help which i hope is better.","positive"
"20","tweets","tweets It\u2019s Friday before WPPI! Who is going this year?! I AM!! Before I leave on Sunday\u002c I wanted to give out a fun...","neutral"
"21","restaurants","restaurants Like some others, we jumped on the Living Social deal to Vivace.  I really have no idea why they threw that bone out there, as I am fairly sure they have no need of it, but since they did, we used it.  Definitely glad they did (and that we did).\n\nThe service at Vivace is second to none, as is the scenery, inside and out, though the layout of the interior is a bit odd - perhaps it is those massive red chandeliers from the bizarro Ikea world.  Or maybe it is all just a bit disjointed rather than having a nice flow to the place.\n\nThere is what I would call a dining room to the right (with a bar), a bar to the left (with bar tables, but no dining room), and another dining area upstairs (also with a bar).  The bar downstairs also has a patio and the dining area upstairs has a balcony.\n\nUnfortunately, each time I have been there, it has been at least overcast outside, if not downright scary, making those outdoor spaces less than ideal.  Still, the heaters are nice - it just makes the view less than spectacular.  Not their fault, but it does impact the usability.\n\nWhich leaves the food.  We found it to be hit and miss.  Some items are average, like the meat and cheese platters.  Good, but not great.  Others, like the fish, have a nice crispy skin in one area, but the same skin is mush elsewhere.  Then you get a nice piece of meat, say the short rib, that is tasty, but man is it rich!  Had to stop after just a few bites.  Luckily it belonged to someone else - if it was mine, I would have been disappointed that I had to stop so quickly.","neutral"
"22","tweets","tweets ""The Magic Loogie"" is one of the cleverest scenes from Seinfeld ever. For your Tuesday evening pleasure,","positive"
"23","tweets","tweets US deal with Turkey over Isis may go beyond simple use of an airbase ErDOGan arms ISIS&amp;NATO allows it!","negative"
"24","tweets","tweets Veteran day program for DDA on the 12th let us not forget the men of POW*MIA and I want to thank all the soldiers for their service.","positive"
"25","tweets","tweets If you're truly my friend you'll play David Bowie's Greatest Hits when I'm about to have my 1st kid","positive"
"26","tweets","tweets 23 Aug 00;30 #771NAS Rescue193 returned from Tresco, IoS lifted a casualty with minor injuries to RCH Treliske","positive"
"27","restaurants","restaurants decent pork chops and great tea, is what I had there recently.","positive"
"28","restaurants","restaurants The maple bacon doughnut was tasty, but the cherry fritter blew. my. mind. My iced coffee was decent as well. I anticipate returning to rainbow doughnuts!","positive"
"29","tweets","tweets @user @user For Inbetweeners movie next wednesday, going for the 8pm showing at cineworld in town, everyone to book their own tix :)""","neutral"
"30","tweets","tweets Nintendo of Europe decreased the size Target's Mario amiibo during November 21st","neutral"
"31","restaurants","restaurants I went to this place for late night food so there was not a whole lot of choice that I knew of.  The food was your typical bar food.  It was nothing spectacular but I would go back if I had to for some food.  One thing that was funny...my buddy tried to order Negro Modelo since there were signs advertising this beer and it was no longer available.","negative"
"32","restaurants","restaurants Came here and say in the drive thru for way too long, so drive up to the window thinking some would see us and help. Well someone saw us, but quickly walked away and never came up to the window. Needles to say, we drove off without food.","negative"
"33","restaurants","restaurants Disappointed.  Go to boiling crab instead.","negative"
"34","restaurants","restaurants While shopping in the Bellagio, we decided to stop here for a snack.  We shared the sliders and the Alsatian pizza.  It was soooooo good!!!!  For dessert we had the sorbet, you get 4 different flavors for $10 and it was awesome!","positive"
"35","restaurants","restaurants PUT THE SAME SIZE SHOES IN THE APPROPRIATE BOXES...and when you absolutely fail to do so please refund my credit card in a timely (not 14 days) manner.","negative"
"36","restaurants","restaurants This is a cute little coffee and gelato shop located in the Cosmopolitan. $9 for 2 scoops of gelato in a waffle cone was pretty steep, but all you need to know is that their straciatella flavor is amazing. Another thing is that I usually love Pistachio flavored things, but their pistachio gelato tasted more like peanut butter...\n\nI didn't try get to try the coffee that day because I lost in black jack, but perhaps next time?","positive"
"37","restaurants","restaurants group of 12 of us had a great time and great meal.  ordered lots of appetizers that went around the table - tasty assortment!  several craft beer fans in the group were very pleased.  one person ordered a wine cooler which came in an interesting bottle and it was very good.","positive"
"38","restaurants","restaurants Pros: Cool atmosphere. Great beer/drink selection. Fun location.\n\nCons: We waited forever for a table. There's no good waiting space. We ordered a cheese plate and it was sooooo sad. The presentation was terrible. Our friend ended up with a terrible case of food poisoning from their Flank Steak \""special\"".\n\nI like this place for the drinks and their patio is lovely when the weather is good. But...I don't think I'll ever return for the food.","negative"
"39","restaurants","restaurants This place is run down on the inside. I went in, sat down, and was scared away by how disheveled the place was.","negative"
"40","restaurants","restaurants The fabulous Katie R. and I headed to Le Br\u00fbloir on Fleury Ouest (FLO) for an Indie Coffee Passport and lunch date today. I very much enjoyed the experience.\n\nMy soy latt\u00e9 was delicious, so much so that I thought it must have been made with \""real\"" milk. I really like their espresso, which they roast in-house. \n\nI also had a grilled cheese sandwich with bacon called Le Reconfortant which was definitely comfort food. Yum! \n\nI liked the art on the walls and the sunny counter by the window and the scarecrows from the local Grade 5 class which decorated the street all along the FLO business area. Service was in both official languages: bonjour hello!\n\nFor those of you who aren't Ahunsicois, you can get to Le Br\u00fbloir by taking the orange line to station Sauv\u00e9, then the #180 bus (or a 15-minute walk). On Wednesdays in the summer, there is a weekly community picnic/food truck supper/local business promo in Tollhurst park, just a block up from the coffee shop.","positive"
"41","restaurants","restaurants Took a friend from Maine who was blown away by H&J. I had 1lb snow crab in lemon pepper and 1lb shrimp in H&J sauce. Friendly staff and casual atmosphere. Perfect place to smash some crab legs.","positive"
"42","restaurants","restaurants Who doesn't love ice cream? \n\nTheir sorbets are my favourite, namely framboise (raspberry)! All of their flavours are succulent, rich, mouth-watering, satisfying, and homemade. The service is great, friendly, and welcoming. When you walk in, you get an old school feel of Montreal, it doesn't come off generic at all. I went on an especially warm-almost-summer day after venturing along Bernard street, and it hit the spot. \n\nPS. They even have sorbet/ice cream macarons and cakes, HOW COOL IS THAT!!","positive"
"43","restaurants","restaurants We went here and were so unimpressed with the food AND the service. We went soon after they opened for the day and there was nobody there at the front counter. The cook was there but they had no idea how to work the register. ( not their fault ) but I wasnt impressed at all and I wont go back here.","negative"
"44","restaurants","restaurants I would definitely come here again! Really fun place, unique and great tasting food, and you can see them making the noodles!!!!!\n\nWOW the food is impeccable. Everything from the dumplings to the noodles are fresh, flavorful, and served beautifully. Both the cold noodle dishes and hot ones are amazing.  The dumplings burst with flavor and pair amazingly with the thin noodles. I recommend the Sesame Cold Noodles with Chicken and the Hot Spicy Wonton Noodles as entrees -- both are delicious!\n\nIt is really cool to see the chefs making fresh noodles, nice touch to the place! Awkwardly, the Thai iced tea we ordered was bought from the place next door... Also, I wish they had more choices for protein, particularly the ability to substitute tofu in dishes or swap out pork for chicken. The service is great -- our waiter was always available and routinely provided refills on drinks. Definitely check this place out!!!!!!","positive"
"45","tweets","tweets @user iThink they may introduce the iphone 6S but my cuzzo said the AppleWatch Red and new macbook size","positive"
"46","tweets","tweets West Yorkshire Police & CPS have advised Danny Care he will not be charged in relation to alleged sexual assault in Leeds on March 3.","negative"
"47","restaurants","restaurants Go to Walgreens instead, it is cheaper and better","negative"
"48","tweets","tweets Alone at a McDonald's. Few vestibules away people are talking about Mar's presidency run while the other table talks about Nicki's VMA feud.","neutral"
"49","tweets","tweets @user SBS popped it into an earlier time slot\u002c across 3 weeks- so I missed the 1st one- (maddening!) but watched online- was v good.","neutral"
"50","restaurants","restaurants I completely agree with Elli with too many employees standing around and top it off the GM is doing the same \""looking like an idiot.\""  I can't believe that's how they get paid, I'm surprised they haven't been fired.  They are surrounded by many small business owners waiting for \""a handout?\""  Apparently they are not well-mannered and did not get trained.  How are they in still in business or do they think they are not in competition with OfficeMax which is down the street.  Yes, they are rude and they think that by \""telling\"" me instructions on how to operate a fax machine thinking I can hear them.  Hel-l-l-o-o, I'm deaf you moron!  RUDE, RUDE, and RUDE!  I've come once a year for three years hoping they have changed, nope they're still rude and I will see that their business gets closed sooner.","negative"
"51","restaurants","restaurants The only thing I enjoyed was sitting outside and people watching. \n\nMy husband and I came for dessert and drinks and it definitely wasn't worth what we paid (like many places on the strip). \n\nThe martinis were tasty, but not $16 tasty...worth about $10 in my book. I had high expectations for the desserts (it's called the Sugar Factory after all...) and they fell short. I feel like I could have made my fruit tart at home with a flakier, less \""hope this fork doesn't bend when I cut this\"" crust. My husband's chocolate cake thing had beautiful presentation but was way too rich. I get that that was the point, but it was more ganache-like than I would have liked. \n\nProbably wont go here again, nor would I recommend to friends.","neutral"
"52","restaurants","restaurants How can anyone rate this 2 stars let alone 5? Walked in and the place was oozing with garbage! Look over the counter and there is dirt and grime everywhere. Lady had no clue how to do math helping us. I had a buy one get one free coupon for smoothies and she couldn't figure out how to deduct one smoothie and tried overcharging me 3 times before I had to tell her the total. The donut we tried was fine but the smoothie and cookie and cream iced drink was horrendous! I will never go back to this trash bucket.","negative"
"53","movies","movies everything that was right about blade is wrong in its sequel .","negative"
"54","restaurants","restaurants My dining companion (formally known as Mom) and I are in Verrado every Thursday night for chiropractor night. Since it's dinner time by the time we're done, we decided to pop \""downtown\"" for some food and wine. Neither of us have dined in Verrado except for at the golf club, but being familiar with the sister wine and coffee bar in Goodyear, Ground Control seemed like a decent option.\n\nDecent was probably apt, but I wouldn't go as far to call it \""excellent,\"" or \""must try,\"" or even \""a really good choice.\"" We walked in and, without a sign, waited for someone to seat us or invite us to seat ourselves. Mom finally asked a server, who told us to have at. We chose a table in the back that was half booth, but as soon as we sat, I realized the table setting, consisting of some coasters, and plastic holder for sugars, and the salt and pepper, were rather habberdash, with an extra plastic holder on the other side of the table, alone and empty. But the table looked clean so we forged ahead. A few minutes later, the bartender appeared and took out drink and food order. We both ordered the same wine, which the bartender returned to inform us several minutes later, he ran out of, but would provide the other version of pinot grigio, the more expensive version, at the price of the one we requested. This was completely reasonable and earns the bartender a star. \n\nOur food took a little longer because Mom ordered the Shepherd's pie, but arrived timely enough for the half-full restaurant. As soon as my Ham and Brie panini with salad was in front of me, I realized I was hungrier than the cook must have estimated, and asked for a side of fries. The salad was a nice, fresh looking mix of spinach and bright greens nearly drowned in balsamic. The \""sandwich\""was a couple pieces of ham smooshed between two sad pieces of rosemary flat-with-a-capital-F flatbread. I peeled the mess apart to study it, and found two teeny tiny pieces of brie for each half of the sandwich, and two slices of soft apples on only one half. I forged ahead and bit into my extremely dry, bland meal. I ate about three-quarters of the sandwich before I gave up and went to town scraping most of the balsamic off my salad, and this from a girl who loves her some bals. The chef brought out my fries, which were pretty good, and asked how the food was. Mom and I both hate to cause a scene, so we assured him everything was fine.\n\nMom, meanwhile, kept fishing in her shepherd's pie for veggies beyond the couple of peas I saw her scrape out. Her evaluation after the meal was that the mashed potatoes were good, but not lumpy, as she prefers, and there was a ton of ground beef but very few veggies. \n\nBut our wine was good, and the bartender gets no complaints from me. \n\nI know Verrado is a bit out in the boonies to say the least, but it would be really nice if some Cen Pho-type restaurant took a chance out there. Ground Control's atmosphere has potential, but it's still pretty generic looking; maybe some local artists could contribute to the decor. The food, at least the ones we sampled tonight, is mediocre at best. The group a few tables down from us, however, seemed delighted with their burgers, so maybe that's the way to go. I'm more than willing to give Ground Control another shot, especially because I love supporting small business owners, but it isn't at the top of my list.","negative"
"55","restaurants","restaurants The lady runs this with her parents (her name isn't Rose) and they do an awesome job! She also gave me a discount out of nowhere when I came to hem two of my dress pants.\n\nThis is my to-go place now since they're reliable, on time, and the prices are pretty reasonable. Hemming for pants is $10 each and different tailoring are differently priced. Just call and ask!\n\nI wasn't in a rush to get my pants back so I gave her however much time she needed to hem but timing doesn't seem much of a problem for them. Of course, as I haven't needed anything done quickly, I can't really judge there yet. :)","positive"
"56","restaurants","restaurants So this happens to be the best coffee shop in the Mesa area. They renovated to add a barbershop in the anterior and the coffee shop makes up the posterior; and yes you walk through the barbershop to get to the coffee shop but I and my wife have never had an issue with this. All of the baristas are extremely welcoming and the coffee is served drinkable instead of lava-hot. I have had my hair cut there and let me tell you that it is hellishly convenient to have a coffee shop of this caliber attached to a barber shop; never a bad idea to stop in early for a hair appointment when you can sip a coffee!","positive"
"57","tweets","tweets ""3rd Annual Women's Day was another one for the books, it's getting bigger and better, Thank you all, great effort #TeamGDCF.""","positive"
"58","movies","movies manages to be both hugely entertaining and uplifting .","positive"
"59","tweets","tweets @user nirvana, any time someone says the season winter out loud, the """"may I offer you an egg in this trying time"""" quote, dead girl wal""","neutral"
"60","restaurants","restaurants I like this place. As a number of other people have mentioned, the chips and salsa are great. The horchata is also delicious and they give you free refills (utter madness but I love it). However, it wasn't the best mexican I've had, not even close to the top 5. For whatever reason, I was craving enchiladas. They did not turn out well. The sauce that came on the enchilada tasted like it was from a can. just terrible. My girlfriend's meal was much better. She had two steak tacos that looked pretty tasty. She really enjoyed  her meal. I'll be back to see if they just misfired on the enchiladas.\n\nUpdate: I came back and ordered the fish tacos. they were not good. won't be back.","positive"
"61","tweets","tweets 10k on the Feminism of Magic Mike XXL due on my desk tomorrow.","positive"
"62","tweets","tweets Tomorrow for my birthday, I'll be carrying around a boombox on my shoulder, listening to Ric Flair by @user all day.","positive"
"63","restaurants","restaurants This is hardly a great French restaurant.. I would say its mostly a tourist trap with mediocre food that is severely over priced for the quality. The service and view were decent enough but the food quality was pretty bad. \nMe and the Mr took his elderly Aunt and Uncle there so it was more about family then the food which in this case was a good thing.\n\nI still like the name though.. has a special ring to it!","negative"
"64","tweets","tweets Stoops got the record 10th win against saxet!","positive"
"65","movies","movies like shave ice without the topping , this cinematic snow cone is as innocuous as it is flavorless .","negative"
"66","restaurants","restaurants Service wasn't great... Salsa wasn't bad.. Food was not that great. Beans and rice looked like they came out of a bucket and beans looked like they were burnt onto the  plate. We will not be coming back here. :(","negative"
"67","tweets","tweets ""Just a quick note- Hulk Hogan was a bad wrestler anyway. C'mon now, the leg drop? Give me a break.  Back to real sports- Go Yankees!""","neutral"
"68","restaurants","restaurants The instant I entered the hotel lobby the very first thing I noticed was the scent. It smells like gardenias. More specifically like Fracas perfume. I was instantly smitten. The hotel is one of the newest addition to the strip, built less than a year ago. It's the sister hotel to the Venetian. The appearance of the Palazzo's lobby was very elegant and grand. There's a fountain at its center that stands under a large glass cupola. Old world Italian design is the main architectural theme of the hotel. The casino was sparkling clean and was not yet imbedded with the scent of cigarette smoke like some of the other long standing casinos on the strip. I later learned that the hotel is a LEED (Leadership in Energy and Environmental Design) certified property, smoking is off limits for the majority of the hotel, including 50 percent of the casino. It is the worlds largest LEED certified building. One thing that I was so taken with about the Palazzo was that each and every room is a suite. With not 1 or 2 flat screen TVs, but a whopping 3. I died. One in the living area, one in the bedroom, and most importantly one in the bathroom. Speaking of the  bathroom, it's well stocked with Agraria Lemon Verbena bath products. The service and attention to detail and quality at the hotel, casino, restaurants, and shops at the Palazzo was top notch. I'd stay here again and recommend it to others.","positive"
"69","tweets","tweets @user it's almost as serious as THIS SUNDAY NIGHT WHEN JOHN CENA DEFENDS THE WWE WORLD TITLE AT WWE SUPERSLAM!!!","positive"
"70","restaurants","restaurants There is something about this Russian restaurant that always makes me feel like I'm having a homecooked meal.  You wouldn't guess based on the outward appearance, basically a storefront in the shopping center by the Copp's in Fitchburg, but this is really a top-notch restaurant.  I'd never really tried Russian cuisine other than the beef stroganoff that was my father's speciality and a couple of late-night stops at Pelmeni (RIP) before coming here with a friend last year.  He's part Polish descent and he kept saying how much the food reminded him of the meals his grandmother used to make when his family would visit Milwaukee years ago.  I'm not Russian or Polish and my two grandmothers' delicious meals were standard American fare, so I wasn't expecting to share his nostalgia.  But the food here has the unmistakeable quality of good comfort food that just feels like home.  \n\nI set the bar pretty high on my first visit, trying the \""Zarski\"" stuffed pork loin with a spring salad and buckwheat (kasha).  This coupled with several Baltika #6 Porters made for a very filling meal and a strong desire to return.  The next time I came with my father, who went for the beef stroganoff to see how it measured up to his own.  This entree comes without accompanying noodles like my father has always done, but the beef with sauce is so rich and thick it did not seem to require anything else.  My father really enjoyed this, and has subsequently ordered it every time since, but his real love was the kasha.  I went with the stuffed cabbage, which is a dish that I've never really loved before.  Arbat's has a something more, maybe the spice or the tomato sauce, that puts it over the threshold.  This turned out to be the perfect meal on cold March night, and I came away convinced that this was going to be a regular destination.\n\nI've tried a decent amount of the menu to date, and I still put the stuffed pork loin with the kasha as my all-time favorite.  The pelmeni dumplings are delicious but it always seems like they're missing something without the spicy red sauce I used to get at Pelmeni on State.  The potato and cheese vareniki are really amazing, and the meatballs with mushroom sauce are pretty good themselves.  I'm personally a big fan of the Russian and Lithuanian beers that are served, but be careful because these are powerful - around 6 to 8% ABV - and come in big half-liter bottles.  There are only a couple of things that keep this place from being a no-doubt five star place.  The location does leave a bit to be desired for atmosphere, and the restrooms aren't even in the same place - you need to walk into the lobby of whatever is next door, and once the lights didn't even work.  Last winter we were seated next to the door, which led to cold blasts of February air every time someone came or went.  This didn't bother me as much as it did my mother, but it would be nice if they had some kind of curtain or something.  Also, there only seems to be one server every time I've been and on busy nights it can be a wait.  But these are minor trifles compared to the greatness of the food.  Whenever the winter seems to drag on forever or I just feel the need for something comforting, I'll make my way here.","neutral"
"71","tweets","tweets Finally get to use my GC from Mother's Day for a facial and massage tomorrow! Now I can act like I'm the stay at...","positive"
"72","restaurants","restaurants Stayed at the Aria and this was really the only meal-meal we ate in the hotel.  It was delicious!  The jalapeno margaritas are just the right amount of lime and spice.  My chicken fajitas were made with Jidori chicken (who does that!?!?!  Vegas, that's who) and were ridiculously good.  \n\nLike many restaurants in Vegas (and especially the newer casinos), it's loud so if you're looking to whisper sweet nothings in your honey's ear, she won't hear you.  Also, it seems to attract bachelorette parties (we saw three while we were there) so prepare for some shrieking with your guacamole.","positive"
"73","restaurants","restaurants a while back i went to get highlights one of the hair stylist  forgot her name ..  she had pink hair .fried my heir  to the point of having bold spots and ending up with green hair , i called management to get my  money back they didnt do  nothing for me no compensation what so ever , i promised  my self i will let everyone know how incompetent this place is","negative"
"74","tweets","tweets .@youtube via the last time it was Sarah Louise Palin this moment Willard Mitt Romney or thursday Joseph Robinette paul","neutral"
"75","restaurants","restaurants Everything was wrong we will never return. First off our food took forever I felt bad for waiter he kept apologizing and explain the kitchen was backed up. The restaurant was not that busy. Once our food finally arrive it tasted terrible I should have sent it back but I just wanted to go home by that point. We paid our bill, tipped our waiter and just went home.","negative"
"76","restaurants","restaurants Khobez (filled naan wraps) is the spicy speciality of this takeaway on George IV Bridge, but that doesn't mean they don't have a wide range. The choice of fillings can be a bit daunting but staff are always willing to advise to suit your tastes. They do very tasty felafel and extremely tasty stuffed vine leaves too for special occasions.","neutral"
"77","restaurants","restaurants When did Dave and Buster's become a daycare?? Everywhere you look, there are signs that say kids must be accompanied by an adult, but apparently no one was honoring that at 6PM on a Saturday. I couldn't even walk through the place without someone shoving me. AHHH!\nI get that Dave and Buster's is an arcade and that you're going there to play some games, maybe eat, and kill some time. When I last went there a few years ago, we there for my bachelor party, and while I'm sure we got into some shenanigans, I don't remember children running wild there. We were having adult beverages, playing games, and having a good time. This time, it was ridiculous. It isn't Chuck E. Cheese, yet that's how parents seem to be treating the place.\nOn top of that, the customer service sucked. The place is gigantic, with tables and serving areas everywhere, yet on a Saturday at 6PM, the hostess told us (after interrupting us three times to chat with the other hostess) told us it would be a three hour wait, despite the fact that there were empty tables all over the dining room. I suspect this is a ploy to get you to play games and spend money until you're table is ready, but the food at Dave and Buster's is not worth a three hour wait on any day.\nThe hostess told us we could be served right away if we went to the midway and found an empty table, so we attempted that. Most of those tables were empty with usually one or two adults at a giant empty table filled with coats who informed us that they needed the table because their kids would be back soon after playing games. Next, i engaged in the most rudest thing I've ever done- I began stalking tables where people were finishing up. I would walk up to people paying their check, ask if I could have their table when they were done, and they would inform me that there were already two or three people who asked them and I should get in line.\nFinally, we found a table and proceeded to spend two hours eating dinner. It wasn't because we ordered a lot of food- it was that the waiter took forever to bring our food out. He seemed to have no problem getting us fresh drinks, until we drank as much as we could and then asked for water. After that, he seemed to come around a lot less. \nI had the build your own chicken tacos, which comes on a giant plate with all kinds of fixings. The fixings were fresh, but the chicken was cold and dry, and the tortillas were dried out as well. For $14, it wasn't worth it. \nAfter dinner we proceeded to play games, which entails shoving people to get through areas and waiting in line to play anything. \nAll in all, I didn't like my experience at Dave and Busters. I remembered it being a fun place to go and unwind as an adult. but between all the kids and the crappy service, can't recommend this place. If anyone asks me to go back, I may elect to stay home and poke my eyes with a fork.","negative"
"78","restaurants","restaurants All I could say is this place is a hidden jewel. Best pho...clean, reasonable price, great front waitress, great food. \n\nWhy go  to pho Kim long...price not worth the portion and honestly taste bad. \n\nGooooo kinh do pho!!!","positive"
"79","tweets","tweets Blake Griffin Poster Dunk over Kendrick Perkins (6ft.10) in HD (Jan. 30) that\u2019s why you roll after a pick.","neutral"
"80","tweets","tweets I wanted to look nice for tomorrow but I'm probably just going to wear my fleetwood Mac shirt again.","neutral"
"81","tweets","tweets Watch the first clip from Bronnt's new soundtrack to Arsenal. Playing live #BSFF @user on Sunday #SilentFilm","neutral"
"82","restaurants","restaurants Steer clear of the lamb gyro - the meat is truly awful. It was dry, chewy, and tasteless. I don't know how a gyro could go wrong. I love gyros. This was just absurdly disgusting. The bread was burned. The entrees came out one at a time over a period of 15 minutes. Also, they got the order wrong two times, but they did correct this without much difficulty. We just decided to cut off the incoming food by telling them we would pay for whatever we currently had on the table.\n\nBear in mind that we are Pakistanis and were taught to finish ALL of our food so we literally clean our plates! I felt awful leaving the gyro meat on my plate but I honestly couldn't tolerate eating it.\n\nPluses: chicken shish kabob was palatable. Yogurt sauce on top of everything made the rest of the food almost edible.\n\nOwners/wait staff - please don't be offended. I am not writing this to be mean spirited. It was just an unfortunate experience.","negative"
"83","restaurants","restaurants Stayed here for a wedding this past October and my favorite part of the experience was that they allowed my dog free of charge and there's a great dog park around the corner.  They even offered her a doggy bed.\n\nSo that being said, the room was fine, it was clean.  Check-in and out was smooth and everyone was nice.  The pool was smallish, but there was a water slide that they will turn on if you ask.  Unfortunately, it's not meant for adults and there were a couple close man overboards.\n\nHere's my beef: I road trip a lot and even at cheaper accommodations such as Super 8 they offer a free continental breakfast and free wifi.  No such luck here.  I prefer Marriotts where they offer not only a continental breakfast but often also often offer some happy hour snacks, unfortunately Marriots charge too much for my dog to stay. \n\nThe restaurants in the hotel were not worth the price, and other options were not walking distance.  At least parking was free and there was a mall not too far away.\n\nHere's the other beef:  We were here for a wedding and the bride and groom specially reserved a suite so that they could party after the ceremony.  About 11 o'clock on the wedding night, which happened to be Halloween and a Saturday, the hotel staff told them to keep down the noise and that everyone should go back to their own rooms.  It was not a loud gathering.  There wasn't music playing and everyone was in their 30s, so we're not talking a crazy time.\n\nI guess this is more of a quiet old person's hotel so if you're looking to have a few drinks at your fancy hotel suite after a wedding on a Saturday night this isn't the place for you.\n\nMy boyfriend recommends the Bloody Mary's served at the bar in the lobby.","neutral"
"84","tweets","tweets #NowPlaying in the Treehouse :  Bob Marley Vs. Funkstar De Luxe - Sun Is Shining  ... Tune In at","positive"
"85","restaurants","restaurants Without a doubt, one of the best values (hah, clearly a relative concept) in all of the new strip -- and probably some of the best non-designer food to be had there as well.  Although I was very dissapointed in the dan dan noodles (very soupy), the potstickers and the Singapore mei fun were super yummy.","positive"
"86","tweets","tweets Who will take the stage in the first Republican Debate this Thursday in Cleveland? Will Ohio Governor John Kasich...","neutral"
"87","restaurants","restaurants Only go here if you don't wait in line, the cover is waived and someone else pays your drinks. I'm not even sure what hotel this place is in. When I got sprayed with water I was done.","negative"
"88","restaurants","restaurants This weekend was the second time I had stayed at Caesar's in the space of a month. I am a total rewards member and I go to Vegas about 5 or 6 times a year. I think the whole hotel is quite nice and the service is decent except for the front desk! \n\nOn my earlier stay about three weeks ago I had gone to speak to someone at reception to make sure I wasn't being double charged for the resort fees and the man at reception who was actually quite polite had called over his supervisor to answer the question as he was unsure. He was completely rude to me and I had to walk away because I was just shocked at the attitude of a \""supervisor\"".\n\nSo on my most recent stay I was staying in the Augustus tower and when I had checked in I had asked for a room facing the Bellagio. No problem so far.... My wife and I get up to the room and we can't get in and the room was facing the wrong side. I went downstairs got in the huge line again and was then told several times by the gentleman at reception that it was probably because I had put the room card by my phone to which I replied that cannot be the case as I was holding it the whole time. He was having none of it and making out like I was lying. Once he checked the card he realized that they had actually put in the wrong room number on the card and it was there mistake. When I asked to get moved to a Bellagio facing room I was told it was not possible as I had checked in 2 hours ago..... hmmmm strange... All I had done was walk to the room and back and I was being told I had been there for two hours. I tried to explain that was not the case to which he said he would \""call\"" to ask. \n\nNo idea who he would need to call, I am sure that is something they can checl on the the computer screen but he said no. \n\nThe rest of my stay was fine and I think the hotel has everything you can want but the fact the people at reception are so rude just starts your trip on a bad note.","negative"
"89","restaurants","restaurants The @WestWindDriveIn  is located on N Rancho & Caresy right near @statoioncasinos TEXAS Station.\n\nJust $6.50 for Adults/KIDS ARE FREE for a Double-Feature of NEW release movies. If you stay late they do play a 3rd movie.\n\nBEST DEAL AROUND!!!\n\nThey have a snack bar with popcorn,Nathans hot dogs,pizza,nachos and soda plus video games and restrooms.\n\nDuring the summer bring your lawn chairs and BBQ they let you cook out and this place really gets rockin'","positive"
"90","restaurants","restaurants I really enjoy this place and I may have to visit again to give it another star. I have been here once for lunch and another time for happy hour. The prices during both of these times were very reasonable. What i was impressed with the most was the selection of beer that they have. Being here in AZ it was the first time I have seen any Rouge beer on tap. During happy hour all drinks were half off making a delicious brew of Rouge hazelnut brown an amazing $3.50. The appetizers aren't your normal fried bar food you would find most places either. Along with my friends we split the meatball appetizer, the stuffed portobello mushroom and the oven roasted wings (medium).\n\nThe meatball appetizer came on a triangle plate with a generous helping of their red sauce in the middle. The three meatballs were cut in half and placed on skewers laying lightly in the marinara sauce. The meatball was juicy and the sauce complimented it nicely. This is a true definition of an appetizer because it was just enough to start off your meal but not enough to make you full. I would take great taste over a full stomach when it comes to an appetizer any day. \n\nThe portobello mushroom also tasted great, stuffed with cheese and spinach with a drizzle of a balsamic vinaigrette on the top of it. Once again great taste but not so filling.\n\nThe wings were excellent, with them being oven roasted the flavor of the juicy chicken and the sauce on the wings was amazing. The meat was falling off the bone. \n\nI have also had the pizza from here and I love the creative specialty pies that are available. The pizza we had was a \""hot potato pie\"" which came with potatoes, bacon, onion and a drizzle of sour cream. There was no red sauce with this pizza. The flavor combo was interesting and good. I was looking forward to eating the crust the most, it was delicious. \n\nMy recommendation is to try this place for happy hour and try a couple of appetizers off the menu with a tasty craft beer.\n\nQuick Note: I have always wanted to come in on a Wednesday for \""WTF?? Wednesdays\"" where for $3 I believe you get a mystery beer in a brown paper bag haha.","positive"
"91","restaurants","restaurants Wow, I have never received such crappy service in my life. The Barista must've worked for the welfare office or dmv, or another city service job, cause her attitude showed. Sometimes these people forget what they do and who they work for. Avoid this location, either go to the on on camelback or 7 st.","negative"
"92","tweets","tweets @user @user the March Against Monsanto movement shows that we can kick their butts in the market place despite their control.","neutral"
"93","restaurants","restaurants If I'm in the mood to put on a few pounds I like to come to Geno's for a \""famous Philly\"" and an order of the bacon ranch fries. The bacon ranch fries are ridiculously good eatin and ridiculously bad for you at ethe same time. I always get the traditional Philly cheesesteak and have never tried any of the other sandwiches or hamburgers. My wife likes their pitas. They do have other options such as deli sandwiches or hamburgers, which is nice. A lot of the Yelp reviews indicate service is an issue but that has not been a problem for me. Once I ordered a couple of sandwiches \""to-go\"" and when I got home found out that my wife's pita had onions on it when she asked for them to be taken off. I called Geno's and told them. The girl that answered the phone told me a new one would be waiting when I got back. I live 5 minutes from there and when I walked inside it was just being finished. Overall the food and the service are good. I will be back.","negative"
"94","tweets","tweets You know what sucks about Battleground this Sunday? Dean Ambrose is not booked!!","neutral"
"95","restaurants","restaurants roughly $60 per person brazilian buffet...starting at self-serve salad bar...handsome spread of vegetables, shrimp, cured meats, olives and more...meats carved at table side...sausages, chicken, beef, lamb, etc...lamb good...meats can be tough, so be selective...great salad bar...great sides..love the cooked plantains..decent typical meats...","positive"
"96","tweets","tweets ""Children from 1st grade are taught Islam will take over the world so the 12th Imam can rise amid smoke &amp; fire to rule his domain, THE DEVIL!""","neutral"
"97","tweets","tweets 2NE1 rocks Okinawa with stylish airport fashion: On 2012 October 28th\u002c","positive"
"98","restaurants","restaurants OK, \nSo you know how you go to a fast food joint and the burgers on the menu behind the counter are shown all nice and big and juicy, but when you order it, it turns out to be an overcooked, undersized, nothing remotely close to a sandwich even worthy of being called a reasonable facsimile thereof? Well, Fattburger has mastered this process...inversely. The picture on the menu did not even begin to do justice to the mammoth, gigantic, huge, swollen, bloated mass of beef served greasily to me between the two unfortunate slices of bun forced to bear the weight of this thing. To make matters worse (or better, depending on one's POV), I had an additional patty, avocado and bacon added to the behemoth. \n\nThe ride back to the hotel was arduous. The aroma of the fried beast filled the car, beckoning to my hunger to stagger at the next red light and take a large bite from this beefy buffet. Wisdom prevailed, however, as I knew that once the beast was unleashed, it would go neither quietly nor cleanly back into its now saturated paper encasing. Must hurry. \nBarely, but successfully, I transported the package to my room, bag intact, where it was stripped down to its full, naked, delicious elegance. At last, we are alone, you and I. Come. \n\nWith all my hunger, I was still not able to finish. \""Fatt\"" does NOT accurately describe the girth of this burger. Try as I might, a happy plate (bag rather) was not to be. Stomach capacity exceeded. Digestion activated. Food coma eminent. Not to worry. With a refrigerator and microwave readily available, we shall meet again very soon. Abdominal pain setting in. Oh Lord, please let me make it thru the night. \n\nIf you find yourself in Vegas, be sure to treat yourself to a Fattburger. I warn you, though. Do not underestimate this sandwich, for it is Fatter than its Fatt namesake. Also, I don't recommend more than one within a six month period. Your heart and grandkids will thank you. \n\n\""S\""","positive"
"99","restaurants","restaurants Ah Fameux. So reliable for the late night poutine, especially gratin\u00e9 style where they take your poutine and put it in the oven and make the cheese all crispy and gooey and magique. This place has been in the same Greek family for 3+ generations, and they serve up a big menu of Quebecois fast food diner eats with speed and a sense of humour. Brown wooden booths, windows on Mount Royal and St Denis, a limited bar with just enough options to do you damage. The Star Burger comes with an onion ring and curd cheese and might give you a heart attack, but at least you'll die happy.","positive"
"100","movies","movies the entire movie is filled with deja vu moments .","negative"
"101","restaurants","restaurants I'm shocked about all the 4/5 star reviews here... unless the owner only treated me like crap.  I got a Groupon a while back and my bad, I let it expire.  I went to Hobe to at least use it for the face value of what I paid, and the owner told me I couldn't do that unless I spend another $50 there.  WHAAAAT?  I was forced to spend more money to redeem the money that I spend there?  I then told him of Groupon's policy that the money I spent on the voucher shouldn't expire, nor should I be forced to buy more stuff from him.  He then simply said, I can't use it.  Feeling piiiissed as hell, I still bought stuff.  Honestly, their stuff is so expensive, spending $50 there is nothing.  THEN he proceeded to tell me I can only pick from a small section of meats (the cheaper stuff) for my Groupon face value amount.  That was never stated on the Groupon.. but I figured at this point, there was no way he was going to do anything to accommodate me, the customer.  I am seriously shocked no one has experienced this but me.  But I ate the meat, it was decent.  Wasn't earth shattering.  Anyhooo, NEVER am I coming back to this place just because of his shady business practices.","negative"
"102","tweets","tweets Zarry :)  1st day of WWAT  vs  Last day of WWAT  #EMABiggestFans1D","positive"
"103","restaurants","restaurants Absolute magic. The best show I've seen in Vegas.\n\nI don't know how anyone could not like this show unless they are too stupid to understand a fully unsubtle plot.","negative"
"104","restaurants","restaurants I was pretty stoked to learn this place actually has private rooms.  It was a relief knowing that I would not have to down 5 shots of Patron before getting comfortable with the crowd (my group). They had a huge binder full of Spanish classics, which is a huge PLUS! Except, the videos playing on the screens were all Korean videos with no relation whatsoever to music that was playing :-/\n\nThe ladies room was a pain in the rear to access. They have 3 stalls and bathroom is tiny! I was there on a Friday night and line was out the door. Sucked it up and just hoped my bladder would not rupture! \n\nOverall, had a blast! Can't wait to go back but next time with the fam!","positive"
"105","tweets","tweets @user which men's match do you think they will play on the Wednesday night slot?  Federer, Djokovic, or Murray!?""","neutral"
"106","restaurants","restaurants Tried this place a few times and each time I say I'm going to order the french toast but always get lured away but something that involves eggs. Guess it gives me an excuse to go back - I will get that custard battered french toast sooner or later. \n\nThe food is good. The prices are reasonable. The staff is quick and friendly. You get in and out faster than you would expect when you see the mob hanging around the hostess' stand, but you don't feel rushed to give up your tables. \n\nThey're in a location that has been several other restaurants before this, so I hope they have the right combination to appeal to a steady breakfast/lunch crowd.\n\nBTW, I'd probably give them four stars but their ice tea is lousy. Yuck.","neutral"
"107","movies","movies two weeks notice has appeal beyond being a sandra bullock vehicle or a standard romantic comedy .","negative"
"108","tweets","tweets ""\""""""""Music of the Sun\""""""""\u002c \""""""""A Girl Like Me\""""""""\u002c \""""""""Good Girl Gone Bad\""""""""\u002c \""""""""Rated R\""""""""\u002c \""""""""Loud\""""""""\u002c \""""""""Talk That Talk\"""""""". > > > > > > > >""","neutral"
"109","tweets","tweets Stop what you're doing. Sharknado is on syfy channel. And Sharknado 3 premieres tomorrow night. Life is good","positive"
"110","restaurants","restaurants Unbelievable . MUST TRY. Great service and better food","positive"
"111","tweets","tweets In his session at the 11th International Cloud Expo\u002c Ronald Bradford\u002c Founder & CEO of Effective MySQL\u002c will dis...","neutral"
"112","restaurants","restaurants I've been here a few times before and thought it was decent. A friend is moving out of state and we were gathering for a good bye party for her. I worked a very long day but made a special effort to get to the party at OP. I did have my 2 yr old tot on my hip as I didn't get to see him since he woke up this morning and his bedtime wasn't far off, so I didn't want leave him with a sitter and therefore not see him at all. I wasn't planning on staying long. When I asked the hostess about the party that I knew was already seated, she informed me I couldn't go in since I had my son. She said they have a strict no one under 21 policy at all hours. I read a review from January that mentioned  kids, and they don't say that on their website, but ok. I explained the situation, and asked her if I might just visit the table to drop off the card and let my friend know that I couldn't stay. She said no. No offer to take the card in for me, no offer to let my friends know that I was outside and not allowed in, just simply no. And so, that will be my last visit there.","negative"
"113","tweets","tweets Carly fiorina may try to get sympathy votes from women by using the cancer card. #FeelTheBern #Bernie2016","positive"
"114","tweets","tweets @user @user at least Dustin Johnson knows how to party which is why I'm guessing he falls apart by Sunday after his weekend out","neutral"
"115","restaurants","restaurants LOVED IT!!! The flavors are awesome. With my favorite mix being:\nCoconut+Strawberry+Apricot Tart+Fresh Strawberries+Nila Waffers= Deliciousness. \nPricing is great as well, staff is friendly and place is clean.","positive"
"116","restaurants","restaurants Great customer service.... Food was ok had only two shrimp in my seafood soup lolzz dissapointing not worth 9.50...ill drive extra mile for Pho Thanh...Never again cheat on my Pho Thanh the best in phoenix with amazing price with more meat, veggies, shrimp, and a yummy broth...sorry to say I wont be back...","positive"
"117","restaurants","restaurants I've been to a couple of fine dining restaurants now, and this is by far, hands down, the best place I have ever been. The food is delicious, the service is spectacular, and the atmosphere is indescribably magical. The servers are very knowledgeable about the dishes' presentation and the chef's intended experience for eating each course. Furthermore, they are very attentive without being intrusive. Words cannot fully describe how much I love this place. Unfortunately, every restaurant after this will be compared to Le Cirque for their amazing food and impeccable service... \n\nThis review was originally made for my first visit in July 2013. I went again recently for Valentine's Day 2014 - again, spectacular service. The restaurant was EXTREMELY busy; however, the servers were still pleasant and when they came to our table, they gave us their full attention. I was pleasantly surprised that our previous waiters even remembered us and where we sat during our first visit! Although the dining experience was not as delightful due to the bustling environment, I still thoroughly enjoyed my visit as the food quality was magnificent, unaffected by the drastic increase of demand to produce each dish. I cannot say enough good things about this restaurant - I'm in love.","positive"
"118","restaurants","restaurants Great Food served fast and cheerfully on a Sunday night in a town that pretty much rolls up the sidewalks at dusk.\nAlright, that's not very fair to Phoenix, I'm sure there is plenty to do in the wee hours of the night if you know where to look and I don't.\nFortunately I noticed Two Hippies Beach House yesterday night and remembered it tonight when I wanted some good food, fast and cheap and fun.\nThe prices are a solid value, four tacos, chips and salsa, mango lemonade and a bottled water, all for under $14. Plenty of food for two and very filling. Unfortunately they take cash only. Fortunately they have an ATM with a very reasonable dollar fifty service charge right in the building. \nDecor and atmosphere is fun and laid back. Outdoor seating is varied and if you can't find a comfy spot to sit and enjoy your food you are way to demanding.\nFour tacos, one Green Beef, one Cactus, one Chicken, and one Carne Asada, were all very tasty. I opted out of the cabbage they use in leu of lettuce (crispness factor) out of consideration for my somewhat picky tummy. The Carne Asada had some gristly and fatty pieces and was overly peppery but still palatable. The green salsa could use a bit more kick. And the chips were fine, nothing to write home about.\nHad a chance to speak with the owner since we closed the place down. Mo is a terrific guy who is more than happy to answer questions about his suppliers and general business philosophy as well as his life, family, hobbies and interests. We very much enjoyed talking with him and will check out the other restaurants in the group.","positive"
"119","tweets","tweets #GIF | Niall hitting Harry in the balls last night (and was bent over for quite a while after it!) (September 1)","neutral"
"120","restaurants","restaurants Busy, but the line moves fast. That seems to be a standard at Chipotle. However, I have to admit I love the food. I have never had a bad burrito/bowl and, it is always fresh. The amount of food is enough to fill you up with out the chips, but I always have to order them. There is something about the chips... a hint of lime, I think. The staff is very knowledgable and will answer all your questions.","positive"
"121","movies","movies a blair witch - style adventure that plays like a bad soap opera , with passable performances from everyone in the cast .","negative"
"122","restaurants","restaurants I can't vouch for the rooms but this place has definitely cleaned up from its Aladdin days! There were crystal chandeliers everywhere and mood lighting! I think they even splurged and replaced the carpets.\n\nEmbarassingly to say, my favorite part of the casino was the Pleasure Pit... they had two hot dancers and a bunch of dealers wearing corsets and garters dealing... Wow....\n\nMinus two stars for how annoyingly far it was to get from the parking structure to the center of the hotel. Yes. I love shopping. But I am not fond of walking through half the darned mall in order to get my fix at the buffet. Seriously, if I was staying here and had to manuever my luggage through these shopping crowds, I'd go bonkers.","positive"
"123","restaurants","restaurants This review is based on having the lunch buffet which is available on weekdays for $10.99. Long story short, I wouldn't recommend this place for lunch or for the buffet because not only was the food meh but the service was horrendous.\n\nWhen we got there, the host asked how many were in our party to be seated. We told them that our friends were already here and asked if they minded if we took a quick peek around the corner to see if they were seated already. The host said no problem and we walked past him. After looking for about 5-10 seconds, he walks back in front of us and says \""maybe they're not here yet\"", as if to call us liars and try to seat us anyways. We walked back towards to entrance to call our friends to see where they were. The host follows us around the whole time as if we're not allowed to walk freely in the lobby. He continued to challenge us even after I told him nicely that our friends had texted us that they were seated somewhere inside before we even walked in. We eventually found our party, which had been seated towards the back. We ignored the host and just made our way towards them. \n\nAfter being seated it was impossible to get someone to stop at our table to ask questions about the buffet and menu. I thought about ordering off the menu,but my group wanted to go for the buffet, so I thought why not? Once we started eating, the only time we saw a server was when we needed refills on water and soda. No one ever stopped by to ask us how we were doing or took our plates. I even grabbed some plates and threw them on an empty bar where nobody was sitting because they were piling up. I also had to get up and grab my own sauces and napkins from the waiters' supply corner...no customer service whatsoever, but this is an Asian restaurant so who knows if they even care. There was also not very many people there for the noon lunch hour compared to what you would expect when experiencing a lapse in service. Maybe 2/3 of the restaurant was full if even. Had the restaurant been completely full, I would've taken that into account. There was also some confusion when we were paying our bill so it seems like the hostess' don't know what they're doing either.\n\nThe buffet featured items such as chow mein, pad thai, garlic wings, mint chicken and other typical buffet foods. The selection was small as there were only 2 tables worth of food. Most of the food was bland (pad thai especially) and some of the fried items were 90% dough and not much filler (egg rolls, fried banana are examples). The only thing that I really ate more than a couple bites of was the chow mein and garlic wings...show I really just filled up on wings. Not really what you would expect at a Thai restaurant.\n\nWhile I was eating, I was already thinking about how I was going to word this review because I was unhappy the entire meal. Keeping in mind that it was only the buffet that we had, makes me want to go back and try ordering items from their menu. However, the service was a real turn off and I've had better service at fast food joints than what I had today at Lotus. I doubt we'd be back in the future. Not sure how this place got their Zagat rating because I'm pretty sure service counts for something.","negative"
"124","restaurants","restaurants The Paris Hotel and Casino is now the best representation of the Parisian neighborhood of Belleville, including the grime, dirt and the old prostitutes dressed like Britney Spears. Bring hand sanitizer...\n\nThe place was run down, dirty and the hallways were disastrous. Doors with giant scuff marks and the smell of trash and old food every time you walked through them. The registration process was slow, with long lines and uncomfortable, as the woman who checked us in talked to us like we were toddlers during class. When we asked for an additional card she lectured us about not putting our cards near our cell phones, when we just needed a card for the second guest. \n\nThe room was ugly and old, no extra covers even in the middle of winter. The view was an old parking lot. Needless to say, I do not recommend this place to anyone and will never stay here again. \n\nNow to top things off, they double charged us. They charged both our credit cards the same amount and now I have the hassle of having to call the accounting department to sort this out. \n\nThe WIFI is not free, welcome back to 2005. Neither is the gym, or anything for that matter. Just a cheap, run down and ugly sight. Just like the registration desk staff.","negative"
"125","restaurants","restaurants There is no better way to spend a beautiful Sunday morning in March than sitting outside in the shade eating good food in a lovely atmosphere.This place is so fun! I even like using the restroom, it's a treat in itself. However it wasn't as clean as I'd hoped but the place was so busy I'll let them slide on that one. My family ordered the March special, all the items featured on \""Diners, Drive-ins, and Dives\"" for $31, it was so much food and very good. Loved the onion rings. I will try the date shake next time.","positive"
"126","tweets","tweets @user @user Happy Sunday. I hope all is well. Question: Do you find it as eerie as I do Frank Gifford died the same (more)","positive"
"127","restaurants","restaurants just like everyone says these people dont have any type of people skills. the main guy behind the counter was so mean i almost wanted to leave. while me and my friends were waiting i asked a tattoo artist about her lip ring (since i was getting my lip pierced) and she said with an attitude \""they can help u in the front. BITCH i wanted to know about urs not the shit they saling. the guy that did the actual job name was Jessee and he was hella kool and made me feel comfortable. but other then him. these mofo's suck!","negative"
"128","tweets","tweets ""Confirmed: Sam Smith is Doing the James Bond """"Spectre"""" Theme Song (And We'll Hear it Tuesday Morning):","neutral"
"129","tweets","tweets Still can't ever figure out how Kim Kardashian's face works how's your Sunday going","neutral"
"130","tweets","tweets Happy to see cogent views from most of the section of society. Yakub was a terrorist. Capital punishment may be a...","positive"
"131","restaurants","restaurants I was initially a little intimidated by the super reflective front windows and lack of a clear entrance (it's in the back), but once I stepped inside Harley's I knew I had made a good eating choice. The vibe is dressy meets casual - sound like an oxymoron? I know, but it's true. You can wear jeans, but maybe toss on a nicer shirt if it is close to dinner time. More of a lunch crowd? Don't stress over what you are wearing too much. It is not the Olive Garden - thank baby Jesus - but you can still be casual. \n\nThe food has a home cooked feel. Nothing is super fancy, but nothing tastes pre-made either. The marinara is flavorful, the bread is delish, the pasta tastes fresh and well-cooked. The staff is friendly, but perhaps they have a frequent turnover as the service is a bit unpredictable (sometimes it's a bit slow, but the people are always kind). \n\nAll in all - if you want unbelievable cuisine, maybe go a little more fancy. But, if you are looking for well made, tasty, neighborhood Italian food - this is the place for you!","neutral"
"132","tweets","tweets Secret Service was at my house for Hillary's visit tomorrow. Quote of the day from one: ""If you see the Agents start to run - you run too"".","neutral"
"133","tweets","tweets ""AFC's top running backs to meet on Monday night football: Arian Foster and Le'Veon Bell are the ... #NFL, #Texans""","neutral"
"134","movies","movies he does n't , however , deliver nearly enough of the show 's trademark style and flash .","negative"
"135","tweets","tweets Anyway\u002c I\u2019ll be looking the other way tonight. As you may have guessed\u002c I\u2019m going to a Halloween party as Joe Paterno.","neutral"
"136","restaurants","restaurants If u like authenticed northern chinese food then this is for u. Trust me I was born and raised in that region of China.","positive"
"137","restaurants","restaurants Let me start by saying the bar tender that night was a hairy Gash. She treated me with disrespect and my party I was with also. I was there to play a gig that night, so I was drinking water. I had asked her in-between sets to refill my Pitcher with Ice and Water and each time she got more annoyed with me drinking water, or putting her out-how dare she do her job.\n\nThe stage is adequate for a four piece band. Storm was in charge of the sound system and he dialed EVERYTHING in perfectly (Thanks Storm).\n\nWe got there early before folks started showing up so we could sound check. There's a lounge lizard with an Amazing rack, slamming body. But she's a hooker, and her pimp was sitting at the back of the bar, and jaw wagging with \""The Gash\"" all night.\n\nThe hooker made her way around all of my crew, and our Girlfriends begging for money, begging for drinks. She fell to the ground at least 4 times while just walking around. Her F'me pumps I guess were too much for her, she's better off staying on her back.\n\nOur roadie was cornered in the bathroom by the \""Pimp\"" and was told he will buy some coke off of him, my roadie just pushed past him and told the pimp to eat a fat one.\n\nI walked into the bathroom earlier and witnessed the \""Pimp\"" cutting up some coke for a dude that was in there with them, they were cutting it up on the sink! YUK!\n\nThey were not startled or shocked by my entrance and disturbing their transaction. They both looked up at me, then went back to business. Needless to say I had to go back on stage with dirty dick hands because the sink was \""in use\""\n\nAbout half way through the night Phoenix PD stormed in and the pimp ran out through the kitchen, yes I saw the pimp jet, and I personally directed Phoenix's finest after this scumbag.\n\nThey want you to sell tickets to your followers, we don't charge our fans or friends to come watch us. So needless to say we put on a wicked kick ass show, and we were paid $25. This place rapes its bands, bar tender was a rotten Gash. Can't really knock the interior, it's a dive bar ran by a Dumpster diving Gash.","negative"
"138","tweets","tweets ""Fresh off its own ballistic missile test, Iran says the US violated the nuclear deal by... changing visa rules?","neutral"
"139","tweets","tweets ""Talking books with my 5th grade niece at our family Christmas She's a dystopian fantasy, Twilight girl. Must have learned from @user","positive"
"140","restaurants","restaurants Vince, the New Manager made it right. In short, I purchased a new tire 2 years ago, for my hot rod and put less than 3k miles on it before it went bad.  Defective tire. The two previous managers did nothing and soon 5 months went bye. Then a real professional showed up. Vince. In less than one day of speaking with him, he was able to get it figured out and he replaced my tire with a brand new one. all I paid was tax. Thank you Vince. Because of this, i will recommend friends and family. Frank k.","positive"
"141","restaurants","restaurants Terrible customer service!!!!!!!!!! The owner is a jerk! I bought a groupon for my mom and I for mothers day and was not able to schedule an appointment for six weeks! on top of that I called several times to schedule an appointment never getting a call back and had to physically go in to schedule the appointments. I recently started a new job and had to cancel the one appointment for myself, and when my mom went in for hers he cancelled her appointment too. He was being very argumentative saying that I cancelled both, which I did not I only gave him my name when cancelling the appointment. He then refused to let us reschedule another appointment.","negative"
"142","tweets","tweets Two of the guys on our day out at Lechlade last Monday 17.12.12","neutral"
"143","restaurants","restaurants I am dreaming of the Red Jade Chicken and the snicker doodle was heaven on earth. Truly one of the more eclectic dining experiences I've ever had, and I can't wait to go back for more.","positive"
"144","restaurants","restaurants Overall, this place is pretty good.  The price is a bit high, but I enjoyed the fried chicken and chicken fried steak that I had here.  On the down side, the black eyed peas tasted like the canned variety and I felt the cornbread was a tad too dry.  I would also avoid this place on a busy day - fresh fried food takes awhile.\n\nI think Lolo's and Golden Rule are run by the same family (or are related somehow) and the two are quite similar. In my opinion Lolo is a full star better though, and if you are reading Yelp to decide between the two then I would recommend passing on Golden Rule.","neutral"
"145","tweets","tweets David Cameron said the U.K. would take in thousands more Syrian refugees, by @user |","neutral"
"146","tweets","tweets Bucs play pats tonight let's go Tampa bay!","positive"
"147","restaurants","restaurants Lemme just preface by saying that ME and KARAOKE = LOVE!!\n\nCame here on a Wednesday night and it was $15 hour. SCORE!!! They didn't ask for a drink minimum, which is great! Though I was a bit disappointed that there wasn't a broader non-alcoholic drink menu. I know, I know...how does one sing karaoke without singing? Trust me, it can be done!!\n\nThe song selections, while fairly up-to-date, don't have the original music videos, but rather, Korean actors/actresses trying to dance/walk/sing/(insert verb choice) to the song. Still, a fabulous time was had by all and I would go back in a heartbeat if ever in town!!\n\nIt is located next to the Tea Station in Chinatown on a busy street so it was easy to locate and only a $8 (incl. tip) cab ride from the Palazzo. Oh, and the employees were kind and attentive! That never hurts!!","positive"
"148","restaurants","restaurants God I love getting stuff in the mail, it's like Christmas, isn't it?  Especially when it's something good.  Belgian milk chocolate truffles, a shiny Luger, a diamond necklace, XXXL vibrators...who knows what could be in that box??  Well, I know what was in the box, but I'm not telling.  Anyway, so there I was, desperately awaiting my package from Amazon.  I was perched in an extremely comfortable armchair, waiting for the sweet sweet sound of the leaves crunching under the feet of the mail carrier guy walking to my door, carrying my package.  Except the sound never came.  And neither did my vi....err, package.  \n\nAt some point that evening I started becoming seriously irritated over the case of the Mysteriously Never-Delivered Package.  It seemed really odd that the FedEx guy wouldn't have shown up when I'd paid for 2 day shipping.  That's when I discovered according to the tracking, my order was actually shipped via ONTRAC, aka the shadiest package delivering service in existence. \n\nAccording to OnTrac, my package was delivered around 1:00pm.  Now since I'm not deaf and I was home at the time it was supposedly delivered, it stretches my credulity to believe that I could have somehow missed someone knocking on the fucking door.  The door like 10 feet away from that oh-so-comfortable armchair.  Not only did no one knock, but there wasn't even a NOTE left saying they'd been by.  \n\nThe bottom line is, it's their responsibility to make sure a package reaches its destination.  They failed.  This company really needs to look into their internal policies and their employees. Whatever the problem is, it's some seriously shady shit going on.  I for one will not be waiting to find out if their services improve, because I'm canceling my Amazon Prime membership.  I'm not willing to deal with the headache their shoddy services caused a second time.  Once was quite enough.","negative"
"149","restaurants","restaurants First time at this WaffleS. I usually drop into the one on Fort Apache and Trop but was meeting a friend for lunch. Ordered the usual: breakfast sandwich special with chips and a drink.\n\nBreakfast sandwich is still amazing. I could eat that everyday. Still holding back on that 5th star due to the fact that they still don't have any other options except potato chips as a side. I want hash browns or tater tots or something!\n\nAnyway, the moral of my story is that you should go here and eat a breakfast waffle sandwich. I haven't had anything else yet. The service at this location was friendly as well.","positive"
"150","tweets","tweets I'm going to take it one step further tomorrow as the next David Beckham.","neutral"
"151","restaurants","restaurants We loved Sushi Samba food was great the bartenders recommendation was on point!!!! Mari & Megan are a great team ... Great experience also Isabella was awesome!!!!","positive"
"152","restaurants","restaurants I showed up with my laptop. Bought breakfast and coffee, left a 70% tip and sat down to work. Opened my laptop but couldn't connect...then an employee told me, \""Oh yeah, Macs don't work here.\"" ...Really?! Maybe you could put a sign on the door so I don't waste my money here. Too bad--the place has nice ambience. But I have to say the food is fantastically mediocre.","negative"
"153","restaurants","restaurants Oooooh Monta. Why does your restaurant have to be the size of my closet and your service atrocious so I have to give you 4 stars instead of 5?  I really like their ramen.  I repeat, I REALLY like their ramen.  But man, everything else is annoying. \n\nI came here with a group of 5 once (all newcomers so I was trying to show off the place).  Luckily, we showed up right when they opened so we got seated right away.  We were all squished on a table that clearly should have supported only 4 full grown adults.  But the ramen is so tender, the broth so hearty and flavorful, and the boiled egg and yolk so delicious.\n\nOn another occasion, I came here for dinner with 1 other person and ended up waiting about 1.5 hours because the place is so darn busy and there aren't enough seats.  I kid you not.  Several times we thought about leaving but couldn't come up with an alternative ramen joint that was remotely as good.  It's absolute cruelty.\n\nAlso, they don't seat you unless your entire party is there.  And I wouldn't recommend going with a party bigger than 4 or it's almost impossible to find somewhere to sit.  While their ramen is super delicious, they really need to move to a bigger location and give their staff some customer service classes.","positive"
"154","restaurants","restaurants I'm really confused about all the rave reviews for this place.  We went last night based on a neighbor's recommendation and the yelp reviews. \n\nWe ordered 3 siciliana pizzas, and all three were completely charred black on the bottom.  All had a charred chemical taste to the pizza.  The pizza oven at the back had smoke coming out of it.  I've been to wood oven pizza places before, and never experienced anything like it?\n\nWe asked the staff about this, and the teenage \""chef\"" at the oven rudely stated that that was how the oven made them and nobody else had ever complained.  Whoever owns this restaurant should be ashamed.","negative"
"155","movies","movies the cast delivers without sham the raw-nerved story .","positive"
"156","restaurants","restaurants Ordered the hot wings twice and both times they came with feathers, asked for the manager and the manager apologized only once and said it happens from time to time ( if this has been happening don't you think it should be fixed by now) Our food was brought out 30 minutes after and by that time everyone at our table food was already cold and most of us lost our appetite. The manager never came back to check on the food, the food runner had an attitude and the sever spent more time flirting with the table next to us than checking up on our returned food, the only thing good during my visit was our drinks. We frequently go to the Hooters in Anaheim, CA and we have never had something like this happen to us or received such unprofessional service.","negative"
"157","restaurants","restaurants After changing locations from 59th and Bell Rd, the pizza has gone down in quality.  It's now nothing more special than any other pizza.  The wings are okay, though nothing to yelp about.  The new location seems to be an improvement over the old one seeing as you couldn't see it off of Bell without really having to stop and look.","negative"
"158","restaurants","restaurants First time having fish and chips in years, gotta say brought back great memories. \n\nHaddock with chips for just over $5 which was a great deal! \n- The fish was perfectly fried and didn't leave a greasy aftertaste.\n- The chips were just crispy on the outside and very light and fluffy on the inside.\n\nThe bonus of the loyalty card is awesome, only negative with it is the expiry date that is on the card given that I do not go to waterloo often enough to hit the 10 stamps needed.\n\nOverall, the rating would be a 3.5, I loved the flash back to my fried fish eating days. The environment is very relaxed with the feel of a laid back urban loft. I would have given a 4, but the expiry date of the loyalty card drops 0.5 stars.","positive"
"159","restaurants","restaurants The place is an absolute trainwreck. And here's why: The night started with a 35 minute wait in line, while tight shirted MMA wannabes paid the \""VIP\"" doorman to let them and their 30 closest friends in before us. We were in line so long that people in front of us bailed and it seemed like every person leaving was yelling to those of us in line about how horrid the scene was inside.\nBut we decided to stay because we had always enjoyed the one in north Scottsdale. Bad idea. \nOnce we finally got up to the doorman, he gave us the \""whatever\"" distant stare and held his hand up in a \""I'm holding an ID\"" move. No hello, or welcome to sandbar. Then they charged us $5, which would be fine if the girl collecting the cash wasn't also cold and unattentive. \nBut whatever, we're in let's have some fun! Wrong. \nThe bar was busy but not packed, making us pretty angry that we were in line so long. But still we couldn't get a drink. We flagged down 3 different bartenders (who all had the exact same huge upper bodies, tiny legs and spiky hair) until the ONE person there doing their job approached us. It was a small female bartender who was sweating and sprinting around the bar while her male counterparts sat around discussing the merits of the Jersey Shore and spray on tans. \nWe had a drink and walked around. The ambience is dull and unimpressive, the bouncers were all busy talking to girls, the interior has super low celings and tiny booths, the outside looks like you're at a bar in Rocky Point that was half built but opened anyways. \nThe crowd was pretty awful too. Lots of bumping with no \""excuse me\"", tons of way too drunk people and very, very poor on the guy to girl ratio. \nAfter a failed attempt to get another drink, we left the bar, confident that not only will we not return to this poorly designed, awfully mismanaged bar, but we will avoid the other sandbars at all times as well. \nSorry to be a downer, I was anticipating a really fun night at a new place, and it ended up just being a complete waste of our time.","negative"
"160","tweets","tweets ""Cool #cdnpoli RT@angelpike: Call the hospital in Iqaluit & press 2 for English. Experience an aboriginal language as 1st choice\""""""""""","neutral"
"161","tweets","tweets watching Kung Fu Panda 2 with the tribe & the nieces...a mellow evening","positive"
"162","restaurants","restaurants While celebrating a bachelor party in Montreal, a friend of ours had heard that Tokyo was supposed to be a pretty cool place to go.  Apparently getting there at 10:30 isn't the cool thing to do, but we had been drinking a while and really just wanted to hit it up and check it out.\n\nAfter paying the five dollar cover, when all we wanted to do was get one drink and hop... we decided to fill the dance floor, with chairs.  We had 11 guys, so each of us took a bar stool and headed to the dance floor... where we proceeded to get down and boogie with the chair.  The bouncers didn't think this was funny... thus we were thrown out.  We never got a drink... and we left the chairs.\n\nTwo hours later when we passed the place... there was a long line.  Apparently it's \""cool\""...","negative"
"163","restaurants","restaurants This is a charming classic American diner. We went to get ice cream and sat at the bar. The soda jerks worked furiously and enthusiastically to serve customers. Unfortunately, other members of the staff were none too interested in their jobs, including the ones who stood around chatting and ignored me at the register as I waited to pay. it's nothing fancy, but a decent place to stop for a classic feel and traditional scoop of ice cream. Based on the staff attitude outside of those at the bar, I suspect the table dining experience would not be as pleasant.","negative"
"164","tweets","tweets AMintheAM #GOP2016 - Loser of the Week  Rick Perry : Not paying staff + polling at 1% or less = 1st to drop out?","negative"
"165","tweets","tweets Coach Quesada at 1st getting a little air time on MLB Network with some guy named David Wright....! #flcbaseball","neutral"
"166","restaurants","restaurants Myself & family had horrible experience at this establishment. Bad service's not enough waiter/waitress. The food is no where nearly as good as Tempe location. This place is mostly enjoyed by non-locals that don't know Mexican Food. The employees pay better attention to non-locals (folks that are staying at The Point). I rather go to Tempe location which is much better. Never coming back to this establishment. Not recommended.","negative"
"167","movies","movies 77 minutes of pokemon may not last 4ever , it just seems like it does .","negative"
"168","restaurants","restaurants It's a nice store but I think the employees need to go through a bit more training because they can be extremely rude and inappropriate. Also, is there really no place for the employees to go smoke but right out front where people are walking to their cars? I feel like I have to make a mad dash for my car so my son isn't exposed to the thick clouds of smoke we have to walk through!","negative"
"169","tweets","tweets ""Ruto should declare tomorrow a holiday ya kuwelcome kamwana, after all how will we remember he was in-charge for 2days""","neutral"
"170","restaurants","restaurants Good food located in a good area. The crowd is great food is americanized Japanese","positive"
"171","tweets","tweets @user As our CS team have explained the last shipping date for delivery to Saudi Arabia was December 3rd","neutral"
"172","tweets","tweets So proud of @user for the huge upset against Maryland. Time for us to do the same tomorrow night #godeacs","positive"
"173","tweets","tweets @user Italy miss you :) x come back as soon as March to Milan! We are waiting only you and @user","neutral"
"174","restaurants","restaurants Had high expectations for this place and was pretty disappointed.  We came in for lunch and each ordered the shrimp po' boy.  We were definitely underwhelmed.  It was nothing compared to the shrimp po' boy from Brenda's French Soul Food in San Francisco.  Totally flavorless and I had to force myself to finish it.  Had the white chocolate malasadas and was expecting to be blown away but they were just ok.  The good thing was that the wait staff helping us were very helpful and on top of it with everything.  Glad to say that I tried it but I have no plans on coming back.","neutral"
"175","tweets","tweets Rams call timeout with 1:04 left in the 1st. Marshall pushes lead to 41-26","neutral"
"176","tweets","tweets ""Dear Coach Sidney Crosby, can you please schedule a skate at Southpointe for a Saturday or Sunday, sometime? Pretty please?""","neutral"
"177","tweets","tweets ""Who is the 6'4"""" guard from Yelm that dropped 44 in the Curtis jamboree Monday night?""","neutral"
"178","tweets","tweets I like Meek Mills when he raps because he talks like a handicapped 4th grader...how do he and Nicki hold conversations???","neutral"
"179","restaurants","restaurants This is an amazing establishment with some of the most customer service oriented staff I have ever came across.. Roberto Liendo is the GM and he made this dining experience one to truly remember!! Deff recommend this place while in vegas","positive"
"180","tweets","tweets Join us at The Donkey Show at Adrienne Arsht Center for the Performing Arts THIS Friday! SAVE $5 OFF tickets to...","neutral"
"181","restaurants","restaurants This is the McDonald's on the corner of 19th ave and Bell Rd. \nEven remodeled, it still looks dirty. It has always looked dirty in the 10 years I have driven past it and occasionally gone inside. There are always some sketchy looking characters loitering around too.\n It's right next to and across from some of the busiest bus stops in town, so it does have the convenience factor.\nThe last time I got a Big Mac and fries, it was not fresh.\nI never thought I would say this, but if you want a better McDonald's, just go into Wal-Mart right behind and try their McDonald's.","negative"
"182","tweets","tweets ""The thing Siri says lol.... I'm going to sleep, I got a date with history tomorrow morning at 8 #MIDTERM""","positive"
"183","tweets","tweets @user  going sylvia park tomolols and den night market l8ter on that same day and then early bed and sunday idk aye?","neutral"
"184","tweets","tweets For all of you that havent already heard theres a car bash for DECA tomorrow. Bring a dollar and support WKHS and DECA #BeatLexington","positive"
"185","tweets","tweets The Ladykillers is to play the Theatre Royal in Glasgow after a critically acclaimed run in the West End. It will open on 19 Nov.","neutral"
"186","restaurants","restaurants Food is good,  might be very good.  But I'm not exactly young and I felt like the youngest person in the restaurant the night I went.  Just felt a bit out of place especially given Shadow Lounge and BRGR next door.  Overall I had a good time but won't exactly plan an evening around going to Spoon in the future.\n\nAnd I have to concur with other reviews about the biscuits!  Could see myself going back just for them. Yum.","positive"
"187","tweets","tweets Taking my kids to meet father Christmas tomorrow. Then it's off to Milan on Sunday to show the Italian press our amazing game. Magnifico!","positive"
"188","tweets","tweets @user May i have permission to use this photo of Messi holding the case I designed? Ta!","neutral"
"189","tweets","tweets ""Hats off to Paul Dunne there, played some great Golf today, deserves to be in the final grouping tomorrow. #TheOpen2015""","positive"
"190","tweets","tweets China renews Google's operating licence: China said Wednesday it had renewed Google's licence to operate in the ...","neutral"
"191","tweets","tweets "".@globeandmail, it's Jul 19th, 9:35 pm &amp; your app is showing a British Open story claiming Dustin Johnson as leader?","neutral"
"192","tweets","tweets Each of Yakub's family member will file mercy petitions at the gap of 13 days each.","neutral"
"193","restaurants","restaurants Service is terribly slow. Orders have never been correct. Manager Oscar is trained in a third world country. I have boycotted this location for the last year and I live and work within walking distance of this place. I'd much rather go out of my way and give my money to the Boca Park location.","negative"
"194","tweets","tweets ""Where the hell are the atheists? Oh, right. We're talking Islam here. They don't have the balls to say anything.","negative"
"195","restaurants","restaurants At first I was disappointed with Padre's menu.  I usually get tacos, rice, and beans, and they only had soft tacos.  But then I ventured out and got this amazing beef burrito that came with rice and beans.  Really glad I tried it.\n\nI was also pleased to see that they had Sol beer on the menu.  It is my favorite Mexican cerveza, and I usually can't find it in restaurants.","positive"
"196","restaurants","restaurants If you have been to a 5 and Diner then you know what it is all about.  Chain 50s menu.  Pretty crowded the food isn't bad.","neutral"
"197","tweets","tweets 11th 2001 Airline Hijackers were Muslims' Think of it: Buddhists living with Hindus = No Problem Hindus living with Christians = No (9/44)","negative"
"198","restaurants","restaurants For a superb nail tech, go see Kaitlyn @ Creating Magic.  She has done mani/pedi for me several times & does outstanding nail art-extremely creative! She's friendly-as is everyone @ this lovely shop. Give her a try - you won't regret it=)","positive"
"199","restaurants","restaurants The caf\u00e9 has a cozy and comfortable feeling. Inside and patio seating are available. The patio has heaters for the cool periods. \nPlace your orders at the counter and it will be delivered to your table. \nThe staff was friendly and there were plenty of servers delivering food and attending to cleaning the tables. Several times we were offered refills on the coffee. There was an attentive manager making the rounds checking on customers and thanking people for there patronage as they left the caf\u00e9.  A nice customer appreciation touch.  \nThe Southwest Wrap was delicious and plentiful. It comes with a choice of sides and I choose the mixed fruit bowl. A cup of salsa is also provided. The Southwest Breakfast Wrap contains eggs, chicken, spinach, mushrooms, roasted peppers, cheese and onion. Very tasty, especially with the salsa. Coffee was hot and tasty. \nAside from good food Leone Caf\u00e9 provides ample opportunity for people watching or just enjoying the beauty of Tivoli Village. A nice place to slow down.","positive"
"200","tweets","tweets Dana gets two false starts called on them trying to punt\u002c 3rd one gets returned to their 18. Laguna Hills scores with 30 sec left\u002c up 31-27","negative"
"201","restaurants","restaurants My comments are for the pick-up donation service.  We had done some research with several donation/community centers and decided to donate our furniture items to Salvation Army because they offered pick up service where they would come into to your home and pick up the furniture you were looking to donate.  All the other donation/community centers required that you move the pieces yourself in to your driveway, porch, garage for them to pick up.  \n\nI preferred that others do the heavy lifting if that was an option and it appeard that it was for the Salvation Army.  When I made the booking and looked on their website they appeard to take most types of furniture, so I requested a pick up for 2 dressers, nightstand, coffee table, 2 small side tables, dining table (with chairs), entertainment center, old tv, and corner desk unit.  I know, it's a ton of furniture!\n\nI scheduled the pick-up for about a week out which was the earliest they had.  They arrived in the morning and the 2 men that came were polite and mentioned that they had to take photos of the furniture to send to the dispatcher to see if they could accept it.  Ok...this is news to me, but fine - all the pieces were in working condition with normal wear and tear over the years.  \n\nHere's where my disappointment comes in - they only took the 2 small side tables and the tv!  They said that some of the pieces had water damage...what!?!?!  Water damage to me is rotten wood which is falling apart and maybe some mold thrown in there.  If they meant minor water/beverage stains on the coffee table and dining table?  Yes, we had some marks where people placed their glasses on the tables without a coaster.  The other pieces they said there were chips/dents to the wood...ummm, yes, to me this is normal wear and tear over the past several years.  All the pieces were in working condition...for goodness sake we were using them!  If they needed to be trashed we would have taken them out for garbage pick-up.  But they were all in usable and good condition...we felt like others who may be less fortunate could definitely get use out of these pieces!  \n\nThankfully, we were able to call Habitat for Humanity, we explained to them that the furniture wasn't in \""mint\"" condition and there was wear and tear, but they were happy to accept these items.  Only downside is that we do have to move the pieces out to the porch/garage for them to pick-up.  But hey if it means that others can make use of furniture that's still usable then I'm all for it!  \n\nAlso Salvation Army doesn't accept disassembled furniture...this would have been good to know b/c we had to disassemble the corner desk to get it out of the room to move it but they wouldn't accept it.  I wish that Salvation Army would have something on their website or send you information when you book a pick-up with their stringent criteria on furniture so that you know what to expect.","negative"
"202","restaurants","restaurants Whatever you do, WAIT in line, it's worth every expensive penny!","negative"
"203","restaurants","restaurants I've come here for extension and makeup services. Beautiful salon and great staff. Probably the best extensions on the strip.","positive"
"204","tweets","tweets may nabasa aq! I dunno if im going to believe it or not :/ ang sabe dito nasa hell daw si Pope John Paul II >:| ..","neutral"
"205","restaurants","restaurants Did you know \""reservations\"" are only able to be made at this location if you call 12-24 hours ahead? I was informed that this is the definition of \""reservations\"" - who knew?! I guess calling ahead even if there are tables at the time you want to arrive then it is just too bad. They must like people sitting in the entry area.","negative"
"206","restaurants","restaurants One star because I ate here and didn't die - actually only tried to eat it, really I had to throw most of it in the garbage. Why did I even try? Circumstances, I was famished and didn't have time to go elsewhere. \n\nI think it was BBQ pork and fries? not sure it tasted of ketchup and grease. Honestly I'd compare it to the greasy, stale food sold at third rate county fairs. \n\nCook out has been in business for 24 years with over 100 locations this sums it up: http://cookoutnc.com/index.php?action=nutrition  Coming soon??? Never. IOW marketing slop to people who don't know or care what they eat.","negative"
"207","restaurants","restaurants I've had excellent luck with the pizza from this place -- some of my favorite in Pittsburgh! Cheap beer on tap too.","positive"
"208","restaurants","restaurants I am late in writing this review, as it was about a year ago that I got my hair cut at Cinema.  My stylist was Shiloh, and though she seemed friendly and nodded along with the requests that I made, I ended up very unhappy with the cut.  It was noticeably lopsided (I must have missed it at the salon, maybe because of how she'd styled it, but my roommate could see it as soon as I got home), and the layers were incredibly choppy and not well-blended (the one thing that I stressed as my pet peeve.)  To the salon's credit, I did not let them know that I was unhappy and did not give them a chance to fix it, which I probably should have. \n\nA few weeks later, I went to another salon not too far away and had a FAR superior experience.  While combing through my hair they concurred that the cut was sloppy, and gave me what I had been looking for in the first place.","negative"
"209","restaurants","restaurants Glad there here for my mom, that aside I can't stand to spend 25 bucks for salad that taste bland. Who ever designed the salad bar is an idiot  the middle row on the bar is to far in my mom couldn't reach anything and when I went to get it for her I smashed my face in the snot protector 5 times now I'm pissed off b4 I even payed. Then I'm told there's no ice in the soda machine and the ice machine in back is broken. Employees were great but I can make a better salad experince at home and for less money.","negative"
"210","tweets","tweets As good as David Price would have been imagine what the Yankees may have in Severino for the next 15-20 seasons... wow","positive"
"211","tweets","tweets ""Remember when u called plies a monkey? """"Or when u agreed Kendrick was the 2nd best rapper in the game but everyone else was the first?""""""","positive"
"212","tweets","tweets If you look up the definition of narcissism in the dictionary there's a picture of Kim Kardashian","neutral"
"213","restaurants","restaurants Spotted in due to flight delay. The big comfy brown lawyer seats is what attracted me in. I figured I could get some work done. I ordered a non fat vanilla iced tea. It was pretty good. I noticed the prices were a lil bit more expensive.","neutral"
"214","tweets","tweets Looks like Rick Perry may be the first out in the #GOP race.  He's out of money already!","negative"
"215","tweets","tweets Just got him tickets to the Knicks vs Celtics game on October 20 Lmfao how mad would he be ?","neutral"
"216","tweets","tweets USA Golf Today Bob Ryan: Tiger now a JAG (Just Another Guy): Bob Ryan of the 'Boston Globe' called Tiger Woods ...","neutral"
"217","tweets","tweets ""New Daily reported on the 5th that Lee Soo Man's wife passed away, succumbed to an illness.""","positive"
"218","tweets","tweets @user @user @user he has supported Islamic,IRA terror through out his whole 6th form teachers lefty lounge career""","negative"
"219","restaurants","restaurants Arriving in AZ, we and our friends headed to Carlsbad Tavern to have lunch with our daughter who lives in Mesa.  What a great choice to start the trip. The tavern is very cool with lots of Southwest/AZ hip decor. We were seated promptly outside on the patio right beside the beautiful water feature.  It was cool and comfortable. Our server was prompt and courteous.  Food and drinks were spot on.  We had a totally relaxing and enjoyable time at this restaurant and would recommend it to anyone.","positive"
"220","restaurants","restaurants From the moment the valet opens the car door this place is magical!  All of the staff is lovely and so helpful. \n\nI think the best part was entering the room the first time and the drapes opened and music came on!  Brilliant.  Or it could be the bench to sit while in the elevator!! \n\nThe Spa was amazing! Can not recommend enough in indulging yourself. \n\nThe view of the strip from the bar & tea lounge is amazing...\n\nCan't wait to come back to Vegas and stay here!!","positive"
"221","tweets","tweets Talk about illuminati! Kanye West for president? Please tell me we find out it was a PR stunt tomorrow..","neutral"
"222","restaurants","restaurants Called and made reservations requesting a window seat, and got it. The staff is attentive. I liked how they had a digital menu.\n\nWhile we were waiting we were offered 3 choices of bread. I had the french baguette. It was not warm. I expected better.\n\nI ordered the $135 tasting menu and the St. Andrews cocktail. My boyfriend ordered the lamb entree with the same drink. Our bill was $275. OMG! That's grocery money for almost a month, but we decided to splurge. It was the most expensive meal either of us had eaten. The experience was nice but definitely not something we would do often.\n\n\n\nNow on to the food. I am not used to eating like this and could not pronounce a lot of things on the menu. The waiters were helpful in describing what each item was. However I was disappointed in the overall taste of the food as well as the portion sizes. I expected more for the price.  The sauces were what made most of the food edible. Out of the seven dishes I had the lobster and the lamb were the tastiest.\n\nFor desert I had the chocolate souffle. I've never had it before and I would not have it again.\n\nAfter your meal they offer you sweets, which were all tasty.\n\nOverall I enjoyed the experience.","negative"
"223","restaurants","restaurants The free room comps have almost gone away..I'm losing faith in this hotel the more I stay..A so called upgrade to the elevator system was a nightmare! Took 20-30min to get to the casino/room..only gave it 3 stars because I liked the clean restrooms and the convenience of mc McDonalds downstairs..lol. Will not stay here again..sorry D..ya lost me.","negative"
"224","restaurants","restaurants I have been there twice now and both times were fantastic. The food is the best I have eaten in Las Vegas. I haven't had any issues with the wait staff. It was a slower Tuesday (?) evening and everyone was friendly and attentive. I am having my wedding reception here in May so they thought I wanted free food??  The female manager wasn't the nicest but I didn't really pay any attention to her. Live music was playing and the setting was very romantic. The crab cakes are simply fantastic. My fiance and I both loved our meals. No complaints here! \n\nYes, it is more expensive than the average meal in Las Vegas. Dinner for 2 was over $150.","positive"
"225","tweets","tweets Considering the size of our squad these days\u002c we could have done without extra time ahead of another trip to Tayside on Saturday. #hmfc","neutral"
"226","tweets","tweets If you have missed one of the many many many many FYI posts about this, the Apple event is HERE ---&gt;","positive"
"227","tweets","tweets @user Elimination Diet starts tomorrow don\u2019t you mean ;) #lean #vegvegveg!","negative"
"228","tweets","tweets ""It doesn't look good for the rest of the day. Rain coming down from Scotland. If you're going out today, wrap up","positive"
"229","movies","movies while puerile men dominate the story , the women shine .","negative"
"230","tweets","tweets The announcement ... was made on social media platform Google+ in April, with the news quickly spreading to other channels today.","neutral"
"231","restaurants","restaurants I can only imagine this goodness gets better when drunk, but for my hungover boyfriend and I, it cured all wounds.\n\nWe ordered a smorgasbord--more food than either of us should consume on a single day, probably. I with the cheese enchilada plate, and he with the carne asada wet burrito, and the both of us with carne asada street tacos and chips and cheese with guac. The guacamole was probably the least good part of the meal--the dreaded watery avocado paste--but the rest of the meal was delish.\n\nI had never been to any Roberto's--funny living in Vegas for a while and having lived in Southern California as well, but I enjoyed myself. It's interesting how accustomed I get to places like Chipotle and Cafe Rio and then once I get to a place like this, it's at once awesome and disappointing. I want queso! I want chunky avocados! But then I'm like, wait, this is better, actually, and probably with less terrifying ingredients. \n\nOpen 24 hours for all those drunken late night cravings!","positive"
"232","restaurants","restaurants We stopped here to pick up gift cards for teacher thank you gifts. After 20 minutes (and us calling back) they came out to tell us they were out of gift cards. I'm not sure why it took them 20 minutes to figure that out.\nI've also had experiances of broken stalls, and messed up orders at this location.\nWe are HUGE Sonic fans, especially to head up for happy hour right after I pick my girls up from school, but we now go out of our way to skip this location.","negative"
"233","restaurants","restaurants Good Food but well overprice. My dinner for two without any alcohol drinks $168 before tips. \nOnly 3 stars because the service was very poor once you denied wine or alcohol drinks.\nNot a restaurant for a family on a budget.\nI like drinking alcohol or wine you will receive the service ever, they will make sure you a have drink on your table before is finish. That will not be the case on non-alcohol drinks.\nThe mini tacos horrible and we'll overprice, don't order the mini tacos that their big money maker scam.\nI saw my waiter 3 times over the course of 55 minutes, 1st when took my order, 2nd time when he delivered my food and 3rd time when he delivered my bill. I was never ask if need it any refills but the other tables with wine and alcohol didn't have that problem.\nTaste of the food one star here because I ordered my meat we'll done and there was plenty of red blood all over my plate.\nHorrible experience for the price I paid.","negative"
"234","restaurants","restaurants Well, I almost hate to write this review update, but feel I must in hopes that the owners will read it and make an effort to resolve some of the issues and bring their restaurant back to what I consider to be a good eating experience. \n\nIt all starts with the food.  I don't know if they have changed cooks or if they are not storing fresh foods properly or what, but something has changed, and not for the good.  \n\nWe generally order the same dishes when we eat at Chang Lee's and so it is extremely easy to see, and smell, the difference in the food we are served.  Veggies are not fresh like they have been in the past.  This is not a good sign as fresh vegetables are key to an excellent tasting Oriental meal.  \n\nThe restaurant is also not as clean as it has been in the past.  It's almost like the family, complete with young children, have taken over the waiting area at the entrance to the restaurant.  Reminds me of when I was raising children and they would all walk in the front door and begin dropping their school bags, etc. on the dining room table and chairs.  The restaurants waiting area in the front now resembles a cluttered living room -- not very welcoming for restaurant customers!\n\nI will say, in the defense of the owners, that the construction that has been going on in the parking area adjacent to the restaurant, could have easily brought these negative changes on.  For months and months it was very difficult to get into the parking lot, much less find a place to park.  \n\nSince this restaurant is so close to home (two blocks away), I am hoping that the owners can realize that they need to \""clean-up and go back to truly fresh.\""   If they don't, I see how they will remain in business.","negative"
"235","restaurants","restaurants My food was good but my gf ordered an egg salad sandwich w pasta salad and was delivered a tuna salad sandwich with fresh fruit. When they fixed the mistake, there was eggshell in her sandwich. No bueno.","neutral"
"236","tweets","tweets Dont miss this Tonight and tomorrow!   BIG Day of the dead celebration!...","positive"
"237","restaurants","restaurants The other 1 star ratings on this place say it all.  This place is both unprofessional and inefficient.  Things no one appreciates: walking into their new rental home full of trash and broken things, being talked down to when they call to report a problem, and failure to address major issues (such as plumbing or safety issues) with homes....When you call you get lovely Kim who hates the world and everyone who talks to her, or Milena who couldn't care less about the quality of her work. This place is a real shame, and the saddest part is that the home owner of our property doesn't even get a real report about the actual state of her home (i.e. Serious water damage, etc...)  Definitely avoid working with this sad excuse for a business if at all possible.  There are much better options out there that will save you the headache, rude excuses, talking in circles, and unpleasant attitude and demeanor of this \""professional\"" establishment.","negative"
"238","restaurants","restaurants A lil shady on the pricing. Whats up with the tickets costing 30 dollars and having to pay a mandatory \""legacy pass\"" once you get to the skywalk. Thats another 40 dollars on top of the ticket. $70 dollars total to walk out a few feet and to walk back. I'd rather pay about the same or cheaper and go to an amusement park like disneyland.\n\nWhy can't they just say the tickets are $70 dollars? Why do they have to \""blend\"" the verbiage about the additional cost in the same color as the rest of the page? My guess would be so that people miss that note and is practically committed to paying that extra fee when they arrive after hours of driving. \n\nPS. on top of that you will need to pay 30 more if you want A picture taken on the skywalk.","negative"
"239","restaurants","restaurants The staff here seems to resent it when Thais come in. My wife is Thai. As soon as she entered she was met by a Thai staff member. She asked a question about a menu item. The responce was simply nasty & for no reason. \nWe told our friends we had taken there we wouldnt stay & we left. We will never return. There are many other places to go & several not to far from this joint. \nRead Gary Cs review before you waste money here.","negative"
"240","restaurants","restaurants In a year that has so far been defined by culinary episodes of grand disappointment, Gordon Bierch doesn't fail to fail - in fact, it just may be the king of the worst.\n\nA recent happy-hour visit to the Boca Park eatery had me doing something I almost never do -completely reject of the entire meal.\n\nAlong with my micro-brew selection, I ordered an Asian themed trio of appetizers, which featured Shrimp, Egg Rolls and Potstickers. After a small sampling of each of the three offerings, I was literally so disgusted that I pushed the plate away.\n\nTo begin with, there was no plate presentation. I likened it to walking through an art gallery, looking at blank walls. The Egg Rolls were cut at a bias (yea art) and the Potstickers were covered with a trail of Ponzu and Mustard Sauce (but we'll get to that later). Otherwise, there was not even a simple piece of Kale to offset the distinctively bland looking trio on a plain white plate.\n\nShrimp - by par the \""best\"" offering of the three. The shrimp looked and tasted like boxed, frozen, breaded 40-60 sized shrimp that I think were prepared in a microwave. Even the delightfully refreshing Sweet Chili Sauce did little to detract from the bland taste and pasty bread coating.\n\nEgg Rolls - I am not sure who \""discovered\"" this specific recipe, but they should consider a career change immediately. The rolls were stuffed with chicken and some sort of brown sauce that one could not even distinguish what flavor it was suppose to add (or subtract) from the dish. Each bite was overwhelmingly dominated by an unsavory chalky taste and a not-at-all faint aroma of frying oil.\n\nPotstickers - I would like to say I could tell you what the Potstickers tasted like, but the trail of Mustard Sauce was so powerful I could barely wash the taste from my mouth with the bitterness of my micro-brew. The sauce is extreme, to say the least, and could easily impart it flavor with as little as a drop on each Potsticker. Instead, the kitchen decided to drown each Potsticker with almost a teaspoon worth of this disgusting concoction. I wish I knew what the chef was trying to accomplish with his tragedy, but if you are unfortunate enough to try this one out for yourself, I can tell you a spoonful of the Sweet Chili sauce straight to the mouth will help in your recovery.\n\nThe only reason Gordon Bierch gets 2 stars instead of 1 is entirely due to the micro-brew Pilsner I had, it was admittedly pretty good.\n\nPerhaps the best way to express how utterly disappointing Gordon Bierch is, would be tell you that, after I left, I went down the road to The Yard House in Red Rock where I was treated to two beautiful and savory works of culinary art from their happy-hour menu - at just about the same price.\n\nBeing a two star and not a one, I will dare to adventure again to this establishment for its micro-brew - and to give the chef one more chance.","negative"
"241","restaurants","restaurants Was stoked to try this pizza because it seems to have several good reviews.  However, the sausage and mushroom thin crust I had was mediocre at best.  Very bland, not much flavor.","negative"
"242","tweets","tweets Weekend pressure at TPC Sawgrass? Look no further than Harris English - 12 shot swing in a day - goes from 67 Fri to 79 Sat","neutral"
"243","restaurants","restaurants Wow, all these people giving 5 stars? This place is just ok.  \n\nPromising: half price bottles of wine on Tuesdays.  Server recommended the Malbec, which I enjoyed and took home the rest of the bottle.\n\nFried ravioli app: tasty but nothing special. Marinara was decent.\n\nCaesar salad. Yep, I agree with other reviewers.  Tasteless. Desperately needs anchovies.\n\nBread: Very fresh, but again, agree with other reviewers, olive oil dip is worthless. Maybe a little more balsamic?  Dipping it in the marinara was definitely the way to go.\n\nAmeriabiatta(?) With sausage: tasty sauce but lacking in meat.\n\nPenne ala vodka with chicken: a bit lacking in flavor and sauce. Chicken was those little frozen chicken chunks from Costco. Wtf? The owner lady stopped by so we asked how it was cooked. She says it's caramelized in the pizza oven. Uh, what? Chicken doesn't caramelize.  I think maybe it was thawed in the pizza oven.  I definitely could have made this dish better myself.\n\nService: no complaints. Server was helpful and attentive. \n\nOverall:  Glad I had a $10 for $20 living social coupon, otherwise would've been very overpriced for an okay but not awe inspiring meal.  Menu is limited, ingredients aren't high quality.\n\nNext time I want Italian I'll go to Baci's Italian bistro. See my other review for true awesomeness.","negative"
"244","movies","movies the only upside to all of this unpleasantness is , given its labor day weekend upload , feardotcom should log a minimal number of hits .","neutral"
"245","movies","movies naomi watts is terrific as rachel ; her petite frame and vulnerable persona emphasising her plight and isolation .","positive"
"246","tweets","tweets 1st Day of 7th Grade...even Jay-Z the wonder horse wanted to be involved.","positive"
"247","restaurants","restaurants My family and I ate lunch here for the first and last time. The beans were greasy and the enchiladas were like soup. The burros were alright but I've had much better. I hope that the AC was broken and that it's not always that hot inside. The service was pretty bad to, really slow. I'm giving them one star because the rice was good. I'd say find someplace else to eat.","negative"
"248","movies","movies proves mainly that south korean filmmakers can make undemanding action movies with all the alacrity of their hollywood counterparts .","positive"
"249","tweets","tweets Next Friday is the Hurstbridge Village Twilight Family Fun night. Come down and enjoy lots of free entertainment...","positive"
"250","restaurants","restaurants Man, if I wanted some imitation food, I'd go look for those plastic-y window displays.  But since when did vegan food become equated with imitation food?!?!\n\nHubby and I shared the sampler platter for breakfast - it's $15 and you do get a LOT of food, more food then the two of us could ever finish! (here's a contradiction - isn't vegan also suppose to be good for people! and not JUST for the animals. It's cruelty to fellow humans to offer such large portions!!!).  The sampler included: the Latin'tude, the Love, the tofu scramble, vegan sausage, roasted potatoes, Tha' Waffle, two small pancakes & a chocolate covered strawberry. \n\nThe first three items are just different kinds of tofu!!! followed by vegan sausage (not sure what food group this would be) and three kinds of starches. What happened to VEGETABLES?!?!\n\nThere *were* several spinach leaves and some sliced green bell pepper - more of a garnish, really. Everything else, short of potatoes and the strawberry, was something pretending to be something else. WHY???\n\nIt tasted ok, while it was hot. But we ended up waiting for over half-an-hour (do vegans not have to be places?) and by the time our food came, it was just warm, which left just a small window of opportunity to try to enjoy it before it began resembling soft rubber. \n\nAll in all, the verdict on Pura Vida is once-is-enough, but unfortunately, they are not the only vegan resto that doesn't believe in real food...","negative"
"251","restaurants","restaurants I wanted to love this place as much as I love Joe's Farm Grill but regrettably I don't. It has a very pleasant \""cookout\"" atmosphere and the staff are wonderful but the bottom-line for me is that the cue is not that good.  It's dry and lacks any hint of smoke.  And the sides I've tried. -- slaw, mac n cheese and baked beans -- were just ok too. I did like the house made lemonade however. Try Joe's Real if you're in the area but IMHO it is not worth a long trip.","positive"
"252","tweets","tweets @user may want to pick your brains - looking to get into iOS dev myself.","neutral"
"253","tweets","tweets My beautiful bestfriend converted to Islam on Laylat Al Qadr may Allah bless her &amp; set her on the right path","positive"
"254","restaurants","restaurants This place is horrible. The scheduling is the worst. They will call to schedule after receiving and order from your doctor, but without approval from the insurance company. Then you reschedule the appointment once they have approval from insurance. You will get to the appointment and the look at you cross eyed because you dealt with a call center and they know nothing including that you are suppose to be there. I don't normally leave reviews but have dealt with a sore right arm for two months while I go back and forth with these people. Lady behind the counter should not be dealing with people as she is rude and horrible, Nancy is here name!!!","negative"
"255","restaurants","restaurants O-M-G\n\nSo they had a Chin Chin here in Lakewood a couple of years ago and unbeknownst to me it closed down...I still have dreams of my lovely Chin Chin.  The way I used to get my order to go and eat it all before I hit Lakewood Blvd.  Ahh, Chin Chin, I used to feel as though you loved me just as much as I loved you...\n\nSo on my recent trip to Las Vegas (The Meadows for all you newcomers) I stayed in a fun filled hotel called New York New York.  There are three separate tower elevators to get up to the rooms.  You are assigned an elevator based on your room.  I think I cried and wet myself all at once to see that right before our elevator was CHIN CHIN!\n\nI stayed in Vegas for four nights and probably ate every other meal here.  It is cheap, good Chinese food.  The best Chicken Fried Rice I have had in a long long time...\n\nTwo thumbs way up!","positive"
"256","restaurants","restaurants It was ok. Actually the food and mixed drinks on tap were delicious! The service was awful  though. Training recommended as phoenix is on the rise! It's trendy and i will stop in very soon.","neutral"
"257","restaurants","restaurants I reallyed wanted this place to give me a yelp 5 star experience. It wasthe final of my two-day fat load for this new diet i'm on and so I though \""Italian\"" The place was crowded, usually a good sign, but the ambiance- what ambiance? The presentation of the food was worse than what I do in my own home. We \""upgraded\"" for $1 on each of our plates for homemade pasta (you would hope it would always be homemade). I had the ragu, it was ok- a little odd tasting. My fiance had the alfredo, which was kinda watery. Plus the garlic bread was $1/piece and was very hard to chew. All in all, not good or bad- but WAY overpriced! Over $10 per plate plus the bread and we didn't have more than one drink b/c the service was SLOW. Maybe its better at lunch?\nhmmmmm","negative"
"258","restaurants","restaurants Friendly staff and nicely sized portions. The combo is very affordable and can be split with a few friends. Food is tasty but some of the meats seemed dry - either overcooked or from too many reheatings.","positive"
"259","tweets","tweets After the Blood Moon comes the Pumpkin Sun via @user","neutral"
"260","tweets","tweets @user tony romo just called me. He said he got a restaining order on you. Guess you can't go to the game on Thursday.. Sucks.. #tried","negative"
"261","restaurants","restaurants Went there to grab lunch while on biz travel that was not too far from the airport. Menu was nothing special. Service was prompt. Food was good.","neutral"
"262","tweets","tweets Come spend Halloween with us at Volare! The Robbie Bartlett Trio will be here for your enjoyment! Wednesday is...","positive"
"263","restaurants","restaurants So on my quest to enjoy a spa-filled weekend, I stumbled across Judit when looking up best facial on yelp.  I called and was able to get an apt for a facial and pedicure within an hour - awesome!\n\nMy facial was AMAZING!  Typically, I am a monthly massage girl and maybe twice a year or so will get a facial.  However, I may change for Judit's as the creams used were moisturizing and my skin has never looked so incredible afterwards.  They even give you a head and neck substantial massage as well as wrap your hands in paraffin with heating mitts.  \n\nThe pedicure was another story.  Judits has a very limited selection.  I wanted a fun, summery green color and there were seriously only 2 shades of green available period.  I got the spa pedicure and had the paraffin wrap for my feet which felt great.  On a sad note, my color chipped within 24 hours which is awful quality by any standards.  Will never get a pedicure from here again.\n\nHowever, I was enticed by the reviews regarding the superb waxing here so I returned the very next day for a hot stone massage and Brazilian wax.\n\nThe hot stone massage was okay.  The stones are nice and hot and are used not just placed on the body during the massage.  The masseuse was very young so probably hasn't refined her technique quite yet.  On the plus side they accommodated all of my requests as I pretty much know what I like by now.  Judit said her mom was the best with hot stones so perhaps I will return to try her out before giving up on this place for massage.\n\nThe Brazilian wax was perfect by Judit.  She is fast, clean, and painless.  Could not ask for more.  Will absolutely be making this may monthly place.  Used to love Miss T but calculating her monthly rate [$55 if every month or $65 if you are outside of the month] vs Judit's standard monthly rate of $60 is a much better value as I truly do not have enough growth to go every 4 weeks anyway.\n\nFacial = 5 stars\nPedicure = 0 stars\nHot stone massage = 3.5 stars\nBrazilian wax = 5 stars","positive"
"264","restaurants","restaurants We moved from the Chicago area and this takes me right back after only 1 bite. Excellent fresh homemade sauce and fresh mozzarella our new go to pizzas place for sure!!!","positive"
"265","tweets","tweets Anyone want to chat philosophy &amp; training on Google+ OnAir tomorrow? @user @user @user @user @user ?","neutral"
"266","restaurants","restaurants I was in town for a convention this past week for 4 nights. The host hotel was Caesar's and Bills is a great location to access multiple hotels including Caesar's. I couldn't beat the price in comparison to Caesars or the other Strip Hotels. I was able to use the money saved for nice meals during the week.\n\nPROS:\nGreat Location and price\nCLEAN! (Room, Linens and Bathroom)\nGreat late night breakfast and price.\n\n\nCONS:\nSmokey; we were located close to the elevator on the third floor.\nLittle noise; sounded like someone was bowling. Not sure what the noise was but it didn't bother us sleeping. \n\nOverall it was not a bad hotel; if you are on a budget and need to be on the STRIP this is your hotel.","positive"
"267","tweets","tweets @user Diablo III post-1.0.4 was very generous. They had an immediate \""""""""maintenance\"""""""" after the 1st 24 hours. Generosity gone. *shrug*""","neutral"
"268","restaurants","restaurants The menu is not limited just Mexican food. However, that's not really a bad thing. The guacamole is super awesome. Same goes for chips and salsa. However, the entrees we tried were just average. Service staff is very friendly.","neutral"
"269","restaurants","restaurants I wasn't expecting much when I walked in, but the food was pretty good. Everyone at my table preferred the bean dip over the salsa && guac, but neither were bad. We all ordered tacos, which were good. I also had a pork tamale which was okay, and a taste of the shrimp ceviche was also decent. A few gripes, the floor was dirty, our servers were not the friendliest, but not terrible, and they don't have anything a la carte.","neutral"
"270","tweets","tweets ""#TheSecret says visualizations come true, so tomorrow night @user is bringing me on stage for Bad Blood, you guys.""","positive"
"271","restaurants","restaurants DON'T DO THIS TO YOUR SUNDAY MORNING.  This was the first time we went to the Wagon Wheel.  We saw it had good reviews.  We ordered and waited, and waited, and waited. All the other tables began filling up behind us.  We waited and waited and waited.  All the other tables that had arrived after us were served and leaving.  We kept asking and we were told it will only be a couple more minutes.   One hour later, another couple came in and sat at the booth across from us.  They ordered and the food arrives in 10 minutes and we still were not served. That was the last straw.  WE WILL NEVER RETURN TO THIS CAFE BECAUSE THE COOK COULDN'T GET 1 ORDER OF BISCUITS AND GRAVY ALONG WITH SOME BACON AND EGGS IN AN HOUR.  RUDE AND DISORGANIZED. Oh if you decide to ruin your Sunday morning at this caf\u00e9 they only take cash.  Who does that??????","negative"
"272","movies","movies confusion is one of my least favourite emotions , especially when i have to put up with 146 minutes of it .","positive"
"273","restaurants","restaurants J'\u00e9tais curieuse de d\u00e9couvrir ce restaurant aux influences de la Turquie, de la Syrie et de la Palestine. C'est bien ce qu'on retrouve dans notre assiette. Mon velout\u00e9 amandes et safran servi avec un rognon de boeuf ainsi que les feuilles de vigne farcies et tahini \u00e9taient d\u00e9licieux. On retrouve aussi un choix impressionnant de vins turcs d'importation priv\u00e9e.\n\nLa facture est un peu moins agr\u00e9able. 150 $/personne pour le menu d\u00e9gustation, 80 $ pour le menu cocktail ajoutez 80 $ en plus si vous souhaitez un accord mets et vins.","positive"
"274","restaurants","restaurants Their red velvet cupcakes are AMAZING! Their buttercream frosting is fantastic and I also like their brownies when they have them. The location couldn't be better. I'd say you couldn't find a more romantic date-spot. I won't give them 5 stars though, since I have had some dry cupcakes in the past and they seem to always run out of the good stuff (mostly the red velvet) on weekends which is the only time I can make it over there.","positive"
"275","tweets","tweets @user Is it true that Mad Man will be released on Sunday? :)","neutral"
"276","tweets","tweets Only ONE day to go before the release of Go Set a Watchman! See you all at 8 am tomorrow... :)","neutral"
"277","restaurants","restaurants I've been to Ultra Star a number of times and have been underwhelmed each visit. The one plus to this theater is that it's within walking distance of my house. It's not my favorite theater but we've kept going back from time to time simply due to its location--not because we like it. \n\nFor a newer theater, it's kind of dumpy. The lobby is too small and crammed with stuff for functionality. The carpet looks old and trampled and kind of old-school versus the competitor theaters. Bathrooms are just kind of bleh and most of the time, not terribly clean. \n\nIf you go to the first show of the day, expect that the theater will not open until 15 minutes before said showing starts. Sure, it's $5.50 for the first show, but the staff is so freaking slow, you've missed all the previews and often times, at least the first 5 minutes of the movie too!\n\nConcessions are RIDICULOUSLY overpriced. This chain is a California-based chain and they charge California prices for their concessions. They offer no frequent movie-goer discounts or bonuses at all. And again, the staff is SO FREAKING SLOW for really no good reason.  At least the popcorn is fresh tasting. \n\nUltra Star is also pretty darn stingy with what it will donate to local non profits as well which for me is a downer. \n\nAll in all, I don't see this place open in another 5 years. The theater is never packed and again, with California prices but located in Surprise bordering El Mirage...I just don't see it surviving much longer. And when I have the choice, I drive to the competitors 90% of the time.","neutral"
"278","tweets","tweets @user tomorrow practice what time? cuz i hv to go to mysa's hse to make thhe notebooks...","neutral"
"279","restaurants","restaurants This place does the trick, in terms of being a place where you can bowl and grab a few beers.  Other than that, it isn't anything stellar.  It is clean and they do have a decent beer selection for a bowling alley.  The owner/manager is really nice and helpful which makes me want to like this place so much more.  I feel like there isn't really a good bowling place that isn't Lucky Strike (which tries to be more like a dance club than anything else).  So until I find a happy medium, this place is good enough.","positive"
"280","restaurants","restaurants ZERO STARS!!!! With in 10 seconds of sitting down 2 yes two! Cockroaches!!!!!!! Stay away!!!!!!","negative"
"281","restaurants","restaurants The best in the valley!!! Great prices, plenty of food, and an awesome staff! Authentic - Check. Great Flavor - Check. Good Pricing - Check. Staff That Actually Cares - Check. You won't find any better.","positive"
"282","restaurants","restaurants Ouch, 2 stars, but geezz am I still pissed off! LOL\n\nLike another here stated already: the carpark for cheaper parking is very far away, it has a shuttle bus going to and fro. Since I only had to drop off my daughter and we had some time to grab a bite, I parked my car closer to the gate, at short stay. Been inside for a little over an hour and came back to the valet machine to see 8,90 POUND appear on the screen!!! I almost fainted, that costed me almost more than the food we both shared. \n\nInside the lay out is not very logical but you can find your way, the shops are ok, I guess, the food courts are very busy and standard. Security is a little bit of a fish trap, which might be logical in some ways but not too appealing to those with fear of masses. \n\nFix those parking rates, dear Scots!","neutral"
"283","tweets","tweets A warm Thursday for CenLa with highs in the 80s for the sixth straight day. Natchitoches and Colfax led the way with 88.#KALB5","neutral"
"284","restaurants","restaurants We TRIED to go to the buffet on Tuesday eve for dinner, but found it was closed Mon-Thurs.  This wouldn't have been so bad if it weren't for the fact there is absolutely NO signage informing you of this until you make the ridiculously long trek down multiple hallways to get to the entrance.  WTF, SLS?!","negative"
"285","tweets","tweets With the Spireites short of defensive options ahead of Saturday\u2019s FA Cup first-round tie at home to @user","neutral"
"286","tweets","tweets CNET Update - Amazon may be cooking up a $50 tablet  Oh My God! Welcome back @user I missed you so much!!","positive"
"287","tweets","tweets @user it looks better as the NUFC fans are now in 2nd tier so I can\u2019t see them... It looks like he\u2019s just goading the SUFC fans!","negative"
"288","tweets","tweets ""Father of dead Canadian reservist says son just wanted to help people: Kirby Tott, the Prince George reservist who died Saturday on b...""","neutral"
"289","restaurants","restaurants You know, I really loved this restaurant and it is a shame that they have lost my and my family's business for good. First off, their management needs a lesson in customer service! \n\nOne fine Saturday evening, my parents and I were babysitting my nieces and we decided to order pizzas from Streets of New York for the whole family. One of the pizzas we asked them to hold the cheese as I'm vegan and I do not eat cheese. Well, we drive all the way there to pick up the food, drive all the way home and there's cheese on my pizza. This prompted me to call and speak to the manager who argued with me saying I said I wanted cheese on the pizza essentially calling me a liar and not offering any solution to the problem. Why would I say I wanted cheese on the pizza when I don't eat it? Doesn't make sense, right?! After spending $77 that night I was forced to order a new pizza and spend even more money and time going to pick it up. \n\nIt really stinks because I was starting to eat here about once a week. Because of the poor service I received I am no longer visiting this location.","negative"
"290","restaurants","restaurants I've been twice now and this place ranks with Ra as being top nasty sushi place. People that rate a place on rolls should not comment on \""freshness\"". Rolls are for people that eat sushi to be cool. Eat the sashimi and then rate. Anyways, had the large sashimi plate. Fish was warm, not on ice and the albacore about made be puke. It's easy to dress up bad fish with rice and sauces but not sashimi. Fish was glossy and opaque......... Never again!!","negative"
"291","restaurants","restaurants Horrible hotel.  Due to construction, $7 shuttle drop-off from the airport is a good 1/4 mile walk to hotel entrance.  Not great for dragging luggage on a hot day.  Next was a very long wait in the Rewards Check in line, which was MUCH shorter than the non Rewards line.  Lost reservations and no replacement room available at that price didn't help, but for only $40 more, we were able to get a room for the night.  In our room, we were able to call and make a new reservation with no mention of lost reservation for the rest of the week at original price, no problem.  \n\nI only saw one map in the whole building, a touchscreen map near the check in area.  It was only working one time during the week we were there.  You get a tiny map of the 1st floor as you check in, but it's outdated, and the writing too small to read without a magnifying glass.  No you are here fire escape map on the hotel room doors or in any binders like you see in most hotels. \n\nNo fridge, microwave, coffee maker (all extra $$).  WiFi is free for one device with the $13 mandatory daily resort charge.  We ended up cheating and turning one of our computers into a secure hot spot for the rest of our gadgets.  Trip to Wal-Mart and the purchase of a cheapy ice-chest replaced the $13 a day refrigerator charge.  It also held more than the fridge they offered. The 12 pack of soda purchased for $3.50 at Wal-Mart replaced the $4 a bottle of Pepsi charge downstairs.  \n\nMold in the bathroom pretty bad.  If you are 6' 6\"", you will have to bend to even stand in the tub due to the low ceiling clearance.  At 6'2\"", I still ended up getting shampoo on the ceiling.  Bathroom sink very low..  Ceiling in hotel hallways very low also, and waves and tears in hallway carpet easy to trip over. Elevators pretty fast, which was nice.\n\nSupposed clogged drain somewhere that was going to flood the hotel by morning woke us up at 3 am when maintenance started fishing the pipe somewhere in the building.  It took them 1/2 hour to resolve that issue, and only another hour for me to get back to sleep. Two more nights sleep were interrupted when the extremely loud announcement from our room's wall speaker notified us a few times that the cause of the alarm (that we didn't even hear) has been determined and there is no cause for alarm. I can only assume that it was a building wide announcement for something that happened in the casino.  On the 14th floor in the Habitat wing, noise from the adult only pool area sounds like loud haunted wailing.  \n\nHad a full face waxing done in the spa.  Spa was totally empty at 10 in the morning.  Just me and two employees.  Once back in their waxing area, I was told that I had to pay an extra $20 to have my cheek area also waxed.  The ended up missing the side burn area all together, which ended up looking very funny once I noticed.  \n\nAll in all, this hotel SUCKS!  Over charging and then nickle and diming everywhere you look.  Customer service also sucks, though our housekeeper was nice and knew what room we were from.  If we ever come back to Las Vegas (which is very doubtful), we won't be staying here.","negative"
"292","tweets","tweets Toujours #Mozart festival comes to Israel for the 1st time in 17 years-","neutral"
"293","tweets","tweets Philly!!! @user will be rocking A FREE SHOW @ the Liacouras center @ 7pm THIS FRIDAY! Come through and watch how we get down!!","positive"
"294","movies","movies cuba gooding jr. valiantly mugs his way through snow dogs , but even his boisterous energy fails to spark this leaden comedy .","negative"
"295","restaurants","restaurants Jade red chicken and Jerk chicken! Yum! That is all I have to say! Oh and the black beans! :)","positive"
"296","tweets","tweets briana's baby is due in march if it's on my birthday ill deactivate","positive"
"297","restaurants","restaurants The salesgirl was friendly, if confused/baffled by my request for double-sided tape or bonding adhesive However, my issue has more to do with the store. The labels for the aisles don't match the items that can be found in said aisle (namely eyelashes). That, in and of itself, is annoying. When you only have a few minutes to run into a store that is 5' x 5' (slight exaggeration), you would think things would be easier to locate.","negative"
"298","tweets","tweets Celebrity Saturday ! This is great tea good have around especially if you are going to be at the Oscars","positive"
"299","tweets","tweets New Delhi: Members of  (IAC) on Sunday protested and clashed with the police outside Haryana Chief Minister Bhupinder Singh Hooda","neutral"
"300","restaurants","restaurants Not bad but not great. Had the hot wings, suicide, and ancho chili lime strips. \nCan get much better wings at numerous other locations. The sauces used were nothing short of a disappointment as suicide is hardly spicy, pretty much the medium for most other locations and I love my spicy wings. Not sure if it was just a new cook or bad batch or what, but not ordering wings if I happen to be a return customer.\nThe Native Strippers were well cooked and juicy but the dry rub was also nothing special. \nGood drink specials and our server was nice and decent in checking up on us. Location, overall look and feel of the restaurant is the only reason why I'm giving a 3rd star rating.","negative"
"301","tweets","tweets Im really nervous as i have gotten to the 4th ninja war in Naruto (the manga) although i know what happens from watching the anime","neutral"
"302","restaurants","restaurants Have a few drinks and / or bring kids before going.","negative"
"303","restaurants","restaurants I would eat at uncle Sams subs once a month at max. It's fine every once in a while. The Subs are greasy, and there are no free refills. NO FREE REFILLS!!!!! Be aware before you go if you plan on getting a refill it will set you back 50 cents! The best part of the restaurant is the fries. If you want a delicious grilled sub, go to peppi's.","positive"
"304","tweets","tweets Does anyone know if Blackstar from David Bowie will be downloadable as a single or do we have to wait for the full album in Jan?","neutral"
"305","restaurants","restaurants Delicious food!  Friendly service!  Cute outfits . Good atmosphere. Great music. The food was terrible (no flavor).We ordered the Fried Mac and Cheese Balls and they where terrible. I ordered the Steak Sandwich with Fries which had no flavor at all and the fries tasted like they were fried in catfish oil.Worse fries ever. Waste of a $ 100.00. Wont go again.","negative"
"306","restaurants","restaurants I like this place. I've eaten lunch a few times here. My favorites is the shrimp on stone, its an appetizer but with the fresh bread with balsamic and oil, it's a very filling meal.\n\nI also liked the gnocchi and lamb chops.","positive"
"307","restaurants","restaurants Not a bad little bowling alley.  They have probably around 15 lanes but the place has never been crowded when we're there (which I enjoy).  The lanes are in good condition.  While the scoring system is old, the monitors hanging from the ceiling that display the score are all new.  The games were reasonably priced, especially after checking into prices at the epicenter bowling alley which were outrageous.  There's a cute little diner in the bowling alley that I always want to try but we've never ordered food here.  There's nothing too special about this place but if you're looking to bowl in the Belmont area this is the place I'd recommend (unless you want to get your drink on in which case you'll need to go somewhere else, no alcohol sold here).","neutral"
"308","tweets","tweets @user @user ya for sure it\u2019s on 28th and Ost starts at 1043 but really not till 11 lol","positive"
"309","restaurants","restaurants My friend and I decided to swing by here to see how their artwork was because we want to get another tattoo. The employees were very friendly. The only thing I didn't like was that I was told to bring in a flash drawing of what I wanted and they would draw it up. All my other tattoo artist in Hawaii drew something up after I told them what I wanted and showed them pictures of what I had in mind. I decided I would try to find some flash pictures of what I wanted and I realized that there isn't too many of what I had in mind. So now back to the drawing board in search for another tattoo artist who can draw something up for me without a flash picture.","negative"
"310","tweets","tweets @user @user @user  Nothing wrong with a little Iron Maiden on a Saturday night.","neutral"
"311","restaurants","restaurants This hotel was cheap! It basically got the job done. Its a bit DINGY but hey, you get what you paid for. \n\nThe pool is actually nicer then i thought it would be, its big, clean and really nice.\n\nThe front desk and room service employees are extremely nice.\n\nAll in all, its not that bad!","neutral"
"312","tweets","tweets can't wait to see serena on friday!jennifer lawrence looked gorgeous last night at the premier","positive"
"313","tweets","tweets Matt & Trey on 60 Minutes tomorrow. I haven't been this excited for a segment since Andy Rooney learned about cordless phones.","positive"
"314","tweets","tweets Congratulations to our Texas beauty for placing 1ST RUNNER UP at the Miss USA pageant last night! WINX is the...","positive"
"315","restaurants","restaurants I would give it three and a half stars if I could.\n\nThis place is just a step up from Waffle House (the original hangover joint). The food is what you would expect from the price, solid but nothing fancy. It also probably tastes a whole lot better when you are hungover, and I was not hungover. \n\nI will probably go back, but not when I want to do brunch the right way.\n\nI got the blueberry pancakes, and they were huge and average tasting. I also tried the scrambler (I think that's what it was called...eggs on potatoes), and it was pretty heavy. (As a side note, I had no clue what \""yanks\"" were. They are potatoes, apparently.)\n\nOverall, this place gets 4 instead of 3 stars because Waffle House holds a special place in my heart, and there aren't any of those around here.","neutral"
"316","restaurants","restaurants I frequent the Half Moon quite a bit because I live in the neighborhood (1 star for location). I consistently get horrible service, and I find myself questioning why I keep returning? Because the beer is cold, and ONE manager is very helpful, friendly and accomodating. The service is terrible. The waitresses are way more concerned with their personal lives and the creepy old men at the bar, than with their tables. It must take at least 20 minutes to even get noticed if you are sitting at the bar. The bartenders (with the exception of Rich and Carrie) are rude and dismissive. I do understand what Krisitne explained in her review as I am a server so I do sympathize and understand that each experience is different and every one has their share of bad days, but this place is just awful. Consistent horrible service by almost every one of the waitresses. \nYounger crowd, sports bar with a ton of tvs, and their kitchen is open late. \nThe food is delicious though which is the reason for my second star.","negative"
"317","movies","movies simone is not a bad film .","negative"
"318","restaurants","restaurants Absolutely shocked. Did not even have the option to see the doctor. Instead, I had to see a nurse practitioner who was of no help at all. I left the office no better than when I came. They eagerly charged my insurance, and took my $55 co-pay and I left with NOTHING. No solid recommendations, no medical help, no solution, not even a sense of empathy. The nurse practitioner was rude and overtly condescending. At one point, she asked, and I quote, \""Well, what do you want me to do about it??\"" \n\nI brought medical files that other doctors had found alarming, she barely read them and minimized my symptoms as though I was exaggerating. It was almost humiliating. \n\nI would never, ever return to this office. And I would not recommend this clinic to anyone who wants a CARING doctor.  \n\nMy experience at this office was HORRIBLE. I've seen a few uncaring health professionals, but this one takes the cake.","negative"
"319","restaurants","restaurants I am not very happy with this particular Edible Arrangements location. After placing an order online it says to call the delivery store to see if you can get a schedule delivery time. So after I placed my order I went ahead and did this. After talking to a woman about my delivery she said that she couldn't guarantee an exact delivery time, which is understandable, but I was wondering if I could at least request a morning time delivery. She looked at her drivers schedule and she said her driver isn't scheduled to even start delivering until 12. So I asked her if my delivery could be close to the top for the delivery address is literally 2 miles from their store and the person receiving it gets off around 3. She said she would put a note on my order and have it delivered as one of the first stops. The day of the delivery by 1:00 I new my ordered wasn't delivered, so I called the store and asked them for an update. Another woman answered and said she talked to her driver and it would be delivered in the next 30 - 45 minutes which puts the time at 1:30-1:45ish. By 2:30 I called the person who was supposed to get the SURPRISE delivery and they still did not receive it. I knew they were leaving work soon and so I wanted to call them and give them a heads up so they could receive their surprise edible arrangement before they left, this was the reason I called the day before and asked the store to have it delivered as early as possible. By 3:00 I finally received word for the person receiving the delivery that they got it. They were headed out the door when the driver showed up. What was the point in ordering this surprise delivery, going to all the work to talking to the store to have it delivered as soon as possible if I was going to have to go through the hassle of ruining the surprise and it being delivered right before the person leaves work. I was hoping since I went out of my way to communicate with the store that was literally 2 miles from the delivery stop that it would be taken care of.\n\nOn a side note, why would a place delivering fruit wait so long to start sending out deliveries, especially if they have business deliveries to make. In my mind fruit is more of a breakfast thing and would make sense to be delivered in the morning time. Who wants to eat fruit for a snack, after they have just filled up on lunch? Also if its delivered to an office after lunch, im sure the person receiving the delivery is not really hungry anymore so they take it home, what is the point of getting it delivered to work if you end up taking it home because its delivered right before you end your day at work or you have already eaten for the day.\n\nThese arrangements are beautiful and pretty pricy, I expected a little more from this company. My surprise delivery was completely ruined because the store couldn't take care of or didn't listen to my needs, even though they assured me they would take care of it. As a customer when you go out of your way to communicate with a company and they tell you they are going to take care of it, you shouldn't have to worry about it and check up on it. I ended up calling this company 3 times to check on my delivery and each time they told me it was getting taken care of. The surprise was ruined; my delivery wasn't delivered until the person receiving it was walking out the door and it was nothing but a huge hassle. Not impressed or satisfied at all and will probably not be ordering from Edible Arrangements again, let alone this particular delivery store.","negative"
"320","restaurants","restaurants This is my new Las Vegas home they really know how to treat you there. I can't possible say enough good thing about the Bellagio.","positive"
"321","tweets","tweets Oh man. Seth Rollins is going to be on @user in Friday and it's my day off :(","positive"
"322","restaurants","restaurants I have to say I was impressed to actually stay at the Aria hotel this time.  The room was very impressive, my friends got a deal from priceline or wherever so even on Thurs and Friday night we got the same rate for both nights.  Most Vegas hotels for friday night are very pricey.  I think some hotels cost about $400 a night on a friday especially the whole 1 king sized bed thing.  The access to everything was great, the gym and the pool.  \n\nDownside was I thought the bathrooms were small but I mean we had two queen size beds so it was 4 people ( 3 guys, 1 girl) sharing a bathroom so that was just the slight issue, it was hurry up shower, do your business and get ready in the bathroom quick so the next could go and we would not end up getting to the clubs too late.  \nAnother downside - daily $25 resort fee tacked onto your daily rate (per room, not per person), Another downside- I heard the same thing too, even if you touch the mini-bar and move stuff you will be charged $50 restocking fee and probably charged $4 for some stale ass potato chips.  My friends and I kept soda, beer, Haitian vodka bottles, Captain MOrgan rum bottle  and Gatorade fully stocked to drink in our room.  \n\n-I have to say hotel rooms were beautiful and very futuristic looking and saying you stay at Aria did hold some weight in the club later that night (fellas I am just sayin').  The other guy the girl was talking to probably said he was staying at some Best Western or something.  I hope to stay here again next time I come back, loved the location when walking from the strip to get around here and  there.","positive"
"323","tweets","tweets FUCK Halloween. Fuck thanksgiving. Fuck my birthday. Fuck Christmas\u002c the New Year\u002c Valentines\u002c St. Patrick\u2019s\u002c April fools. Fuck all of that.","negative"
"324","restaurants","restaurants 1st star: Nachos are huge\n2nd star: Mango margaritas are really yummie\n3rd star: Friendly Hostesses! \n\nOther than those three things, there really isn't anything super special about this spot. It was fun but only for a minute and only until these dudes walked in with their tiny lil nut cutter bootie shorts on, sportin \""HOOTERS\"" on the back. that was a joke. i was hoping it was just a bad dream. these dudes' nuts were hangin' out of their shorts. it was embarassing. even i was ashamed for them!! \n\nI got into it with one of the dudes there because she had smashed my girlfriend's toes with his huge paws...but whatever! He knew better. =P","negative"
"325","restaurants","restaurants We went with high expectations and were sorely disappointed\nFor me , a culinary infraction in a highly touted restaurant can be overlooked if at least the service is acceptable which was not the case here\nTo think that they would mess up a simple dish like steamed mussels and frites is remarkable\nIt was poorly prepared , dry , and cold cos the waiter forgot about it\nThe last straw was that the waiter never once asked how the meal was, quietly came around with his card swiping machine , picked up the tip and went off and we like idiots actually tipped for this abismal meal\n\nAvoid this place there are a ton of amazing restaurants in Montreal","negative"
"326","restaurants","restaurants Big Lots has big bargains.  I've never really looked around in here, even though I've stopped by searching for one item or another before.  After perusing the neighboring store with the big red bulls-eye that I always go to, Alicia R. and I walked over looking for one of those soft, cushiony kitchen rugs because the other place didn't have them.  We found them, but also decided to check out what Big Lots has to offer, walking up and down most of the aisles.  Although it's not as big as the bulls-eye stores, there's quite a selection of furniture, kitchen items, home decor, food items, cleaning supplies, etc.  My laundry detergent is $1 cheaper here and I saw at least one dining table with pub chairs that I'd buy when I move.  I also spied Guittard semi-sweet chocolate chips for $2.75 that I'd use for baking cookies as well as the biggest selection of Bob's Red Mill products I've ever seen.  Plus, it's not busy; there were probably three other people when we were there at lunch time on a Monday.\n\nThe bottom line is that I need to start shopping at Big Lots more often, especially with this location so close to work and another location right in my Summerlin 'hood.  Check it out when you have time and see if you spy some bargains, too.","positive"
"327","movies","movies a portrait of an artist .","positive"
"328","restaurants","restaurants The food is average, I had their version of Linguini and clams and it was not as good as any little independent Italian restaurant in NY or Jersey can do, and of course way more expensive with the WP name behind (that's really what you're paying for).    The wine list is mediocre and pricey, and let's not forget that because of all the mod, hard surfaces, this place is so loud you'll need to yell at your friends over dinner.      So, not bad but not that great either.","negative"
"329","restaurants","restaurants The Cheesecake Factory Restaurant is a great place to have a quick meal as there is a large collection of meals to suit every customer's tastes. The restaurant claims it serves gluten and sugar free options. One can place an order and then walk around to do some excellent shopping. I had the privilege of sampling Mexican cuisine and did not regret the option. The orders are served unbelievably quickly while still very hot. The restaurant gives revelers sugar free cheesecakes with some strawberries. The floors are meticulously clean, an attestation to the efforts the management puts into cleanliness. The prices are incredibly decent for a restaurant of this quality and fame. Customers are assured of quick and friendly service from the ever-smiling members of staff. The restaurant serves amazingly huge parts and customers can request take out boxes if they feel like doing so. It is a very popular restaurant and so a visitor might have to wait a bit longer on set days. Nevertheless, no one wants to dine at an unpopular place","positive"
"330","restaurants","restaurants I was really excited to try this place, especially since I heard it was run by Thomas Keller.  I came here on Sunday for Brunch since I had heard that that was the meal to come for.  My friends and I were seated promptly at around 12:30.  Our waiter seemed inexperienced, awkward, and hasty throughout the meal.  My first complaint was that we didn't even get water or bread until practically 30 minutes into the meal because our waiter forgot we hadn't received it yet.  We received the spreads pretty quickly, but had no bread to eat it with.\n\nI was really excited to see that they had chicken and waffles on the menu.  My friends and I decided to all get the same thing except...they were out of chicken and waffles.  MAJOR disappointment.  First of all, how do you run out of chicken and waffles when it's not even that late into brunch? That wasn't even the biggest thing that made me frustrated.  After not knowing what to order, we just decide to ask for the special which was Chicken Rilletes.  The waiter proceeded to tell us that they were out of the special as well.  HOW DO YOU RUN OUT OF CHICKEN AT A PLACE LIKE THIS?? and why would you keep it written all over every sign on your walls?? wouldn't it make sense just to erase it off the board if you're out?  I should have left by now, but I felt too bad to just leave the restaurant especially since we had already been sitting there for about 20 minutes and attempted to order food twice.  For our third time ordering, we just settled on steak frites, hamsteak, and the croque madame.  The steak frites was mediocre at best, with the fries being the dish's saving grace.  I had requested that the steak be medium rare and the steak came so rare that I could barely cut into it without the entire table rocking back and forth.  I asked them if they could reheat it a little more to a medium and the waiter hesitated to even fulfill my request.  I didn't understand why it would be difficult to do that, but in the end, he was able to do it.  Too bad it took so long that my friends had already finished their dishes before my steak even came back so I ended up having to pack it to go.  \n\nSad to say, the bread and fries were probably the best part of the meal.  I expected better from a place with such high ratings and comments, but I guess it's possible I just came on a bad day.  For $45 dollars, this was definitely not worth it.","negative"
"331","tweets","tweets ""I KNOW WE CAN MAKE IT TO 1ST PLACE #TrackOfTheDay Rest Your Love by The Vamps, found with @user Listen now:","positive"
"332","tweets","tweets Mariah Carey: ""I really haven't paid attention to Madonna since about like 7th or 8th grade, when she used to be popular."" MELHOR SHADE","positive"
"333","restaurants","restaurants This is a great place for lunch meetings.  It is never super crowded, or very noise.  The food is good.  And it has a really nice atmosphere.","positive"
"334","tweets","tweets Is Wikipedia more reliable than the Encyclopaedia Britannica? Worth a 2nd thought for librarians and young researchers:","neutral"
"335","restaurants","restaurants I really really don't like leaving anything negative, it sucks the energies right out of you.  I feel it's important that other people know. I'm not posting about the entire place just on the person that did my hair. I showed the stylist  a picture of what I wanted, color wise. She said she was a \""color expert\"" & I believed her. after 3 hours of getting over processed, i left there with my hair falling out. Ended up having to go to another salon & having it redone that day. The hairstylist, who was nice, texted me asking what I thought because I left in a hurry (mortified) I didn't respond right back because I was so angry,  so responded 3 hours later. Telling her my displeasure. Sending her a split screen of what she said it would look like, what it ended up looking like & what it look liked AFTER spending $200 to fix it. $300 day I wasn't expecting. I thought she would do the right thing and refund me my money, she didn't. AGAIN, this isn't towards the whole salon, just the one stylist.. I did keep the picture just in case I needed proof. Beautiful Salon, but know your stylist before putting your head in their hands :)","negative"
"336","restaurants","restaurants I echo all those who bemoan the acoustics and sound system at Gammage.  I'm sick of paying good money for shows but not being able to understand a single word.  The problem may be over-miking--if the sound wasn't quite so loud, the vocals wouldn't be so distorted.  Perhaps Gammage should consider installing a super-titles system like the opera.\n\nAnd then there are the bathrooms.  It is ridiculous that the largest seating area (the main floor) has only two one-hole handicapped bathrooms.  Over a year ago Gammage management promised to correct the restroom situation, but there's been nothing.  Obviously Colleen Jennings-Rogensack has her own private facility, as she certainly has no sympathy for the female theatre-goers.\n\nAll in all, I'd say Gammage is too big, too unwieldy, and a facility badly in need of an overhaul.  Perhaps it was Wright's joke on ASU.","negative"
"337","tweets","tweets @user lol you mean pronounce it? Idk either..hmm...I like to say it like \u2019hair-may\u2019 or \u2019hair-mess\u2019 LMFAO IDK OKAY. xD","neutral"
"338","tweets","tweets it's November 1st ... so that means Candy Cane icecream HAS to be in the stores now right?????","neutral"
"339","tweets","tweets Sat at Dunkin until almost 1am just talking to @user and checking out hot police officers. #FriendshipGoals","neutral"
"340","restaurants","restaurants I'm really not sure what these other reviewers were expecting...  Have I had better? yes!  I've definitely had better.  First time I ordered it was the vegetarian pho and I felt it lacked some flavor but it was still good, it wasn't lacking in ingredients, just a plain broth.  I'll admit, I ordered delivery and have never been inside the restaurant, but if an undesirable color scheme is THAT much of an issue for you, you've got some serious problems.   It's not my favorite restaurant but these reviews are ridiculous.","negative"
"341","restaurants","restaurants \""A-ok\"" for me considering it was a spur of the moment \""what's open at midnight?\"" food grab (with restaurant.com offer)\n\nWhat's weird in this town is that a couple of bars that actually had great food went out of business and those that serve the typical burgers and appetizers maintain a steady clientele, go figure.\n\nAnyway, I ordered the ribeye steak medium rare, it came out medium well. Sweet potato tots were good, baked potato- alright.\n\nShrimp scampi and the angel hair pasta a little dry...I think you could go to a second rate buffet that has a live cooking station (Red Rock, Silverton) and get a better shrimp scampi over angel hair.\n\nI guess my mistake was to go for the entrees expecting a good dinner when it's really a place to grab nachos and burgers and other finger food so I won't really burn them for it. \n\nWaitress was nice and service was good. Interior was clean.","neutral"
"342","restaurants","restaurants THIS PLACE IS THE REAL DEAL. COME HERE IF YOU WANT JAPANESE CURRY. I was born in Singapore and Japanese curry was everywhere and i have eaten this dish for so many years. BUT this place was the real deal. Tucked away in a small corner of chinatown, they serve real, authentic, spicy JAPANESE curry. In fact, the curry served here is better than most places back in my hometown and i am really proud to give this place 5 stars.","positive"
"343","restaurants","restaurants Friendly staff. Jesus and Jose were great and honest !! They inspected my brakes for free. No up selling, just fixed what was wrong and for a great price !! In & out too ;)","positive"
"344","restaurants","restaurants This place was a waste of time and money. There subs was way below avg.","negative"
"345","restaurants","restaurants Rooms at the Cosmo live up to the price.  \n\nComfy bed\nTub for two\nSpacious shower\nSeparate bathroom\nLiving room area\n.. and my favorite, balcony with a view of the Bellagio Fountain as well as the strip\n\nThere are plenty of clothing shops, restaurants, and bars within the hotel that are also great.","positive"
"346","movies","movies where this was lazy but enjoyable , a formula comedy redeemed by its stars , that is even lazier and far less enjoyable .","positive"
"347","tweets","tweets @user The night Matt has a place in Ypsi and we are going to State Saturday","neutral"
"348","tweets","tweets 7th Season of The Big Bang Theory is by far the best","positive"
"349","tweets","tweets Heading to Zimmerman on the 9th grade football bus... #different","neutral"
"350","movies","movies tres greek writer and star nia vardalos has crafted here a worldly-wise and very funny script .","positive"
"351","tweets","tweets So I heard my old crush is going to the bell game tomorrow and wanna talk? Wtf? :o  #weird","neutral"
"352","tweets","tweets Skimmed it  May not LIKE the SCOTUS decision but it's THE LAW. No offense, but your Pope? Climate Change? seriously?","negative"
"353","tweets","tweets I need some people to go to Jason Aldean with next Friday!","neutral"
"354","tweets","tweets @user and I just watched Thor for like the 20th time last night","neutral"
"355","restaurants","restaurants Eaten here multiple times.  It never dissapoints.  I would go into detail, but they clearly know what they are doing right, and they are doing it consistently.  Go there and find out for yourself.  Make reservations.","positive"
"356","restaurants","restaurants The food sucked! How can you get nachos wrong? It's probably a better place to drink. Not going back there again.","negative"
"357","tweets","tweets @user Who will get the tough buckets in the 4th quarter for\u002c The Bulls?","neutral"
"358","restaurants","restaurants J'ai eu l'occasion d'\u00eatre invit\u00e9 dans se restaurant tr\u00e8s particulier qui porte bien son nom. En effet ce restaurant situ\u00e9 au sommet de la tour Delta est un restaurant panoramique (et qui tourne). Il faut une heure au restaurant pour faire un tour complet mais honn\u00eatement vous ferez \u00e0 coup sur un tour.\n\nLe concept de restaurant est sympa et en plus de cela il s'agit d'un buffet unique pour un prix relativement \u00e9lev\u00e9 de 60dollars par personnes (sans les taxes). Je pense que l'on paye un peu la vue mais pas uniquement. Le service est vraiment agr\u00e9able, r\u00e9actif et digne d'un grand restaurant (enfin presque). Cot\u00e9 nourriture comme il s'agit d'un buffet il et difficile de vous dire tout ce qui est disponible mais on y trouve en entr\u00e9 des salades, du homard, du saumon et d'autres produit divers et vari\u00e9s. La partie entr\u00e9e est la seule qui se trouve sur la partie tournante et qui est donc toujours  au m\u00eame endroit par rapport \u00e0 bous. Par contre du fait de la rotation du restaurant vous ne bougerez pas en m\u00eame temps que les plats et dessert et des fois c'est d\u00e9concertant de faire tout le tour pour trouver son plat et retrouver sa table. \n\nPour les plats il y a un large choix de plat chaud ou de pattes faites \u00e0 la commande avec pleins de recettes diff\u00e9rentes. Pour la qualit\u00e9 rien \u00e0 redire et tout est maintenu au chaud. Il en est de m\u00eame pour le fromage et les dessert puisque le buffet vous laisse une grande libert\u00e9 de choix et d'assortiment.\nC'est bien joli de parler de la nourriture dans un restaurant mais cela ne fait pas tout. Par exemple la d\u00e9coration est totalement horrible avec de la moquette par terre et des \"" \u0153uvres \"" d'art \u00e0 certains endroit qui laissent perplexe. Perso je trouve que pour un restaurant de ce style c'est un peu vieillot. Le cot\u00e9 tournant est sympa pour la vu m\u00eame si malheureusement la localisation de la tour ne permet pas d'avoir une vie exceptionnel tout le temps (une grand partie donne un peu sur la p\u00e9riph\u00e9rie et pas sur le centre). Le cot\u00e9 tournant est aussi d\u00e9concertant lorsque vous allez au toilettes puisque ces dernier se trouve a l'\u00e9tage inf\u00e9rieur sur la partie fixe : autant dire que vous avez de la chance si vous retomber pile sur votre table.\n\nAu final ca reste une exp\u00e9rience qui n'est pas donn\u00e9e mais qu'il est int\u00e9ressant de faire surtout si vous avez une grosse faim vu le buffet \u00e0 volont\u00e9.","positive"
"359","tweets","tweets Counting down the days for Rolling Stone Pool Side Party!Sat 22 August 2015 at 3pm","neutral"
"360","tweets","tweets @user @user I think Patels along with Togadia wants to  scrap reservations for Muslims. May be a game plan.","neutral"
"361","tweets","tweets @user Another one to note...Dustin Johnson 8th hole. Hits into bunker off tee, credited with 3pt instead of -2. #AVIS""","neutral"
"362","tweets","tweets You guys need a proven goal scorer ASAP & He fits the bill!! RT@onesimo25: Can Roman Abramovich please get us Falcao in Jan!!! @user","positive"
"363","restaurants","restaurants I made Holley's Cuppa my cycling destination today and I will have to visit again because I didn't order any coffee!  I got a hot chocolate (because I was sort of chilled after 26 miles in the cold afternoon) and a piece of the vanilla almond cake for sustenance, for which I NEED to find a recipe and/or create a recipe because it is that good!  My hot chocolate was quite good with lots of foam.  Holley's offers almost 10 different kinds of coffee beans, all of which are certified Fair Trade beans.\n\nIn the back of the shop, there is a large bookshelf full of books just waiting to be scoured.  There is plenty of space for small groups, such as book clubs.  I hear that the place hosts open mic nights?  That sounds fun.  Decor is \""shabby chic,\"" with emphasis on shabby.  Walls are adorned with different Cirque de Soleil posters signed by cast members, which makes sense, as the owner-operator regularly performs in \""Le R\u00eave.\""  (How she manages to perform AND manage a coffee shop is pretty darn impressive, in my opinion!)  Service was really friendly and sweet.\n\nReview will be updated after trying out the coffee.  For now, Holley's is A-OK with me.","positive"
"364","restaurants","restaurants The chicken teriyaki was overcooked, overseasoned and very oily. The mongolian beef is okay for an airport food.","negative"
"365","tweets","tweets ""I had this written at like half 6 today and almost forgot to post it!   Featuring Wilco, Ant-Man, WHAS and more.""","positive"
"366","movies","movies after an uncertain start , murder hits and generally sustains a higher plateau with bullock 's memorable first interrogation of gosling .","positive"
"367","movies","movies was i scared ?","negative"
"368","tweets","tweets ""So in order for #Raiders to beat the #Bengals Derek Carr has to have a perfect game, He needs to RUN for 1st downs. Murray needs to shine""","positive"
"369","restaurants","restaurants My boss and I wanted something quick & tasty for our 30 minute lunch. We ordered a simple 20 wing Original Hot to split between us and requested the pick-up time online for 11:45 am. (They open at 11 am & lunch for us is @ 11:30 so it should have worked out.) We got there, with a coupon in hand, and stood there for a good 10 minutes while the cashier figured out the coupon code we had printed out. No one said a thing to either of us and processed the coupon. I came back to the counter to order a To-Go combo for another co-worker and the owner came up, interrupting the cashier, and proceeded to tell me the coupon we gave was BOGUS. He then told me we had to pay the difference. It was already Noon, mind you, and we still hadn't received our 11:45 order that was completed online at 10:50 am... My boss asked why the coupon was even processed in the first place if it wasn't valid. The owner simply said \""That's just how it is when you give us a BOGUS coupon.\"" My boss was furious. We were going to have other coworkers join us the next trip but needless to say that isn't happening. That was my first and my last trip to that location... I'm sad they weren't even accommodating to a first-time customer who didn't intentionally try to pass off a bad coupon. The service from the cashier was okay but the owner really sealed the bad customer experience with his tone and disregard for customers in the store. I won't be spending my money there again... Boo on an online system that isn't even utilized.","negative"
"370","restaurants","restaurants I visit this place earlier as Im craving for filipino dish...It is an affordable place I paid $ 22.44 for 2 persons and they charge $1 extra because I used my debit card. I didn't argue with the extra charge but still its not usual.. \n\nThe place was not at its best not too clean.\nThe food was ok nothing special the taste was so.. So...the dessert uhmmm dont like it! I've been to couple of buffets here and I can say that this place is ok but not recommendable.","negative"
"371","restaurants","restaurants This is a really fun and adventurous place to take the kids and family. The admission price is FREE and they have some tasty snacks that you can get along the way.\n\nUsually come here to get something for the Granddaughter. Prices are very reasonable and the quality is just fine for what we are expecting. You can even let let the kids run wild throughout the store. Yeah right.\n\nCame here today to pick up a Children's Table and Chair set for my little precious. Decided it was time for some other fun stuff as well. Even picked up a two tone Potty Chair for those special moments.\n\nYou basically start off on the escalator up front and work your way upstairs. It is more or less a giant maze that takes you through every department known to man. There are several maps on the walls for those in a hurry or just get lost. Good Luck!\n\nJust find what you want and put in your basket. Some items are downstairs and require an aisle and bin number off the upstairs tag to pick them up. \n\nThis store is perfect for those who are moving into a new place and need some stuff to fill up your empty spaces. The quality here is not the best and you will need to practice reading Hohokam petroglyphs to assemble your newly bought treasures.\n\nService is poor to say the least. The checkout lines are long and everyone in line seems to be annoyed and frustrated. I had to return a lamp shade and had to wait thirty minutes before they even called my number. Number 9.\n\nTake your time and bring plenty of money. Recommend being fully rested and ready for a lot of crazy people. Did I mention the demonic shopping carts that are designed not to go in a straight line? SERENITY NOW!\n\n3 STARS","positive"
"372","tweets","tweets @user 2nd goal Barcelona would be proud of. Cleverly isnt the future he's the present. Sneijder coming soon... RT please :)","positive"
"373","tweets","tweets ""With love in my heart for the fathers in Israel, may I suggest 10 specific ways that fathers can give spiritual...","positive"
"374","restaurants","restaurants It's true you get what you pay for but wow this was terrible. I would give this a negative review if I could. The only good thing about this hotel was the location. The only service worth mentioning were the bellmen and some of the valet staff. The hotel charges for EVERYTHING additional. If you want to call valet from your room to get your car you have to upgrade and pay to a member status. You have to pay extra for a refrigerator in your room and doesn't come with a coffee maker. 2 of the 3 rooms we got didn't even have ice buckets. Cleaning service didn't give new towels after 4 days and left dirty cups in the rooms. 2 of the 3 showers would get clogged every morning and the plumbing made noises everyday from the other rooms in the hotel. You would think with all the competition on the strip they would want to do their best to secure repeat business. This is the WORST hotel that 8 people agreed we had ever stayed in. I could go on and on with everything that was wrong but I don't want to waste my time on this hotel anymore. We will never go back to that \""dirty bird\"" again.","negative"
"375","restaurants","restaurants Bought two seats and the one my husband sat in made a squeaky sound every time he moved! He had to sit still throughout movie. Not worth a second visit from me.","positive"
"376","restaurants","restaurants Had a white pizza with ricotta, tomatoes and extra garlic... really, really delicious. Very east coast vibe. Doesn't look like much from the outside (well, the inside isn't \""all that\"" by way of ambience now that I think about it), but the pizza is TOTALLY worth stopping in for a slice and return visits! :)","positive"
"377","tweets","tweets Review: Motorola's Moto G (3rd generation) is about user experience #business #tech","neutral"
"378","restaurants","restaurants We enjoyed the breakfast buffet - not too large and overwhelming like some can be.. Good atmosphere and nice music played at just the right level!","positive"
"379","tweets","tweets Good by @user quickly punched out!RT @user Tippett Saga turning more than 5th day wicket at the Adelaide Oval:","positive"
"380","tweets","tweets Kendrick Lamar - Black Friday (A Tale Of 2 Citiez Remix) (Lyrics on screen) via @user  King kunta the GOAT","positive"
"381","restaurants","restaurants I would honestly give this property zero stars if I could. I held a meeting here in October and had my projector and many other items stolen out of my meeting space. The door was locked when I left and I had to be let in the room the next day. I lost over $1300 of merchandise and Marriott only wants to reimburse me $600. I was a Marriott platinum member but will now switch to Hilton. I REFUSE to give money to a company that steals from you and then refuses to take responsibility. The \""new management\"" is just as horrible as the last one. I would stay ANYWHERE but this hotel....","negative"
"382","restaurants","restaurants This place is actually good but the only thing is that it's a bit, pricey. Don't get me wrong place is good. The burgers are awesome and the fries are so good. It's just that the prices a bit too much. If they could lower the price a bit then I'd give them 4 stars.","neutral"
"383","restaurants","restaurants I had the teriyaki chicken, which was pretty good and very flavorful. The cashier, who seemed to be the owners son, was rude and could not crack a smile or thank me for my business. He loudly spouted off his views on gun control, which I think as an associate was inappropriate. He also got into a verbal disagreement with the customer ahead of me due to the fact that the associate would not get off the phone with his father to assist the paying customer. He yelled at the customer and was extremely disrespectful. I didn't appreciate the way I was treated, and I can certainly find a chicken teriyaki elsewhere.","negative"
"384","tweets","tweets Sarah Palin Orders Immigrants to ""Speak American"": Speaking with CNN's Jake Tapper Sunday, Palin blasted Spani...","negative"
"385","tweets","tweets John kasich you may live. You dont have my support but you may live","neutral"
"386","tweets","tweets ""I\u2019m such a groupie...just watched the \""""""""Ni**as In Paris\"""""""" video---> 1st thing I said was...\""""""""I just ordered that snapback Jay is wearing!!!""","neutral"
"387","restaurants","restaurants My wife wanted to take me to a special place for my 50th birthday, and she chose Delmonico.  Overall, it was a bit of a disappointment.\n\nThe food:\nWe started off with the shrimp, which was wonderful, and the bread was warm and soft.  It was a bit salty for my taste, but that's just me.  We then had the spinach salad, which was wonderful!  For entrees, I had the crab stuffed lobster and the wife had the filet.  The lobster was great; the filet was nothing special.  For dessert, we had a sorbet and the cheesecake; both were quite good.\n\nThe waiters/staff:\nIf I had to use one word, it would be disinterested. The waiter was good, but the other (why were there two?) just seemed to be reading a script and literally had to read his notes on the available dessert flavors.  The wife had informed them it was my 50th birthday, but when the dessert came out it said \""Happy Anniversary\"".  We jokingly noted the error and the waiter said we didn't appear to be old enough to be married for 50 years, but he went with what he was told.  We didn't blame him at all and left a generous tip. This error underscore their lack of attention and appearance of just going through the motions.\n\nSo, overall, it was OK, but not great.  We've had better steaks, and FAR better service (Ferraro's Italian Restaurant waiter was the BEST) for much less cost.","negative"
"388","restaurants","restaurants Disclaimer - this review is written under the fact that we didn't even get into the club.\n\nWe were four chicks dressed in our Vegas best for a Saturday night out, and we had gotten passes through some connections. We got there a little before ten, knowing it would be crowded. By about midnight we had gotten to the front of the \""line,\"" but in reality groups were cutting all over the place, it was completely unorganized. When we finally got to the front of the mob, we managed to wave down the bouncer, who said he was only letting in groups at $100 a head. Despite that we were four chicks, he bypassed us and was constantly letting in big groups of guys. Frustrated at wasting our time, we made our way out. Never coming back here, there are clubs that are just as good that actually know how to let their ladies in.","negative"
"389","restaurants","restaurants This place is awesome. Because Phoenix isn't a walking city, I tend to not go to coffee shops to do a few hours of work, choosing instead to sit on my couch with laptop in hand, but Urban Beans is the kind of place that makes me want to spend a few hours being productive--or just surfing Facebook. (Isn't it funny how you can feel productive doing social networking when you're at a cafe surrounded by semi-urbanites?)\n\nSo, what makes Urban Beans different from other local coffee spots? A few things: the staff is really nice, the plugs are plentiful (although watch your step when you're crossing an open area), and they have really good, affordable food options. (Try the pear flatbread or the quiche!). \n\nMy biggest complaint is the music. I'm OK with emo but some sort of batshit-crazy guy doing spoken word over Enya-like strings is enough to throw me--the ultimate multitasker--into distraction land. Keep it simple, folks, and this place may just become good enough for the coveted five stars.","positive"
"390","tweets","tweets ""#Entertainment #Buzz One of the Boys by Katy Perry (#CD, Jun-2008, Capitol) #KatyPerry #Auction""","neutral"
"391","tweets","tweets briana's cousin is literally that 6th grade girl who just found out her that her laptop has a webcam","negative"
"392","restaurants","restaurants When Treasure Island tried to re-brand themselves as T.I., they should have used the rapper as an inspiration. Then, and only then, might I have found some enjoyment at yet another whole hotel doing the stupid Vegas theme shit.\n\nRooms are nothing special, though they charge ridiculous fees for things like daily newspapers and wi-fi (the former which we didn't actually receive, the latter which should be free.)\n\nOh and to top it off, Christian Audigier has a club here too. So not only do you get to deal with all the normal dumb tourists, you get the stupid bros and hos who go for that stuff too.","negative"
"393","tweets","tweets ""Katy Perry killin a beer in Oxford - Hotty Toddy - wish I had been there Saturday for the game""","neutral"
"394","restaurants","restaurants Bitchy review: While they do serve okay food, what is rustic about this place? It's nice, clean and new. Merriam Webster defines rustic as: of, relating to, or suitable for the country: rural *rustic rolling farmland*. OMG this place is NOT country. \n\nLegit review: No seriously the place isn't rustic. Okay I'm done... the brunch at Rustic was just so-so. Coming from Chicago, we take brunch seriously and I was leaving a little be desired from my southwest omelet. And puh-leeze--I WAS IN THE SOUTHWEST. Call me an idiot, (\""you're an idiot\"") but if I order a southwestern omelet, I'd expect it to be at least A LITTLE spicy as a main ingredient was chorizo. T'wasn't.","negative"
"395","restaurants","restaurants Not really sure what all the fuss is about. \nIt is poorly located and feels out of place. The food was pretty average. I had the skirt steak and it was actually greasy, and bland. If its going to be greasy at least it should have some flavor. The frozen hot chocolate was good, but not amazing. The scenery was fine, I get what they are trying to do, but its contrived and just seems out of place. Funny thing is that I really want to like it, but the food was just not good. I will try again in hopes that it was a bad night.","negative"
"396","tweets","tweets First thing MON needs to do tomorrow is get on the phone to Spurs and insist that Danny Rose is not returning to White Hart Lane #SAFC #FTM","negative"
"397","restaurants","restaurants I came here at 2am on a Saturday and they told me they close at 2!! On yelp and on the door it says 3am. So disappointing..","negative"
"398","movies","movies writer\/director walter hill is in his hypermasculine element here , once again able to inject some real vitality and even art into a pulpy concept that , in many other hands would be completely forgettable .","negative"
"399","tweets","tweets Plant City driver charged with DUI in fatal crash - Oct 30 @ 8:48 PM ET","neutral"
"400","tweets","tweets @user i'm going on Big Brother's Bit On The Side next Tuesday! I thought you would appreciate this haha :)","neutral"
"401","restaurants","restaurants Had the bibim nangmyun and kalbi.  The kalbi was too sweet.  The nangmyun was ok.  \n\nI liked the decor a lot and the side dishes were good (kimchi was too salty though).  Their pricing kind of gets me though - its pretty much $10 for everything from dumplings (which is usually considered an appetizer) to soondubu.  If they're pricing premium, all the food better be perfect - and it wasn't.  \n\nAlso, its kind of weird that they drop off the check and then you have to go up and pay at the register.  I've seen this at Ihop, but never really at a korean restaurant.  Weird...\n\nI think I'll stick with Hodori..","neutral"
"402","tweets","tweets @user you never know Arsenal may be able to buy @user next season if Real Madrid get someone like @user","neutral"
"403","restaurants","restaurants I have never been disappointed with Thai Taste.  It's a tiny hole in the wall, but I've never had to wait long (if at all) for a table and have always had decent service.  I love the cluttered, over-flowery decor.  And the food is very, very good.\n\nI often go for lunch because their lunch menu is so outstanding.  Each day of the week the menu features a different ingredient (I know that Mondays are mushroom day because that's the day I usuall go), and the dishes vary slightly according to how well they showcase the ingredient.  I've had several of their curries, along with their pad thai and fried rice, and it's all been fresh and flavorful.","positive"
"404","movies","movies certainly .","positive"
"405","tweets","tweets #Prince announced that he is releasing an album with Jay-Z that is coming out on September 7th.  It will be featured on #Tidal.","neutral"
"406","restaurants","restaurants Wow! This place definitely doesn't look like much as your drive by, but it's certainly a hidden gem. It's a small restaurant with only a few tables. When we were there, there was only one person manning the register and doing all of the food prep as well. I can see it taking a while if it was busy, but geez, it was worth it! We've had the pulled pork, ribs, and the exploding pig sandwich. All were great!\n\nThey offer many choices of bbq sauces and have a sampling station set up so you can taste them before making your choice.\n\nFive stars!","positive"
"407","movies","movies if you are willing to do this , then you so crazy !","positive"
"408","restaurants","restaurants This place was pretty cool.  I went here with some girlfriends in September for a bachelorette party, and we had a great time - the best place to get your groove on is on the roof next to Tao Beach.  The night before we went here, we tried to go here with all of our significant others, but two of the guys weren't wearing the proper shoes so it was a no go.  I'm secretly (er, I guess not so secretly since I'm yelping it) glad that we decided not to go with the guys after all, because it was more fun just us gals.  And the go go girls were hot.\n\nForgot to add that I'm still recovering from the restrooms.  On the second level, along the balcony overlooking the dance floor, is a line of individual restrooms that look out onto the dance area.  What makes these restrooms different is the fact that the doors to the individual restrooms are clear when unlocked and when you lock the door, it frosts over to give you privacy.  For the first time in my life I got pee shy because I could see the shadows of people walking along the balcony just beyond the door, and I was absolutely convinced that they could see me peeing (ok I was a bit tipsy by this point, because I'm sure the door was opaque enough to give me some privacy, but it's still a little nerve-racking).","positive"
"409","tweets","tweets @user if you have time tomorrow, the @user has some great exhibits. Nirvana, Hendrix, Star Wars costumes...""","positive"
"410","tweets","tweets ""Is anyone going to the US Open tennis tournament today? If so, Niall and Liam may show up again if not both of them Niall may .x""","neutral"
"411","tweets","tweets Best day watching some Baseball in the sun. Go Red Sox! #fenwaypark #boston #redsox @ Fenway Park","positive"
"412","restaurants","restaurants A nice local eatery that does breakfast pretty well - not to die for, but if you want a sit down breakfast without having to stand in line, this is a good spot!  Coffee is hot and continuous, their menu isn't overwhelming, but is adequate.  I usually order up an omelet with some veggies which comes with toast and potatoes. Never disappointed!  We've also had their skillets (which are huge!) and breakfast burrito (there are many other places I'd recommend for better burritos!).  \n\nVery kid friendly - my girls get the happy face pancakes which is quite a bit of p'cakes or the eggs, potatos and toast (for my anti-meat unless its a McDonalds cheeseburger child)  -always goes over well! \n\nService is usually timely, nothing quick, but very ordinary.  The atmosphere is nice - wide open decorated space.  You don't come out with the sensory overload or greasy bacon smell lingering in your hair either.  That's always a bonus! :)  Definitely worth a try!","positive"
"413","restaurants","restaurants A cute little cafe in south scottsdale that you probably drive by every day and never pay attention to.  We stopped in after searching Yelp for breakfast, and were pleasantly  surprised.  The decor is cute and clean (not diner, but not chic...just comfy), the staff is friendly and the food is solid.  The average age in the place is pretty high, probably considering it's next to an elderly residence center (what's the PC way to say that??).\n\nThe menu is standard, so don't expect any surprises, but their specialty coffees are great.","neutral"
"414","movies","movies a strong script , powerful direction and splendid production design allows us to be transported into the life of wladyslaw szpilman , who is not only a pianist , but a good human being .","positive"
"415","tweets","tweets ""16 Nov 1982- UVF Shankill Butcher Lenny Murphy was gunned down by the IRA in Forthriver Park, Glencairn, Belfast","neutral"
"416","restaurants","restaurants I've been to both in the C terminal many times. I prefer the one by gate 25. Whenever I land I stop for a flavored iced tea to help with the time zone change. Always quick & friendly. I love the ice pellets.","positive"
"417","restaurants","restaurants Yummy, yummy, yummy!  I had crispy, greasy, packed with meat tacos just like I like `em.  The beans and rice were great and the chips are the thinnest, most crispy delights I've had in a long time!\nThe staff was super nice too.\nThis place is super casual and good.","positive"
"418","tweets","tweets Italy: Former PM Silvio Berlusconi was indicted Tuesday with new criminal charges   - Breaking News Buzz","neutral"
"419","restaurants","restaurants Extremely disappointed and upset. Was really excited to eat here but literally had to walk out because ALL the seating was so uncomfortable it was impossible for me to even sit long enough to order.  I walked next door to Rachel's cafe. \n\nNot a place for anyone who has anytype of back/tailbone injury and needs soft seating. All of their chairs are metal or rock hard wood.","negative"
"420","movies","movies gaunt , silver-haired and leonine , -lrb- harris -rrb- brings a tragic dimension and savage full-bodied wit and cunning to the aging sandeman .","positive"
"421","restaurants","restaurants This is one of the most unprofessional, rude and misleading doctors offices that ive seen yet, they could care less about their patient relationships! Sheri from this office is a complete rude, mean, and miserable person who probably goes home miserable everyday and likes to make her patients feel her misery! They send you only to the doctors that they know give them Kick Backs for the referral, this is obviously how they stay in practice! They could care less if you work for the M resort or work on the street! They treat the M resort employees as if they're from the street! Just because you have HPN HMO they send you to a doctor that doesnt even take that insurance so then you can run around finding another doctor and then to get a referral they are mad because Sheri has to get off of her fat lazy butt and write another one! What a joke this doctors office and staff is I would never recommend them to anyone EVER!!!! RUN FAR AWAY!!!! I would give no STARS if it was possible!","negative"
"422","restaurants","restaurants I really have mixed feelings about this place, for a sports bar it has really good food, although as a restuarant the food is overpriced for what you get.  The service is generally good. The beer selection is horrific for a bar with a lot of taps. Lots of beers like blue moon, coors light, guinness but really lacking anything with any real flavor. With all the many good beers available in Phoenix it sucks when you have a place that has so much potential but it just won't step up to the plate and offer good craft beer to go along with their food. One bonus is the free shuttle to your house. Desserts are not on the menu but are available and are delicious.","neutral"
"423","restaurants","restaurants I'm not usually all that impressed with customer service here in Vegas. Having lived here since before Summerlin broke ground, I've seen a steady decline of customer service standards. Also, I am a hunter of bargains. I realize the rarity of obtaining both the sweet deal accompanied by sweet service, especially in circumstances of servicing already found bargains. For example: if I find a great leather jacket at a thrift store, that needs cleaning, or in this case, I found a delicious pair of Cole Haan- Nike Air booties at a thrift store for $12. $12 is a lot to spend on used shoes, for me. Plus they needed new heel taps. I was quoted $10-$40 at other shops. This plus the $12 I had already spent, made them less of a deal. Feeling defeated, I made one final call. I was quoted $5 to get the taps replaced here & low & behold, could get them the SAME DAY!! I was in love! I've referred several friends to this long time (for Vegas anyway) business. Not once has any friend been any less happy. If give this place 10 stars if I could. They're worth the trip from Spring Valley! I now have the perfect booties for fall for less than $20!! I heart this place!","positive"
"424","restaurants","restaurants This place is simply amazing! I came here during lunch, luckily the lunch rush had not hit yet, so there was plenty of room. The service was friendly enough, and the food was beyond good.\n\nI ordered the PB J burger medium rare. When it came out I cut it into 4 pieces just to make sure I wouldn't make a mess (this is one messy burger) It was cooked perfectly medium rare, which is apparently harder to do than it sounds. Words can not describe how good this burger was, its a must try. The fries were pretty good as well. \n\nIf your looking for a good burger and your in the area, stop by, you will not be disappointing.","positive"
"425","tweets","tweets ""Yassss, Deus Ex is actually out 26th august. that's brightened up my day a bit:)""","neutral"
"426","tweets","tweets @user Best Thursday Night Football game of the season!  #TNF nah, Colts vs Texans was better. JJ Watt, that is all.""","positive"
"427","restaurants","restaurants I really wanted to like this place, but just couldn't.  Pizza was blah...I think there were three strips of basil on the margherita and the whole wheat crust tasted like cardboard (Brixx is much better).  The atmosphere was ALMOST hip...but they had these framed posters of tomatoes and basil leaves which didn't seem to fit.  Our server was very nice but completely ditsy...she brought one pick thingy for the fondue for a table of 10.  Anyway, just really wasn't all that awesome an experience.","negative"
"428","tweets","tweets Al Michaels memorialized Frank Gifford at the Hall of Fame game on Sunday","neutral"
"429","tweets","tweets Holy shit. Future me just sat down in front of me at Dunkin.","positive"
"430","movies","movies fulford-wierzbicki ... deftly captures the wise-beyond-her-years teen .","positive"
"431","tweets","tweets Rella wake up to shank one day thn pczeey the nxt day so who dat 3rd baby pappy lol #SheDontKnow","positive"
"432","tweets","tweets Tottenham striker Emmanuel Adebayor missed training today\u002c and won\u2019t play in the Europa League on Thursday\u002c because of a hamstring injury.","neutral"
"433","tweets","tweets @user @user @user   Coach: Shawn, you're suspended  Shawn Oakman: I'll see you on Saturday  Coach: yes sir""","neutral"
"434","restaurants","restaurants Still Dirty.\nStill Overhyped for what it is.\nStill Overpriced for what you get.\nStill sick of hearing about it.\nCookie still good ~ big whoop...still.","negative"
"435","restaurants","restaurants Ordered their Antipasto salad and garlic knots. Antipasto salad should be renamed olive salad. As that was basically what was only on it and for the price it was a rip off. The garlic knots seemed like they were deeped fried and had no taste. You get a lot of them but tiny bit of sauce.   I would not recommend these items at all.","negative"
"436","tweets","tweets @user yall going to lions park tomorrow?","neutral"
"437","restaurants","restaurants This bar is definitely a hidden gem!\nLiterally the best views in any bar I've been in in Vegas, small and secluded, easily food a spot on a Saturday night at midnight.\nThe drinks off the menu were all very good, my ONLY problem is spending $18 on a drink that was half as big as a drink I can get for $12 at any other similar type bar. Sure the glass is good size but it's filled to the brim with ice!\nI'm not looking to get crazy drunk, but still!\nOverall, great spot, prices kept it from being 5 stars for me.","positive"
"438","tweets","tweets ""Sunday Dialogue: Curing the Health System: ... fostered by Republicans who place ideology over country, took tha...","neutral"
"439","restaurants","restaurants Had a 2pm appointment on Thursday for a car inspection.  But when I got there Victor at the service desk told me that it'll be a 2 to 3 hours wait. He goes on to explain that it's like if I had a doctor appointment I would still have to wait a while before the doctor could see me. Wow...at my doctor office the longest I ever had to wait was 30 mins. If you like to waste time waiting please come here other wise it's best if you find somewhere else.","negative"
"440","tweets","tweets Silent house was ass\u002c when a stranger calls was ass\u002c the woman in black was ass and Friday the 13th is also ass","negative"
"441","restaurants","restaurants I wish I could give this place a zero. First time, I arrive at 2p on a Monday. I order the two slice special and thee are only three slices left in the heating rack.... Bad sign. Of course they are cold when I open it. I go to get a soda and the carbonation is out. There are only two workers and the poor kid that I asked to help can't fix it... It took him 15 minutes to try and fail before I asked to just exchange it for a bottled Coke... The bottles coke is the only star they get. Cold pizza, no soda... What else do you serve?","negative"
"442","restaurants","restaurants Delish is all I can say!  I had the mashed potato omelet and it was simply mouth-watering.  An omelet stuffed with garlic mashed potatoes, bacon, and cheese.  It came with a side of breakfast potatoes and toast.  A ton of food for only $10.  We had to wait a little bit to be seated (but to me that just says how great it is that so many people want to eat there), we had excellent service and overall just a wonderful experience.  I highly recommend!","positive"
"443","tweets","tweets Set up for the bucks game and took a piss on one of the players seats. Kevin Bacon fingers crossed John Henson sits on it tomorrow","neutral"
"444","tweets","tweets They should have all the Friday movies on netflix.","neutral"
"445","restaurants","restaurants We returned to this Moe's after about a two-year gap.  Why?  Last time we had been there, we had such an awful experience that I wrote to the manager.  He sent me gift certificates to use at another time at that location.  \n\nI think the reason for my complaint before was all about poor customer service and restaurant cleanliness.  From our recent experience last night, I see that in the two years that I haven't visited, nothing has changed.  \n\nI'm surprised this Moe's stays in business.  First, it's hidden behind a staircase in the strip mall it's in, creating a dungeon-like atmosphere.  Second, it's very narrow, not allowing for much walk space.  And since last night happened to be Kids Eat Free night (a coincidence), it was super-crowded with families and a balloon clown that blocked the only narrow walkway with the throng of kids around him. Getting through over-active kids crowding the tiny walkway to outdoor seating without spilling my salsa was a mighty challenge. \n\nOrdering toppings for your food is always a treat.   The job seems so routine to the food assemblers that they barely pay attention to you and you have to repeat yourself several times.   They screwed up two of the kids' orders because they weren't listening and just hurrying along adding whatever they wanted that they had to start again from scratch.  And then, upon sitting down, we realized that they STILL ended up screwing up the orders.  How hard is it to put tomatoes on one taco and cheese on another?  My burrito came out pretty good, though, because I was meticulous about focusing on what they weren't focusing on.  \n\nThe cashier rang us up:  a burrito, a salad, a bowl, and two kids meals.  The kids meals were free, so I guess the total came to $22 or so.  We handed them $20 in gift certificates, intending to pay the rest in cash.  Apparently, the task was too difficult for the cashier.  Too many things going on.  The cashier took the gift certificates and told us that we were all set.  He probably voided the order.  I wonder how the restaurant makes any money at all.  \n\nCleanliness?  The salsa bar and drink stand was a mess, but thankfully the salsa containers were all full.  What few tables were open needed to be cleaned.  And there was a giant water spill/puddle in the ordering line.  Certainly a safety hazard.  \n\nWill we go back?  Heck no.  If I want Moe's, there are too many better locations in town.  Better yet, I'll head to Chipotle or Qdoba.\n\np.s. Regarding the \""Welcome to Moe's!\"" thing.  Stop it.  It's annoying, and if the employees are going to do it with little to no enthusiasm because it's so routine to them, don't even bother.","negative"
"446","tweets","tweets @user @user Rod - Fleetwood Mac have just given me a subliminal message to pass on to you - don't stop thinking about tomorrow...","neutral"
"447","restaurants","restaurants I have been taking my schnauzer Akima here since he was a puppy and now he is over two years old. I have always had great service and whatever I ask for the staff always accommodates. I have had many dogs growing up and have been to many groomers and this has been by far one of the best.","positive"
"448","restaurants","restaurants What a great business model: \n\n1. Hire young kids to work the counter who have no training in customer service. \n\n2. Overcharge for sandwiches with absolutely no spoken or obvious options. (If they exist this is news to me.) \n\n3. Offer delivery, but confine it to a 1/4 mile square area. (Basically the area of the shopping center they're located in.)\n\nYup, looks like this place will be another victim of a trend. I will usually visit a place multiple times if I'm told that it's something special even if the first experience is something less than ideal. This location has let me down so many times with poor customer service the likelihood of a return visit is completely null and void. \n\nHey Jimmy, you should try and rethink and regroup on this one buddy. Trends only last for a short while and fade away with phone books and record players. You may have your time, but it won't last with this formula.","negative"
"449","restaurants","restaurants We are new neighbors just up the hill in Paradise Valley, and we SO wanted this to be our \""go to\"" dinner place for nights when we were too busy to cook and to take visiting families and friends.   Full disclosure:  we tried four times, each time it was around 8:00 pm. Two of the four we were treated pretty poorly by a female hostess. There were still patrons eating in the restaurant, but she told us they were getting the main dining room set up for a big event the next day (both times) and sat us in the bar. Last night, there was a basketball game on in the bar...I would not mind eating in a pub atmosphere if we were paying pub prices. So, when we told her that the noise was too much and asked to be reseated in the restaurant she refused. I don't think was too much to ask, for just the two of us. And it's interesting the other two times we went, the male hosts gave us the choice, and sat us in the restaurant.  Food has been inconsistent, but not all that bad.  Pasta on two visits was all small pieces (spaghetti one night and fettuccine another) like we were getting the dregs. I'd be more tolerant of that, but for the price of the food, we expect a more pleasant dining experience.   Too bad.  They need to make some changes.","negative"
"450","tweets","tweets Cherie Blair is sat on our coach going to the games! #Olympics2012","neutral"
"451","tweets","tweets #Noles in the NFL - Thursday Action Review: Stork inactive in Patriots' win via @user","positive"
"452","restaurants","restaurants Not long ago I discovered I had a superpower; I'm invisible you see. I didn't know I was some sort of super being until I went to Monkey Pants. But right then and there, one faithful night my powers manifested and with a snap of your fingers I was invisible. Suddenly none of the bartenders at this place could see me.  No matter where I stood or how hard I smiled, tried to look friendly and make eye contact all of them stared right past me like I wasn't even there.  I didn't want to startle anyone so I didn't cry out, whistle or yell at any of the staff and seeing as how I was now invisible I was afraid that if I waved my arms or beckoned I might poke out the eye of an innocent bystander (with great power comes great responsibility don't you know). Besides I wouldn't do any of those things if I were a regular Joe customer visible for all to see; I use a thing called \""bar etiquette\"" and disdain folks that are rude and do those sorts of things to any hard working bar staff. With visions of fighting crime and seeing bevies of naked women unseen and was gleefully giggling at my stroke of good fortune when another customer asked me what was so funny. \n\nI was crushed. When the bus boy asked if I was finished with my drink I came to the sobering realization that my power of invisibility only worked on the bartending staff of Monkey pants; my new found superpowers had their limitations. When I stood too close to one of the regulars I was visible too and was eventually served.\n\nI went back to the table on the smoking patio that my lovely companions and I had claimed and excitedly explained to my well dressed and attractive female companions of my new found powers (and their limitations) and was dumb struck to find out that they too had manifested the powers of invisibility as none of the wait staff could see them either. And sure enough no less than three waitresses passed by in less than ten minutes, our table void of drinks and none of them could see our pleading features.  In fact as the night dragged along the waitress seemed more interested in getting to their shifty drinks after work and even placing regulars at our table failed to garnish us any attention.  As last called neared there were so many people wearing monkey pants attire on the smoking patio it was hard to tell who was working and who was working on a buzz. Not that it mattered because we were still invisible you see. \n\nThrough-out the evening after sitting drink-less for dozens of minutes on end, my invisible friends and I had to stoop to standing next to regulars at the bar to be seen just to get a drink. There were a number of these patrons that I wished my superpowers worked on; especially the girl that decided to point out my jeans were riding a little too low by putting her finger in my ass crack. During one of my extremely long and patient waits at the bar I ended up getting tired (a side effect of being invisible perhaps?) and leaned on one of the stickiest bars I've ever come across. People were eating food here too which amazed me because there didn't seem to be soap or a way to dry your hands in the restrooms and I could only imagine how dirty those fingers were that they were licking nacho grease off of. \n\nOur night ended without incident and we left, unseen by the staff of course. \n\nAn interesting post script is that apparently the burned out neon sign that adorns this place was the source of our collective super powers because we're not invisible to bar and wait staff anywhere else but Monkey Pants. But rest assured, dear reader, that the next time I want a place with a smoking patio where I can use my super power of invisibility you'll be sure to see me at Monkey Pants...or will you?","negative"
"453","restaurants","restaurants A brewery that used to be a church? Does it get any better than this? They brew the beer right where the altar was. It's pretty neat inside. Still churchy, stained glass windows, etc. Once or twice when I went it was a little humid and smelled a little...funky, but it IS a brewery. It's nothing overwhelming that made me have to leave though. To be honest I don't care for their beer too much, it's more of the idea of this place that I love. But the food IS good, I'll give them that.  I would try to go for lunch instead of dinner, because the prices are much higher after 4pm. It's definitely worth trying.","neutral"
"454","restaurants","restaurants Surprised to have a good sushi place like this in Fountain Hills.  Can get expensive, but eat in or take out is always great.  Fun to mingle with the chef while making the sushi.","positive"
"455","tweets","tweets ""Wi a live up the higt life, smoke from day till twilight, smoke from night till sun light...(8) #Movado -high like""","positive"
"456","restaurants","restaurants this McDonald's is one of the busiest ones in the valley.  Service & Cleanliness can be 100% spot on... And then they get hit with a zillion kids and/or movie goers.  In 30 minutes the place looks like it's gone to hell in a hand basket.   So one minute service is just peachy, another and they don't seem to have enough employees.. But there will be lines out of the double laned drive up  window and crowds around the counter...  As a regular there, they do an admirable job but will always have nay sayers at this and similar locations... of any fast food restaurants.","negative"
"457","tweets","tweets Attention Juniors! Tomorrow is the LAST DAY to buy pep rally shirts. They are $7 and you can buy them in all lunches and in room 405!","neutral"
"458","tweets","tweets today is my last day in bellagio bc we're spending the day in Milan tomorrow im gonna be so sad leaving this place","negative"
"459","restaurants","restaurants To be honest, all my friend had to tell me to convince me to eat here was that they have creamed corn, bone marrow, and gelato. We got the salted peanut caramel, pistachio, and strawberry balsamic gelato. Perfect. \n\nThe selection is a bit smaller than bigger buffets like the Bellagio, but the dishes are really thoughtfully prepared. A lot of the fancier dishes are offered in cute single-serving rammicans, tiny pots, or even a mini fry basket (for the chicken wings). So many nice touches!","positive"
"460","restaurants","restaurants Un cora comme les autres ! M\u00eame menu qu'ailleurs. \n\nCora c'est un OK pour moi. C'est bon, mais sans plus, les fruits sont trop souvent trop fermes et sans saveur. Je pr\u00e9f\u00e8re les endroits moins ' cha\u00eene ' mais il faut dire qu'a l'ile des soeurs, il n'y a pas grand chose d'autre pour d\u00e9jeuner, alors voila ! Ca fait du bien au bedon les jours de grasse matin\u00e9e !\n\nCocktail de fruits & panini-cr\u00eape = meilleure option.","neutral"
"461","restaurants","restaurants This is a cute little family owned spot, I've been here twice now, and have had great experiences both times. \n\nSince my mom is Korean, I have pretty high expectations for Korean food, and this place did not disappoint! The food is definitely authentic, and the owner is very friendly. We went once on a Thursday night, and there were a few other parties there, but not very crowded. The next time, we got carry out on a Saturday night and when we went to pick it up, the place was packed! The carry out did not take very long, probably 20 minutes total from ordering to pickup. \n\nWe have tried all the staples, dolsot bibimbap, galbi, and bulgogi. They all come with the normal side dishes, and are all delicious. There is so much food, but make sure to save room for the Green Tea Mochi Ice Cream because that is the best part!","positive"
"462","restaurants","restaurants great for wedding reception and for dates. very good food. get any of the steaks and deserts of course","positive"
"463","restaurants","restaurants I love this place!\n\nMy son and I were driving back from the Wisconsin Dells and decided to pull off for lunch and we found Fat Jacks on my GPS.\n\nThe outside of the place isn't very impressive, but some of the best bbq places I've ever been to have been dumps.  The inside is much nicer, decorated with local Wisconsin artifacts and pictures.  My favorite was the old beer bottle collection by the entrance.\n\nAnyway, we got sat and our waitress came over right away....super friendly and super nice lady.  We asked for a recommendation and she basically went over the whole menu and said everything was great, and after eating there, I believe her.\n\nI ordered the pulled pork lunch and my son got the fish fry.  When she brought over the plates, I knew we were in trouble...there was sooo much food! \n\nMy son's fish was very good, not greasy but light and flaky.  My pork was excellent.  The waitress asked if we wanted a hotter bbq sauce, I love spicy, so she brought it.  Excellent!  Smokey, spicy flavor.  The sauces on the table were really good too.\n\nIf you are looking for some good, casual, non-pretentious BBQ, Fat Jack's is the place for you!  Don't let the outside fool you, the inside is clean and the food is excellent and they give you a ton of it!","positive"
"464","restaurants","restaurants Good place for a meal while at the Casino playing. I drove across town to try the prime rib. I was looking for a great meal at a great price. The meal was average for the price. Friend had a BBQ hamburger that looked great. Mostly sandwiches and cafe food there at a reasonable price.","positive"
"465","restaurants","restaurants The first time I went to this place I felt a sense of comfort. The staff is very friendly and outgoing. I just so happened to meet a unique individual named Jerry. Before Jerry, I had just gone to a place  just to get a haircut. Jerry actually changd my mindset on having a barber for yourself. A person who knows not only your hair but you as an individual. I highly recommend checking this place out and if you are a person looking for someone who has a passion for leaving his mark and giving you a 100 % I suggest Jerry or any of the barbers that are there.","positive"
"466","restaurants","restaurants I love Greek food. I've been dying to give this place a try after passing by several times. Finally I stopped in for lunch. Monday, Christmas week the place was empty. No complaints there. Our waitress was extremely nice. And very informative. I visited Greece in May and the people were not nearly as friendly. The food was good. We weren't too hungry so no one in our group got a lot or was too adventurous. I had a gyro sandwich. It was really good. The manager came by our table to greet us before we finished our meal. I always appreciate that. Overall I look forward to exploring their menu more next time I'm in the area.","positive"
"467","restaurants","restaurants Well, my friend ordered the lobster Mac n cheese that ended up being served with no lobster and no bacon... Bacon chunks were brought after the fact. I ordered the meat & cheese board and was never asked my preferences on either. The cheeses were very random and not very good. The sliced salami was the size of a quarter. The best item of the night was the Winter Sangria, very good. Although Nosh is closer to where I live,  I probably won't go back to this place as there are 2 other wine bars in Chandler that are far better.","negative"
"468","restaurants","restaurants Yoforia is officially our household's #1 fro-yo destination!\n\nThe quality of the yogurt here is really high, but it's not too rich and overly sweet like some other places I've tried. Yoforia satisfies your hankerin' for something sweet and cold, but not leaving you guilty (lower in calories than ice cream and contains pro-biotics!)\n\nMy favorite thing about Yoforia (vs. places like Pinkberry) is that you can custom make your bowl yourself. I'm the type of person who wants to get 3 flavors and have a certain topping on each one (but still in the same bowl) and then only 3 raspberries, 1 blackberry, and just a pinch of coconut over it all... well if you're OCD like me, this is the place for you!\n\nFro-yo and toppings are weighed by the ounce, and in my opinion you get a really good deal as long as you don't go overboard.\n\nFavorite flavors: pomegranate, mango, taro\n\nThis Yoforia would probably get 5 stars if the parking lot out back wasn't so limited. On the weekends I have to park down the street and hike all the way. Meh.","neutral"
"469","restaurants","restaurants I'll say it again: it's a mall. The only difference here is it's in the ghetto Planet Hollywood and therefore a little more affordable for most folks. It's really dark though, and bathrooms are hard to find.","neutral"
"470","restaurants","restaurants Went w/ a grp of friends. Had the standard Pad see ew & Pad thai. Both were averagely good. (nothing crazy about them).\n\nHad NUA SAO RENU. number 56. Charbroiled beef with some tamarind sauce & dried pepper. Got it spicy, and it was pretty spicy. The meat & sauce was delishhh.\n\nAlso had the bbq pork, the meat was delish; presentation not so much. Was a plate with sliced pork.","positive"
"471","tweets","tweets @user I didn't watch it like I'm watching Naruto but have I sat &amp; watched some episodes? Yes","positive"
"472","movies","movies if mostly martha is mostly unsurprising , it 's still a sweet , even delectable diversion .","positive"
"473","restaurants","restaurants I've been there a couple time!\nAnd I love it! The staff is super friendly and i like the ambiance (not recommended for people who likes bright light and low music) but this is what makes the mood!\n\nI recommend you choose from the grill part of the menu! Filet mignon, salmon and pork chops are to die for!! So good!\nDon't forget the cevice, guacamole and calamry!\n\nEverything was yummy especially the Margaritas! \n\nI love this place and i would recommend it to anyone for a fun night with friends!","positive"
"474","tweets","tweets ""Everyday I'm like """"""""shit is it the 17th yet!? Did I miss the Kiryu project!?"""""""" &gt;&lt;""","positive"
"475","tweets","tweets Good morning Auburn Family! Today feels like a good day to beat Nick Saban and Bama at...everything! #thatincludesbeingbetterchristians","positive"
"476","restaurants","restaurants We had a wonderful experience here.  The service is top notch, and the wine selection is outstanding.  We ordered the yellowfin tuna appetizer - nice blend of flavors and textures (ponzu contrasts with crunchy fried veggies); ceviche that had generous portions of shrimps and scallops, and some oxtail (not at all greasy or fatty!).  Finally, the paella!  Took 40 minutes to cook, but well worth the wait.  We ordered the black blood sausage version.  Generous with the saffron, and the texture was perfect.  Only criticism was that the meat was a bit on the scimpy side.  While somewhat pricy, well worth the price...especially after making a minor killing on the the $1 slot machines right before (love those double diamonds!)","positive"
"477","movies","movies instead of making his own style , director marcus adams just copies from various sources -- good sources , bad mixture","negative"
"478","restaurants","restaurants Everybody that has reviewed Windsor has taken all my words.  I guess that's what I get for waiting so long to visit this gem.\nSo here's my two cents:  \nPenny 1:  The weather has cooled off at night, so sit on the patio and enjoy the awesomeness while drinking cocktail No 01.  That's Zero One.\nPenny 2:  Eat the macaroni and cheese.  We had the burger with it and they were both fantastic..\nWe made new friends at the bar and the staff was uber-friendly.\nI'm happy we turned left rather than right on Central.","positive"
"479","tweets","tweets Today's the day! The sun is shining! It is Star Wars Day my friends!","positive"
"480","restaurants","restaurants The Henry exceeded all of my hopes and dreams.... oh, the cheddar popovers... and the caulflower polenta... I salivate just remembering the delectable flavors.  The best haricot vert (green beans) you'll ever have.  Nevermind the secret ingredient is butter.  It's amazing. You'll eat all your veggies here without a complaint.  Did I mention that the cheddar popovers come with ham butter?   It tastes like ham, melted into butter.  Really, it does. How does that even happen? \n\nI had a prime rib special. Not on the menu, and you are missing out.  The portion of meat was huge (14 oz, I think!) and it was cooked to perfection, served with aux jus. It was some of the best meat I think I've ever had at a restaurant.   My boyfriend had the short rib, which either tied for deliciousness or came in a close, close, close second by a hair. \n\nThe prices are reasonable for the fantastic quality of food (plates $18 - 25 for the most part) and entrees include sides.  There is a good selection of interesting cocktails to choose from. I tried their version of the Moscow Mule with a twist.  It was great!  Drinks are a little pricey so check the drink lists before you order.  Waiters tried to upsell us on a bottle of wine that was $180.  Luckily, we checked the menu first! \n\nThe ambiance is nice - it's spacious, light and open yet the volume is comfortable and setting intimate for a nice date night out on the town.  There is a huge patio, which I'll be excited to check out soon. I love the casual furniture that makes it feel warm, welcoming & casual if you are just going for drinks and to lounge with friends for happy hour. \n\nI can't wait to go back and explore the menu, so happy that this restaurant is in my Arcadia neighborhood.   Hold onto your hat Chelsea's Kitchen and LGO - the Henry is in town!!  This is the first Fox Concepts restaurant that I have given 5 stars to and will wholeheartedly recommend to anyone who asks.  Go forth and enjoy!!!","positive"
"481","restaurants","restaurants Would have given it one star if it weren't for Calvin Harris and my friends. I was on a highly respected persons guest list for wet republic and when we got there we walked up to some goon worker to ask where the guest list line was, and he dismisses us, didn't look at us and said \""it closed at 2\""  and i said \""its 5 minutes after 2\"" and this loser mocked me and and talked in a girl voice and said \""Oh! I didn't know that omg!!\""  Really loser? I told him whose list i was on and he pretended to not know who he was. It's my 25th birthday and I'm here with 5 beautiful women and this is how you treat your guests? So i called my contact and he told me to go straight in, to which the same loser employee would not let us go!! We ended up waiting two hours in line and had to pay a ridiculous price , and only saw calvin for 30 minutes. Every person who worked there was so rude. I had a horrible experience. Will never go back there. The pool is filthy, the drinks are overpriced, and i would over look all of that but i will not overlook rude disgusting employees. I am so polite and they made sure my birthday was horrible. If i spent all that money, i better be treated well. And i wasn't. Too bad.","negative"
"482","tweets","tweets The best politicians tell people the truth, not what people want to hear.  Angela Merkel is awesome!","positive"
"483","restaurants","restaurants I think everybody looks good in a red room, so fun fugly folk like to hang here.  And I'm OK with that.\n\nDon't bother coming here to dine (honestly, I don't know why they even bother), but do come to swill.  Lots and lots of tasty boozy concoctions (it certainly helps that I looooove vodka) to enjoy.  And an ICE bar.  Imagine a drunken striptease on that??  Super sexy one moment, catastrophic the next.","positive"
"484","restaurants","restaurants I'm always running late so I just run in and grab and go. They didn't have the snowman doughnuts I was really hoping for ... but nonetheless the ones I did pick out were fresh...but I'm wondering where they're made? 'Cause if its close... I'm there! The store seemed kinda trashy...maybe it was just the people in line in front of me... really folks... how hard is it to pick out a KK??","negative"
"485","restaurants","restaurants Although my boyfriend and I eat at Cheesecake factory often, eating at this location was definitely an out of ordinary experience.Things that went wrong with our meal: first the bread was cold, then one of the dishes went cold while waiting for the other dish to be ready, and finally, I bit into half a toothpick that was accidentally left inside my chicken breast. \n\nYet despite the many mishaps that happened during our meal, our waiter and the manager provided the best service possible and were very apologetic. They redid both our dishes wonderfully and served as a new basket of bread. We even ended up getting the entire meal for free since the manager felt so bad for all the things that went wrong. 4 stars for the second batch of food and service! We will definitely be coming back during our next trip. :)","negative"
"486","movies","movies an enthralling aesthetic experience , one that 's steeped in mystery and a ravishing , baroque beauty .","positive"
"487","restaurants","restaurants My husband and I live close by and decided to try Alessia's. When we walked in we were greeted by the bartender who said the hostess would be right back. We waited a few minutes and she never came. I was hugging my husband and this waiter decided to come up behind me and say hello as if he were going to seat us. I immediately let go of my husband only to find that he was just saying hi. The hostess still was not there so after a minute the waiter seated us and told us to sit where ever we wanted. So what was the point of waiting at all??? Anyways...\n\nWe browsed the menu and noting really seemed that appetizing to me. My husband asked the waiter how big the portions are for the fettuccine alfredo. The waiter looked at my husband like he was an idiot for asking such a question and said, \"" I don't know, like average?  Does that make sense?\"" My husband was pissed, but blew it off as to not ruin the evening. We ordered the fettuccine alfredo to split which came with a salad. The salad was good, but the alfredo tasted like EASY MAC! I would have sent it back, but I didn't want to make my husband feel bad because he chose the restaurant and I was hungry. The alfredo wasn't enough food, so we decided to order calamari from our SECOND waiter. Yes, they have multiple waiters as if they are TRYING to be a FIVE star restaurant, which they are not even close. Then our FIRST waiter came back to ask us if we wanted dessert, when we had just ordered something. I just think it is unorganized and confusing to have five different waiters. I felt like no one knew what was going on and that we kept getting interrupted. \n\nNormally at Italian restaurants the calamari is fried, but not here. They set it in front of us and I was horrified. I did not want a nasty rubbery ring tomato soup. We sent it back and decided to just forget ordering anything else. We received our bill and noticed there was a $4 charge for \""splitting\"" the EASY MAC. This place is such a rip off. We paid $18 for a two small bowls of EASY MAC. We did not see on the menu that there was a charge for splitting meals because if we had we would have not split a meal. I will never in my life come back to this place ever again!","negative"
"488","tweets","tweets Brother Ali is the TRUTH! Catch him tomorrow at Dazed Out with Atmosphere, Snoop Dogg, and Dilated Peoples. #DazedOut","neutral"
"489","restaurants","restaurants When I was a college type in Madison, I ate here every_day. I'm not lying. At the very least I would get the Thai fried rice. It was an expensive but fulfilling activity. \n\nThe Singapore noodles and curry squash are second to none and I have eaten at many a Thai restaurant.  We have made the drive just for the food several times.","negative"
"490","restaurants","restaurants Didn't love this place. The service was stiff and unfriendly. I ordered a glass of Pinot Noir and it was fair, yet it cost me over $15, ouch. Yes, I know this is a resort and the costs are higher, but at least make it a decent Pinot. The other 3 I was with were unhappy too. The server never came back to see if we wanted another glass, if we needed anything else, or to thank us. The place wasn't even that crowded, it was a Wednesday. Skip Rouge and find somewhere else.","negative"
"491","tweets","tweets Plz halp. I need to see The Weeknd at the Oracle in December.","neutral"
"492","movies","movies a serviceable euro-trash action extravaganza , with a decent sense of humor and plenty of things that go boom -- handguns , bmws and seaside chateaus .","neutral"
"493","restaurants","restaurants Probably the best Chinese food I've ever had, and I don't really like Chinese food. My husbands friend is from China and he recommended the place. He even went with us and ordered in Chinese. The menus are all in Chinese and English - very authentic with many, many choices! \n\nFamily style dining with a big lazy susan in the middle to make sharing easy. Loved the orange chicken - lightly breaded with no chewy fat pieces like I'm so used to getting at other places. My brother got the sweet and sour ribs and they were also delicious. \n\nWould highly recommend - its even cheap, under $10 a plate (big enough for 2-3 people to eat from with complimentary rice)","positive"
"494","restaurants","restaurants This place was just built right by me, so naturally, I was stoked to go! I had never heard of Rudy's but there seemed to always be the longest line ever to get in. Needless to say, I had to try it! Once I got inside, I was a little surprised... It was almost like a fast food kind of restaurant. You walk up to the counter to order and the seating is all bench styled open seating. Not super ideal but kind of open and friendly at the same time.\n\nI'm not super big on spicy things and it turns out that even the least spicy thing there was, ultimately, too spicy for me... including the baked beans. But it was still pretty tasty. There was no real option to get any kind of veggie unless you wanted some okra or something random like that. \n\nNot my favorite place, but neat for something new and different.","positive"
"495","tweets","tweets The 1st season of Hand of God, with @user will be available 9/4 on Amazon Prime.  WTG @user Loved you in Blacklist!","positive"
"496","tweets","tweets It's going to be a BIG weekend! Pride parade, official Patio Day &amp; a holiday Monday. Check out out hours--&gt;","positive"
"497","restaurants","restaurants This place is a delight. Vegetarians, many of the dishes can be made meatless, so don't be afraid to ask. In fact, they have SOY-rizo which you can substitute for the Mexican chorizo with a couple entr\u00e9es. This tells me all is made to order (I approve!) The decor is more homey, artsy/craftsy then fancy/schmancy. Not my taste but the effort is appreciated. Don't forget to BYOB... or on certain nights, when you order 2 entrees and an appetizer (they call it a \""small plate\"") you get a complimentary bottle of wine. We finished with coffee and flowerless chocolate torte. Perhaps the best I've ever had in my long dessert-filled life. FRESHly brewed coffee (just for me!) makes all the difference. The chef/owner came out to say hello and check on us. An appreciated touch. Would recommend and will return (that the chocolate tort better be on the menu!!!)","positive"
"498","restaurants","restaurants What an absolute horrific experience I had here.  Not only did they get my order wrong, but then insult my intelligence offering a $3 dollar coupon off on my next order.  I finally get them to offer me a free order the next go around which I accepted.  This is when it goes to an all new high.  After explaining once again to the manager who had no idea what I was talking about, instead of them making it right I was told to get the fuck out of there store.  I was threatened by the owner who called me a fat fuck and told me I didn't know who I was dealing with that he fucks bigger guys like me all the time.  He threatened me with bodily harm, He picked up a two by four and told me he was going to bash my head in with it.  All this over $20 dollars.  He then calls the police whom I anxiously await for, only to be told that I'll need to file a small claims suit in court.  I gave them the chance to credit my credit card or to make it right and this is how they chose to handle it.  I beg of anyone considering ordering from this place to reconsider and go elsewhere.  Nobody should have to go through this and I am starting my smear campaign to have this place shut down.  \n\nDonald M","negative"
"499","restaurants","restaurants very sloooowwwwwwwwwwwwwwwwwwww.\n\nbut fine pancakes.","neutral"
"500","restaurants","restaurants Had the 1 meat plate [$10]  Brisket was fresh & amazing.  It was just thing I was craving.  My sides were the baked potato casserole & greens beans.  Friendly staff too!  Ended up getting kids sized cups for 1.50.\n\n[*] I let them know I had cold Brisket they were apologetic & told me they'd have fresh Brisket out for me.  Sure enough they did!  Came right out with a huge serving I took a photo of the nice portion.","positive"
"501","tweets","tweets I just need it to be Sept 4th go see Eric Church and then spend the rest of my weekend up my cabin with my best friend...","positive"
"502","tweets","tweets @user Yea gonna watch Family Guy for a bit and try one last time in about half hour, if not i'll wait til morning i think""","neutral"
"503","tweets","tweets POSTEROUS IS GONE!! All data lost Friday? Not even server message up today.   I've lost 3.5 yrs of posts!  Have you checked your Posterous?","negative"
"504","movies","movies a fascinating , unnerving examination of the delusions of one unstable man .","positive"
"505","tweets","tweets Chris Christie and John Kasich make the cut // Ricks Perry and Santorum do not","neutral"
"506","movies","movies a feature-length , r-rated , road-trip version of mama 's family .","positive"
"507","restaurants","restaurants I was expecting this place to be good! \n\nI had a cracked outside faucet. The gentleman from #1 arrived on time and after hours, so this was good, but when he arrived he was talking to someone else via bluetooth the whole time he was talking to me, and rather than repair the wall he spent our entire interaction trying to upsell me to another contractor. He outright refused to repair the wall, claiming I needed thousands of dollars of work done and I needed to get work done by this \""emergency restoration\"" contractor he was very clearly getting a kickback from.\n\nAfter consulting with several knowledgeable individuals it became abundantly clear he should've just sealed the wall and been done but instead he left me with a giant hole in my exterior wall, a mess on the floor, also he said \""worst case\"" would be $400 dollars if the pipe was all twisted in the wall, and it wasn't, so he charged me $376 instead. And he spent most of the time on the phone.\n\nI wonder how much he gets for \""referrals\"" to emergency restoration. Anyways I now have to get another contractor out to finish the work that #1 plumbing started.\n\nThey should call it \""#2 plumbing\"", because they do a sh*tty job.","negative"
"508","movies","movies as an introduction to the man 's theories and influence , derrida is all but useless ; as a portrait of the artist as an endlessly inquisitive old man , however , it 's invaluable .","positive"
"509","tweets","tweets #gotohell tour starts tomorrow! Show starts at 615 at the side bar in Tallahassee. Go Radio\u002c Paradise Fears\u002c Stages\u002c and Solid Gold Thunder!","neutral"
"510","restaurants","restaurants OK- I hate to write a negative review, especially at a place I've only dined once. Maybe they were having an off day. Maybe their chef died and they brought the janitor to fill in (no disrespect to janitors!). I don't know what happened, but I do know that it was one of the worst meals I've ever had! My friend and I both had panini sandwiches; his was sausage and peppers, mine was chicken with some sort of cheese. The sausage wasn't great, the peppers almost tasteless, and neither sandwich was made on a panini press. Someone took an Italian roll (not a very tasty one either) put grill marks on the top and stuffed the appropriate filling inside. Not a panini!! The sandwiches gave new meaning to dry and tasteless.  But what really makes me write this review is the so called tortellini soup. Just looking at it, I knew it wasn't soup. The broth was a translucent gray with green stuff floating in it. I was being served tortellini pasta water with pesto dropped on top! The people involved in this restaurant should truly be ashamed to serve this so called food. The restaurant is in a nice place- get someone who can cook a decent meal, preferably, someone with taste buds.","negative"
"511","restaurants","restaurants Opus is where classy and casual meet for a drink and a bite to eat.  Cocktails are the star of the show here, and I've really enjoyed the ones I've tasted  \n\nPersonally, I'm a pretty serious craft beer nerd, and I'm quite pleased with Opus's relatively short but very well-curated tap list.  They pour a nice mix of brews from Madison and beyond, with solid representatives of the major genres plus some interesting entries.  While it's not an expansive list, it's very well thought out and sure to satisfy.  \n\nI've sampled several appetizers including sushi rolls, sweet potato fries, chips, and the addictive sweet/salty/spicy nuts and enjoyed them all.\n\nService is absolutely top notch.  At a large event tonight, our charming server , Jessica, not only kept a drink in every hand but knew exactly who ordered what and needed no sorting out of drinks among our large group at the end of the evening which was very impressive!  \n\nThis little spot has a wide range - I'd come here with a big group like tonight, a quick solo or small group drink after work, and anything in between.","positive"
"512","movies","movies may be the most undeserving victim of critical overkill since town and country .","negative"
"513","restaurants","restaurants We have heard about this place FOR YEARS as one of the top breakfast places in AZ.  We just never want to drive all the way to downtown Phoenix for breakfast.  Serendipitously our flight was taking off from the gate right next door, so we thought we would give it a try.   Bluntly - the food sucked.  It's truly unremarkable.   It took forever to get our food (people who arrived after us got their food first - a major no-no in an airport) and when it arrived - the pancakes were cold (butter wouldn't melt) and it was tasteless.  It doesn't matter if you order bacon, sausage or ham - they all taste exactly the same (I order the Matt's BB my lady order ham.)  Our waiter was great, but how do you recover?  You can't make me another entr\u00e9e (I have a flight to catch) and giving me a voucher to come back, when I won't - won't work.  I travel about twice a week and have favorites and this is not one of them.  If you want good food, walk over to the high B's (near B17) and go to Cowboy Caio or arrive early and stay outside of security for Chelsea's kitchen.  Matt - I don't know who you are, but your breakfast sucks and there's nothing BIG about it.","negative"
"514","tweets","tweets @user Were going to be at Boys and Girls Club to clean tomorrow at 10am. They told us to bring boots and gloves. All are welcome.","positive"
"515","restaurants","restaurants Really good place to eat. Burgers are good and the sandwiches too. Their hot dogs are grilled not steamed, way better that way.  The owner is real a real hospitable, friendly guy.","positive"
"516","restaurants","restaurants The food wasn't too bad.. atmosphere was nice and fun.. a decent place to go eat when you're tired of shopping and hungry! :)  I had pasta and it was pretty good.. the portions are decent and it was more than enough for me.  the waiter was really nice and they offered us free desert because it was my friends party :)","neutral"
"517","tweets","tweets My first semester as a college student is about to end and all my savings will disappear tomorrow all because of The Vamps nice","positive"
"518","restaurants","restaurants I ate at Beaudevin on the way out of Charlotte airport (finally!). I think I might have made the wrong choice when ordering. I was between the artichoke fondue small plate and the chicken sandwich. I asked for the waitress' opinion, and she said the fondue... went with that. Well.... I wouldn't say what I got was fondue. What does the word fondue imply to you? To me, I picture hot bubbly cheese. This was a cold spinach artichoke dip. Hmmmm... not what I was expecting. It wasn't bad, but it wasn't anything special and it was totally overpriced beyond belief. The other food looked good, so I guess that was my mistake. Regardless, based on my experience I can't recommend this restaurant.","negative"
"519","movies","movies road to perdition does display greatness , and it 's worth seeing .","positive"
"520","restaurants","restaurants Wanted this place to be good because I often stay at a hotel down the street.  It was not good.  Service was terrible.  Drinks took 20 minutes to get there, had to ask for silverware, salt and pepper and red pepper., server was cute  an bubbly, but she was bad at her job.  Double charged for glass of wine, never checked back after entrees arrived.  Food was Ok and priced right, but too much to overcome.\n\nWon't be back.","negative"
"521","restaurants","restaurants My wife and I went in around lunch time. There was literally no one there and no one acknowledged that we were there for several minutes. There was only one item in the entire glass case. We stood around awkwardly until we saw the laminated menus in the holder on the wall. \n\nWe decided to try a juice before we ate so I ordered a carrot-orange juice. It was about $5 and came out luke-cold. I felt pretty disappointed at that point to we left. \n\nIt is a really cool looking place but the service and food seemed really sub-par, especially for the price. I see a lot of positive reviews so I may try this place again but my time there was definitely a 1-star experience.","negative"
"522","tweets","tweets ""I've been listening to J Cole's and Kendrick's Black Friday.I mean even if it isn't a collaborative project, let the niggas drop some fire.""","neutral"
"523","tweets","tweets @user Chet Faker and Kendrick for me. Giraffage was dope too. Had to work the booth Sunday night but I still heard Elton and Sam Smith","neutral"
"524","tweets","tweets Interesting that Gregg Williams\u2019 affadavit was just signed on Friday.","neutral"
"525","restaurants","restaurants One of the most disorganized Apple Bee's experiences.\nThe service was rushed at all times. This rush caused the main course to arrive before the appetizers. Big screw up and all the waitress had to say was \""at least you have more food at once\"". Ridiculous is all I can say. The bourbon shrimp and chicken had a strong burnt taste which is unacceptable on all counts. The boneless buffalo wings were the only thing worth having. \nThese folks seriously need to get their sh!t together.","negative"
"526","restaurants","restaurants While reports from the table on the tamales and the poblano cream chicken enchiladas were good, the enchiladas were rated just ok, the chili rellenos were a huge disappointment. Advertised as New Mexico chiles they were no more than your average  anaheim peppers in a pre made coating that was flat and tasteless. When you expect the 7 to 8 inch spicy New Mexico pepper and you get a 4 inch anaheim you really don't want to return. We won't be back.","negative"
"527","restaurants","restaurants Just went here and really loved it.  The owner is pleasant without being obnoxious.  The pizzas lie somewhere in between a high quality American style pizza and a Napoletana pizza.  We had a caprese salad with high quality tomatoes and medium quality mozzarella.  The basil, olive oil dressing was wonderful.  The pizzas are tasty with excellent ingredients.  \n\nThe atmosphere is simply wonderful and cozy.  It's a small space but interesting and nicely decorated.\n\nFor amazingness I still rank Pomo #1 for pizza, Andreoli #2 (they only serve pizza a couple of nights a week) and Bosco is in the next category.  This is a great place so make sure and give it a try.","positive"
"528","restaurants","restaurants Possibly the worst meal I have had in Vegas\n\nDon't have the Lamb they have no clue how to cook it. Tough and cold\n\nService was average I hate places that add 18% to the bill for a table of 6 as the patron has no way of expressing his displeasure\nThe view is simply not worth it go to the Rio instead","negative"
"529","tweets","tweets ""If you're planning to watch Ant-Man, make sure you stay to watch the 2nd footage after all the credits.""","positive"
"530","tweets","tweets Swan newbie duo Steph &amp; Bentley hit the stage tonight for another massive FRIDAY NIGHT LIVE!","neutral"
"531","restaurants","restaurants Pizza. Go here if you like pizza. Pizza. : )","negative"
"532","tweets","tweets Having the NY Marathon on Sunday is like having a parade in Raccoon city right after the T-Virus went airborne.","positive"
"533","restaurants","restaurants I have had (almost) nothing but horrible experiences with the management since moving in. My girlfriend and I originally planned to move into Hawthorne in February, but due to our work schedules had to move in sooner. When I called- on a Thursday- to ask about moving the date up I was told that they'd have the unit I wanted & that was listed as available ready by the end of the weekend since it was an \""upgraded\"" unit. Two weeks later when it's finally \""ready\"" I picked up our keys (which were the incorrect ones) and learned that we had no running water because they had cut it off due to doing a horrible job redoing our tub. On top of that, our heat didn't work. At all. For probably the first 3-4 weeks that we were here. In January. Luckily we have a fabulous maintenance man, Sharron, who went above & beyond what we expected and even left his personal space heater here for us. The \""upgrades\"" are awful, apparently painting over super old cabinets is something to pay $200 extra for per month, and we went at least a month with a random kitchen drawer missing. Now that we're about 9 months into our lease, I can honestly say that moving to this complex has been a huge mistake. \n\nSince the buildings are so old and the appliances suck we end up with huge power bills and even went through a 3 month long phase where we couldn't have our tv turned on while the microwave was running without having a circuit blow. Which generally wouldn't be a problem, but the circuit breakers aren't located in each unit, they're all located in one person's unit per building. Management knew of the issue and their suggestion was \""to get to know our neighbors.\"" Finally after multiple issues (& complaints to corporate) involving our electricity- including going without power in the 1st floor of our unit for 17 hours- it has been resolved. You basically have to beg & plead to have maintenance issues resolved in a somewhat timely manner. There's also a huge issue with the online rent payment & destruction of the property by random neighborhood kids. \n\nYes, this is cheap for Plaza Midwood but it absolutely is not worth it.","negative"
"534","restaurants","restaurants Not bad but not worth the price.  I had jambalaya, which the server gushed about, but it was made with soggy orzo instead of rice which, being Asian, seems just sacrilegious to me.  My husband had the roast chicken, which was just okay, and he was peeved about having to order asparagus on the side.  Someone else at the table ordered a duck dish that had a nice, round flavor to it.  My cocktail was kind of gross--some monstrosity with big slogs of ginger chunks in it.  I like ginger but I don't like it that much, kids.\n\nThe best thing about the meal were the appetizers.  I remember the crispy shrimp toast one which was delicious.  If I had to come here again (not by choice, probably), I would like to just get a bunch of appetizers to share.\n\nThis restaurant made me feel ripped off.  One goes to Las Vegas to feel baller, not ripped off.  Oh well.","negative"
"535","restaurants","restaurants I HATE this gym. The ladies locker room is atrocious. I had the pleasure to witness a staff member being trained and the \""trainer\"" told her trainee, \""I just do a quick walk through once a shift and if it doesn't look too bad I just sign off\"". No wiping down of the counters, no replacing soap or paper towels? Really? It literally smells like dirt and not occasionally. It smells all the time. I understand locker rooms may/can have some odor associated with them, but it literally smells like I'm face down in a pile of dirt. It is in desperate need of a deep clean. The equipment that they have is bare minimum, but I don't feel the need for frills when I'm working out. What bothers me is that they regularly have multiple machines broken that don't get fixed for weeks on end. Four treadmills out of order when you only have sixteen treadmills to begin with is not cool. Even less cool is not having signage stating machines are out of order and me moving to find another machine that works and finding out that one doesn't work either. I've even mentioned the machine outages to the staff and come to find two weeks later that the same treadmills are still broken and still no signs informing me of such. I used to like this gym, but I refuse to go back. I'd rather drive a few miles down the road to go to a gym that has working equipment and clean locker rooms.","negative"
"536","restaurants","restaurants I'm a pretty new patient and was referred to Stockton Dermatology by a trusted friend who works within the specialty healthcare industry and has insight into the best Derms in the state. Although it's true Dr. Stockton is booked out until 2014, I have been extremely happy with Laura Devlin. The care I have received for myself (skin cancer screening, biopsy and Mohs surgery referral) in addition to treatment of my 2nd graders' skin condition and my daughter's acne have been outstanding. The office is modern and professional, and the medical staff are very helpful. I was really surprised reading the yelp reviews because I haven't had those experiences. Yes, you will see cosmetic related advertisements in this office, but that is because this practice happens to offer aesthetic services as well. Not once have I felt pressured to consider cosmetic procedures or services at any of my appointments - although I wish I could afford them! I also don't have the best insurance plan, but I was never given any problems. In fact, they took the time to find me a doctor they trust to perform my surgical procedure that would accept my plan so that I did not have to deal with the frustration of doing it myself. It's true they are sticklers about being 15 minutes early for your appointment; however, they were upfront about this when I was scheduling so I was not surprised the one time I was running late that I had to reschedule. I am really happy with Stockton Dermatology and trust the quality of care they provide. I plan on continuing my relationship and would highly recommend them.","positive"
"537","tweets","tweets ""Any conference where the first speaker is named David Bowie can't be a bad one. (No, he's obv not that Bowie).","neutral"
"538","tweets","tweets Labor Day may be past, but we still have plenty of grilling weather ahead.  One of the many joys of living in...","positive"
"539","tweets","tweets @user The next time you call me such a name, you may have to tell Mikasa that you can no longer make children... *Gives a rather--""","positive"
"540","restaurants","restaurants Great place to stop off before my flight. I was flying Southwest back to Denver. I arrived 2 hours in advance, the airport and Southwest suggested I arrive 90 minutes in advance. Because I was so early I needed something to chew up some time. I came across this place just after going through security and I was quite excited because with it I could just sit back listen to a book on on my iPod and drink my smoothie. Staff was amazingly friendly, it is Vegas and I guess when your in a town focused on service you are probably pretty customer service focused. there wasn't a wait or a line. Strangely enough the Jamba Juice by my house always has a line, regardless of the time of day. \n\nGreat place to relax while waiting for the flight to leave.","positive"
"541","tweets","tweets ""Get ready for Wednesday's presentation at WF-IoT in Milan, about Smart IoT Notifications","positive"
"542","restaurants","restaurants I used to like Chili's, but they (along with Applebees, Ruby Tuesday's, and TGiF), have gone down hill. Service wasnt all that bad, but the food was. Ordered the Monterrey chicken, and out came this slop of cheese and bacon over a sad piece of chicken. My gf ordered the Margarita chicken, and it was swimming in what looked like leftover margarita mix. Do yourself a favor and goto On the Border next door, or Moe's across the street.","negative"
"543","movies","movies rife with the rueful , wry humor springing out of yiddish culture and language .","positive"
"544","tweets","tweets ""Attempting to read """"Paper Towns"""" in one sitting so I can watch it's final showing tomorrow at Macquarie Shopping Centre.""","neutral"
"545","tweets","tweets guess who's going to sit in a tub and listen to fleetwood mac and pretend tomorrow isn't Monday? me","positive"
"546","tweets","tweets @user Looking forward to the Lions game tonight. Tele on, sound down, and Church on the radio. And the Rey with a form to dream of!""","positive"
"547","restaurants","restaurants I started off with 5 stars on this place but after my last 2 visits, it dropped to 1 star.  \n\nWhen I walked in the last couple times I was treated like I was annoying him because he was in the middle of eating his food.  When we finally got over the attitude this last time (after is asked if I was bothering him by wanting to spend my $ there) I ordered the street tacos.  The brisket was mostly fat and the tortillas were dripping oil.  After taking a couple bites I threw the food away.  This is not the first time this has happened but it is the last.  I thought I would give this joint another chance and they continued to fail me.  Stay away from Ryno's.","negative"
"548","tweets","tweets ""For Hulk Hogan's restaurant, Hogan Beach, it's business as usual - Sioux...: ...Hogan Beach. On July 10, Colto...","neutral"
"549","tweets","tweets @user if you love pinups and Burlesque check out The Burlesque Assassins film premiere in Baltimore on Nov 9 at Creative Alliance.","positive"
"550","restaurants","restaurants Me and the wifey were craving fish so a search on Yelp lead us here. Seeing that some of my trusted Yelp buddies have already done a review on this place, I would say the decision to come here was a good one. With that said, I just found it ok. I may not agree with the reviews, but I respect their opinions.\n\nFirst off, the prices here are a bit lower than what you would find at a higher end seafood place so that's a good start. Their menu options are pretty simple to understand. I opted for the Tilapia Cajun style. Comes with Cole Slaw and one side so I opted for Kale Salad. Im not into Cole Slaw so I substituted it for Grilled Veggies, which was a dollar more. My wife went with the Seared Ahi Cajun style with Kale Salad and substituted Brown Rice for yet another dollar more. \n\nThe Tilapia was decent. It was nice and flaky but I thought it could of used more seasoning. Since I had it Cajun style, I was expecting a bit of a kick to it, which I found none of. The grilled veggies were really good. You got sliced carrots and red bell peppers cooked just right with that little bit of crispiness to it. My wife's Seared Ahi was just ok. Again, hardly any of the Cajun flavor was evident. The Brown Rice was just ok.\n\nNotice I didn't mention the Kale Salad. It's because that salad is worthy of it's own paragraph! Now I have never been much of salad eater and when I do, kale is definitely not my first choice but after experiencing it here I was hooked! Their Kale Salad by itself is worthy of a 5 star rating. From what I recall, it had sliced strawberries, almonds and carrots. As for the dressing, it had a strawberry infused poppy seed vinaigrette type of taste to it. I kid you not if this was all I had for lunch or dinner I would be satisfied! So whatever you get here, make sure the Kale Salad is a part of it or your trip is going to be a waste!\n\nBecause of the tasty Kale Salad, that is what prevented me from giving this place 2 stars instead of 3. Why you ask? Well I am spoiled by my favorite fish place called California Fish Grill that has several locations in Southern California. Memo to the owner: Check these guys out and you will know what you are dealing with. Their prices are a bit cheaper, the portions are a bit more, and when you get the Cajun style flavor, you actually get the spicy kick you are looking for. You also get different salsas you can put on your fish at no additional charge. \n\nSo overall, I still need to find a place that is comparable to my favorite place in California. But for awesome Kale Salad, this is my go to place.\n\nYelp 2014 365 Review Challenge #2","neutral"
"551","restaurants","restaurants This was my 2nd trip to the Italian Grotto, I live in old town and try to support the locals.  Both times were week days and the place was pretty quiet, we were seated right away and both the waiter (Brandon) and the owner were very nice.\n\nI had the chicken fontina and my friend had the chicken benito, both were excellent.  Brandon was very attentive and made sure our wine glasses were full.  It was my friends birthday and Brandon gave us a free dessert, which was also very good.  \n\nThe owner is sometimes a little loud, but has never been rude.  I think it might be the east coast thing.  All in all, the prices were good, food was awesome, and our service both times has been exceptional.\n\nI love it when the windows are open!!  \n\nOh, I did hear they were trying to make some sort of patio.  Which would be dog friendly,  yuck, I don't like dining with animals.  So we'll see....","positive"
"552","restaurants","restaurants While sitting outsite this location (Wells Fargo Bld 3) It came across my mind that I could write a review about my 1st, 2nd to last vistit, and my last visit. While searching YELP to see if it has reviews.. I notice IT DIDN'T under the name on its sign. \n\n---JACKSON'S JAVA COFFEE HOUSE---\n\nWell I came back to the office to see if i could pull it up on my CPU instead of PHONE. Well low and behold. Here's some reviews.. for JACKSON'S JAVA. (hmmmm wonder if they are the same, or some ez Close-to name knock off. (if you ever seen Coming To American... McDowells vs McDonalds)... anyway\n\nWell, I work around the area and desided to come by a few months ago. \n\n1st trip... new \""rookie\""\n2nd to last trip.... (about 2 weeks ago).. I ordered, Waited, Watched (ppl come in with some sort of VIP card)  and Wondered \n\n(** are you keeping count.. thats 3 Ws**)\n \nwhat all they fuss about this card this guy and the next lady had. Welll, I didn't ask. (I don't come often enough to really care) but thought it was some secret coffee society type thing.\n\n*** My last vist (as in the last time I went, NOT the last time I'll go) I stopped in for some Chi Tea.... pretty good. \n\nThe service is always \""friendly\"", quick, and the to point. \nPrices are good.\nIts a little tight when crowded.\n\nGo Enjoy\n(Ask about the card thingy-majig if you dare.... ekk ekkk ekkkkkkkkk!!!!!!)","negative"
"553","restaurants","restaurants I honestly wish I could give 0 stars! This place was horrible.\n\nI went in for a fill and they wanted to charge me $25 dollars just for a damn fill!!\nThe owner i'm assuming told me they charge clients more if it takes longer to do their nails! What in the flying F?! I didn't even get my nails painted there. I begrudgingly paid the $25 dollars and went else where to get my nails finished.\n\nI honestly cannot believe this place or the fact they charge such a ridiculous price!\nAny other nail salon i have been to a full set cost 25 or more a a fill is at most 20 dollars including a style!\n\n\nNEVER EVER GO HERE!! You have seriously been warned!","negative"
"554","restaurants","restaurants I went in to have cateract eye surgery in both of my eyes which began in Nov. 2012.  The two surgeries were done 2 weeks apart.  I was sold for an additional $7000.- above Medicare and Blue Cross charges to have  lens implants that would not require me to wear glasses after the surgeries.  One of the lens's that was implanted in my eye was not centered and 3 weeks later, it had to be removed and replaced with a different lens.  Both eyes had laser surgeries.  My left eye also had retina work after the initial implant (supposedly my retina was torn in 3 places.  Also in my left eye, I had to have cornea surgery on my eyelids.  Finally after 7 months of office visits and surgeries, I decided to get a second opinion from an outside opthamoligist.  He explained to me that the LensX ($7000.-) should NOT have been used for me due to my stigmatisms.  I asked why Dr Perkins recommended it to me, and was told that it was all about additional money.  To date, my vision has become alot worse prior to going in to Barnet Dulaney Perkins.   NOW, I have eye glasses for both reading and distance.  STAY AWAY FROM THIS COMPANY- THEY ARE A TOTAL BUNCH OF CROOKS AND NOT VERY PROFESSIONAL.","negative"
"555","tweets","tweets Kristin Chenoweth will be on Over The Rainbow sunday night! 8pm CBC. Here she gives me a singing lesson. I\u2019m bad.","neutral"
"556","restaurants","restaurants Stopped in to check out Party USA because my kids love Party City.   As I was walking in I noticed a bouquet of balloons for $99 dollars!   Uh-mm, I don't think so!    Sorry PARTY USA, I will never step foot in your stores again.  This place is so shady it doesn't even have a website.","negative"
"557","restaurants","restaurants Great Pizza. Great concept. For a hotel that builds its brand off of opulence and grandiosity. Its good to know that the Cosmopolitan isn't without a sense of humor or irony.  To find the joint,  just go down the out of place white tile hallway with crappy florescent lighting, you'll arrive in a room the size of a shoebox serving some of the best pizza I've had in recent memory.\n\n\nGreat food, great concept. Well done Cosmopolitan. It looks like management has a few risk takers.","positive"
"558","tweets","tweets Can Channing Tatum be a stripper again just for me on my 18th Birthday?! ;)","positive"
"559","tweets","tweets @user It may not even take place at all if Milan dont start getting the desired results. Investors dont find us attractive anymore.","negative"
"560","restaurants","restaurants Elm Rose, with its neat Rennie Mackintosh styling, offers good quality soup, sandwiches and other lunchtime treats. It's well worth a visit, next time you're in the neighbourhood.\n\nOverall, we said: \""Elm Rose was pretty good. I don't think they're offering anything too outstanding, but it's a place I'd happily pop in, next time I'm passing. There's much to be said for places that keep things smart and simple, and that's the category into which Elm Rose neatly fits.\""","neutral"
"561","restaurants","restaurants I love Picazzo's!!! If you are gluten sensitive or not this is the best restaurant- give it a try you won't be disappointed.","positive"
"562","restaurants","restaurants I love giving buffets bad reviews, because I just don't like the concept of all you can eat.  With that being said, let me tell you about Studio B.\n\nThe food was good.  The selection was even better.  It's nice to see tabbouleh and galbi on the same selection menu.  Even the kim-chee was on point.  The pesto pizza was surprisingly good, and I'm so picky about pizza, but something about the look of it made me want to try it.  The oxtail soup was also on point.  I'm 100% sure I've never seen oxtail soup offered at a buffet.  \n\nThe desserts were also good.  Pecan tarts, cheese cake, creme brulee and a little cup of gelato for cleansing the palette.\n\nThe prime rib was juicy and seasoned very well.  A little fresh horseradish and au jus did the trick.  The killer part with this whole deal was that I went for Sunday brunch.  I may have to go back during dinner hours to see if this place is legit or just a mirage.\n\nI stand corrected...","positive"
"563","movies","movies a sexy , peculiar and always entertaining costume drama set in renaissance spain , and the fact that it 's based on true events somehow makes it all the more compelling .","positive"
"564","tweets","tweets michelle obama would be a great president man just think about how she never sat on her ass while her husband was running","positive"
"565","tweets","tweets Three things I'm excited for Monday: 1)Addict Dance Academy starts 2)The Hunger Games comes out on dvd and 3) @user is back with open!!","positive"
"566","restaurants","restaurants We've been to Wild Burger now 3 times and I think that if they can be just a bit more consistent with how long it takes to get food, they'll be in great shape. We're vegetarians, so we've only had the black bean burger. That being said, they make the patty in house and it is very tasty - moist and with a lot of flavor. We have no complaints about the quality of the food. The service has been a bit uneven. First off, it isn't service per se- you order at the counter, they deliver food to your table, but otherwise, it is self-serve from there. Two times we have been there, the food has been relatively quick. Once, it was inordinately slow. I think if the kitchen is a bit more efficient, it will be a great spot for a veggie burger.","neutral"
"567","tweets","tweets I wanna get an Apple Watch for my 18th, and I WILL get one or I'mma be pissed the hell off lol","positive"
"568","tweets","tweets ""Tomorrow Bradley Wiggins will break the record for number days in the Maillot Jaune for a British rider, beating Chris Boardman. #TdF""","positive"
"569","restaurants","restaurants Please kill whoever staffed this place. \n\nI've lived in Scottsdale, so I'm no stranger to the scrutinizing of kicks by chubby short dudes in cheap suits. However, that doesn't mean I'm not tired of it. \n\nMy shoes were fine to get into the club actually - I was wearing worn out Monkey Boots from 1990. I was handsome and dressed pretty sharp and stylish. My presence could only improve the ambiance of this joint. One of the guys I was with had some nice plain white leather tennis shoes on that probably cost 3x as much as mine did when I bought them. He was denied entry. This means we were all denied entry.\n\nAlso, the fact that they allow people in who wear bedazzled t-shirts and who have never heard of toothpaste or deodorant makes my head spin. \n\nThe main problem I had with this place was with the bouncers who wouldn't let us in to look around... We were guests of the hotel and we couldn't get in. The first time we tried, one of us had the wrong shoes on... we went on with our night and had a good time and spent our money elsewhere. \n\nLater that evening, two of us wearing the right type of shoe tried to get in... it was the end of their night and there was no line and people were filing out, but things were still going on and they were still letting people in. We wandered up to the rope/fence that had no obvious entry point and got ignored. Nobody was manning the station either. It was just a few poorly dressed bouncers standing around a podium chatting and ignoring us.\n\nMy friend waved at them and then stepped over a spot where the rope was touching the ground to go talk to them and ask if we could get in to check the place out. We even identified ourselves as hotel guests and flashed our keys. At that point, one of the bouncers got all serious about his job/status and threatened to get physically violent with the both of us if we didn't leave the area. \n\nSeriously? That's how you treat guests of the hotel? We left without an eyeful of nightclub - we left with only an interesting topic of conversation for our elevator ride up to the room. \n\nIn the morning, after checkout, we wandered up to the front of the nightclub and asked a nice woman if we could take a peek inside. She gave us a quickie 2 minute tour of the first floor - the club looked like a weathered old cargo ship. Shit was held together with duct tape. To be fair, they were reupholstering parts of it - and to their credit, the layout of the place seemed somewhat interesting.\n\nOn an off-night, I'm sure a good time could be had here - in spite of the staff trying their best to thwart such a thing. I won't be visiting this club on any of my future visits, and I will be sure to let everyone know to avoid it. For a good time, head to the Chandelier bar just down the street.","negative"
"570","tweets","tweets ""Don't miss the Tron Reunion with Cindy Morgan, @user and Bruce Boxleitner, @user at Phoenix Comicon in May! #phxcc ~SM""","positive"
"571","restaurants","restaurants Seems that a lot of negative reviews of the Clarendon come from never having experienced all that is the Clarendon. I've been there on several occasions and never had a bad time. This past weekend was the first time I stayed there, and it was complimentary thanks to the gift certificates I received when I attended their Snow Ball New Years Eve party at the beginning of this year.\n\nFirst off, the decor should be enough to sweep you off your feet. The lobby is exquisite and I want that wall treatment in my next house. The rooms are well thought out and modern and stylish. When you first enter, the lights are on for you, and soothing instrumental music is playing from the alarm clock. That right there was enough to make me want to fall asleep. Then I made the mistake of laying on the bed. I have to revoke my claim that I have the worlds comfiest bed. This bed was so seductive that I went to bed at 10:30 that first Friday night. Yes you heard me. 10:30. Lights out for Tonia.\n\nI enjoyed having Gallo Blanco right in the same building as well as the rooftop bar, which made for a great Saturday night. When I left Sunday morning, for some reason my 2nd night was charged to my account, but Matthew, who was working the front desk carefully went through and corrected the situation for me. He was awesome.\n\nMy only complaint about the Clarendon is that I'd love to see some cute glassware instead of the disposable cups in the rooms. Also, being that it's an old building, despite having four or five routers for guests, I was never able to get a wireless signal, and was told by the front desk they barely get one either. There should be some way to make that work.\n\nWith reasonably priced, modern, comfortable as hell rooms and a staff that will sweep you off your feet, I'll definitely be back.","positive"
"572","restaurants","restaurants So my boyfriend got orders for the military a couple months ago and trusted me enough to leave his car in my hands.  I decided to surprise him with an oil change and just simply top off all the fluids in his car.  I chose Purrfect Auto because I noticed that they were having an \""Oil Change Special\"" for something like $15.  A gentleman, who seemed to be an owner or manager, accepted the vehicle and told me it would take about 15 minutes.  I decided to get some fries at PT's while I waited, but 5 minutes later got a phone call from them.  They told me my boyfriend's oil hadn't been changed for a long time and recommended an engine flush.  Of course, this wasn't without giving me a LIST of things that needed immediate repair - to which I later took the car in to a different location that verified these \""needed repairs\"" were all *BS.  I agreed to just the added engine flush and was told it would be another 15 minutes.\n\nAfter waiting for about an hour, they finally finished and presented me with a $70 bill.  So much for that \""$15 Oil Change Special\"".  When I asked him why so pricey, he told me that he wouldn't get into the technicalities of it, but he gave me the best quality oil which is 5W-30.  (For those who do not know much about cars, this says NOTHING about the quality of the oil.  This is the TYPE of oil this particular car is SUPPOSED to have - per manufacturer.)  Anyways, my boyfriend came back only two days afterwards and looked under the hood.  Everything was dry - No oil was added, let alone changed, whatsoever!!\n\nDO NOT go here.  Save your CAR, save your TIME, save your MONEY.  The mechanics who work here should be ashamed to work with such low/no ethics or even call themselves mechanics!  If these negative reviews on Yelp are not enough to convince you this place is a scam, check news segments on Youtube.","negative"
"573","tweets","tweets One of the 1st Bono references by Ohio Gov. John Kasich of the 2016 campaign...and now Tim Tebow too via @user","neutral"
"574","restaurants","restaurants Hooray for another place in Madison that satisfies my love of French cuisine!!  I ate at Cocoliquot with a group of 6 friends.  It was perfect for us!  We each ordered a couple of the \""little plate\"" dishes and passed them around.  Basically this amounted to us trying almost everything on the menu.  The whole philosophy of the restaurant is small, appetizer-sized plates, which I like because you can try so many things!  Prices range from $4 for a tiny cheese platter to $12 for foie gras.  Even though I don't feel like I ate a lot, I was definitely filled up...that's the beauty of French food.  I'd recommend the chevre (I'm obsessed) and the mussels.  It was about $20 per person including tip for two items and a dessert per person.  I would recommend this for a large group of people or a romantic date where you don't mind using your fingers or feeding each other!  5 Stars.","positive"
"575","restaurants","restaurants First time eating here and probably won't go back. I am a huge fan of Caprese sandwiches, so I was really excited to see it on the menu. Wish I was excited when the server brought it to the table. Just looking at it, all I saw was bread. They were incredibly stingy with the toppings. Just the bare minimum of mozzarella and tomato. While the ingredients were fresh, there was so little of them that I essentially paid $6.99 for some toasted bread. I felt ripped off.","negative"
"576","restaurants","restaurants If you're looking for fresh poke this is the place to go. They have a wide variety to choose from, and they also have yummy deserts! I'm yet to try the sushi here. Overall, it's a great place with chill vibes and a friendly atmosphere!","positive"
"577","restaurants","restaurants AUTO INSURANCE COVERAGE.  WARNING  !!!!!!\n\nOne thing you have to watch out is the auto insurance.  They are $16 to $20 a day.  Even if you told them you don't want it, they still circle it in the contract for you to sign.  Or, they don't circle anyplace and let you look at the fine print and hope that you would cycle the place where it says you want to buy insurance.\nEnterprise is very bad on this.  They push very hard and con you to take the insurance. Watch Out for Enterprise.\n\nWe rented a car for 10 days.  We told the agent that we didn't want any coverage, including collision.  Usually they would cycle the box for us to initial.  Now Enterprise   may not do it. They are playing a different game. They let us look at the fine print and cycle yourselves.  I cycled the wrong box.  Thy agent knew that we did not want any coverage,but still entered it in the computer system.  It is unethical.  Enterprise push very hard on it because it is a money maker and I think the agent who sell them get a commission.","negative"
"578","restaurants","restaurants I've never heard of Soma Intimates, and although Chicos is familiar, had never been into either of these stores. I went out shopping today and desperately need new bras. I came in and immediately the saleswoman, Kellie, asked if I needed any help finding anything. I told her I needed some new bras that held me up without allowing me to fall out. She asked my size and immediately said \""There's no way\"" (in a nicer, more professional way, of course). She measured me and I told me that I was actually two cup sizes bigger than I had been wearing. She promptly grabbed three different designs for me to try, all of which fit perfectly and looked great. I purchased all three and, as I'm waiting at the register the woman next to me is going on and on about how grateful she is that she'd finally found a bra that fits her and looks great. She felt the exact same way I did. Honestly, it was the fastest and most painless bra shopping experience I've ever had. These women obviously knew what they were doing and I could not thank them enough. I will definitely be getting all of my undergarments here from now on. Thank you so much, Soma!!! You've got a customer for life!","positive"
"579","restaurants","restaurants Well, where to begin.... after driving for 5 hours you want to get to your destination and relax. We pulled up to the Rumor \""Resort\"" and parked. I didn't see they had valet parking, but that's good, we ended up using it later on. Going into the lobby, as mentioned in many other reviews, someone was arguing about the \""resort\"" fees. I must say that after staying there, I agree. There was nothing \""resortful\"" about this place. At least not in the winter time. In their courtyard, they do have some hamocks and a nice green area. The pool also seemed decent, but like I said, when it's 30 degrees outside, the pool doesn't matter. \n After checking in, they gave us a bottle of champagne, nice touch, haven't drank it yet though but that was nice of them. We headed to our room based on the instructions the lady gave us and that's where my problems with this place began. Since our room was in the back area, she had us go through the outside and go around the hotel perimeter which was next to some indoor mini golf place. The walkway was really dark and it could've been easy to get mugged or attacked there. They have many doors surrounding the perimeter to get into the hotel, but your door key only opens up the one closest to your room. I think the keys should have access to all doors, after all you are staying there. Sometimes parking was an issue and you had to park on the other side and due to the key not opening doors, you had to walk all around the hotel. Not cool when you have stuff to carry.\nIn addition to that, when we finally got to our room, it was like 45 degrees in there. It was freaking cold. They had a thermostat remote, but it doesn't explain how to use it. All you see are pictures and you have to fiddle with it until you understand how it works. The bathroom doesn't get any heat so good luck with that. The bathroom floors are freezing. I guess it depends on the room because we had some friends staying there too and their heating system looked alot newer and worked fine. \nIf you're a light sleeper, this isn't the place for you being that the airport is like a block away and the airplanes fly really low above you. It bothered me the first night, but the second night I decided to \""drink off\"" the noise. I didn't hear a damn thing :) \nOverall, would I recommend it? Probably not. Especially in the winter when you can get rooms in the strip for cheap. I already had reservations at a hotel on the strip and canceled because we wanted to stay with the group. That was my mistake.","negative"
"580","restaurants","restaurants Sunshine Dental has excellent professional service,Dr Sue is one of the best I have encountered in 67 yrs of going to the dentist,HOWEVER she should relax her cancellation policy because it is ridiculously  stringent !!","positive"
"581","tweets","tweets See you tomorrow at Dunkin' Donuts in Hoxsie from 10-11!","neutral"
"582","restaurants","restaurants Great \""little\"" spot inside the Venetian. All references to \""Cheesecake Factory\"" are correct...great selection and variety of food.  Came in for some steaks after my friends got lucky at the blackjack table.  Our food was cooked to perfection and the size of the portions were just right. If it weren't for their damn good bread served at the beginning, we could've finished everything!  We also ordered the fried calamari, which actually includes fried onions, zucchini, and shrimp...if you go, this is a mandatory side dish, it's THAT good!\n\nService was phenomenal! I believe our server's name was Amanda (hope I got that right) and she was the best!\n\nThe only knocks on this place is that the AC was blowing a little too hard and cold at our table. So, as much as we were enjoying our food, my friends couldn't wait to get back out into the Vegas heat because it was that cold in the restaurant.  Also, the marble floors all around the dining area made for iffy footing for my friends wearing high heels.\n\nOther than that, we enjoyed the Grand Lux Cafe and will be back whenever we come back to Vegas.","positive"
"583","tweets","tweets @user Reviews hit tomorrow\u002c will be writing up my initial impressions then. My general tip for big Android tabs: No\u002c just no","neutral"
"584","restaurants","restaurants I was so excited for Caffe Boa...Just to be let down for my 30th birthday dinner without the kid. Started with a Cheese and meat platter, very good. For dinner we ordered the Farro Risotto with Pork Belly (which I could not find), and the ravioli with foraged mushrooms and wild nettle. As a special of the night you could add a really rubbery lobster tail for a bargin price of only $15. Had to send the ravioli back, something was not right, the sauce was as tangy as a balsamic dressing. Not right for raviolis. The risotto, was something I have made at home, and left a ton to be disired. I wanted the crispy pork belly with my risotto, however they must have forgotten it because there was nothing to resemble the pork belly. The lobster tail we added to the dinner was so rubbery and chewy we could not even cut it with a butter knife. It was a sad sad dinner. I ate a turkey sandwich when I got home. I have to say thought the sserver was very nice and cared about our dining experience, but we paid $90 bucks for alot of nothing we enjoyed.","negative"
"585","restaurants","restaurants I love shopping here. I've found the most wonderfully unusual things! The only drawback is the aisles are a bit tight and its hard to see the bottom rows. I always feel like I'm in someone's way.","positive"
"586","tweets","tweets ""If tickets are still on sale next paycheck, somebody needs to come see Zac Brown Band at the Nationals Stadium on the 14th #JekyllnHydeTour""","neutral"
"587","tweets","tweets Mncim\u002c the rain that stopped last Saturday\u2019s game wasted our time waitse! Maybe SS4 would be playing something better tonight.","neutral"
"588","tweets","tweets Godfrey was kinda funny though on comedy central tonight.","positive"
"589","movies","movies less than fresh .","positive"
"590","tweets","tweets full results from Eldora Speedway! finished 2nd with the NRA!","neutral"
"591","restaurants","restaurants I don't know what has happened at the macayo's in Goodyear.  When you walk in there is an overwhelming sewer odor.  At one visit we just passed it off to possible plumbing problems at the time bit we have been back several more times and this gassy odor continues to be bad.  This used to be one of our favorites places to go, however until they fix this we won't be back.   We have also left the last few times with unhappy stomachs ... Don't know if the odor and the food are related ... But hard not to think that.   I hope the Macayo's management corrects this problem because we really do like the food, service, and atmosphere of this restaurant.","negative"
"592","tweets","tweets ""I may never read """"Watchman"""" after this review. What would be the point?","neutral"
"593","tweets","tweets I have discovered that Bobby's World has unlimited streaming on Amazon Prime. I may or may not be watching it while I'm on the bike.","positive"
"594","tweets","tweets ...Ask Tony Blair - or US officials - they'll tell you what empowered ISIS @user","negative"
"595","restaurants","restaurants All the hype about Del Frisco's made me think I was going to have a better steak than Mastro's... It didn't live up to the hype. The ambiance of the restaurant was nice and cozy. We went around the holidays so everything was decorated for Christmas. They had a live piano which was also a nice touch. The food was just OK. The Shanghai-Style Fried Calamari was drenched in a sweet chili glaze, and was super salty. I ordered a bone in ribeye, medium rare plus, per the usual. The flavor of the steak was good, but still not as good as Mastros. It also came out medium rare, a lil too rare for my liking. Other friends at the table also had to get their steaks reheated. Kind of odd?? We ordered sides: potato au gratin, corn, and creamed spinach. All the sides were typical sides, nothing special. At the end they gave us a slice the lemon cake (we were celebrating a birthday), and I would have to say that the lemon cake probably stole the show. The cake was super moist, and the frosting was a lil tart and perfect texture. The service was good. I think our waiter was in training because the manager was following him everywhere, but I think he did just fine. Overall, I'm glad I got to try it... But for the same price, I think I'll stick with Mastro's.","neutral"
"596","restaurants","restaurants I love this place.  I used to be very particular about the exact person that would work on my nails, but I have been going to Diamond Nails and found that almost every nail tech here is amazing.  This place does very well, so make sure to call and make an appointment, or prepare to wait for a little bit if you visit as a walk-in.","positive"
"597","restaurants","restaurants Went here with my friend today.. It was both of our first experiences at any foot spa. It was awesome didn't realize you got a full body massage. The place was relaxing, clean and very friendly service. It's my new Spot for sure,,,","positive"
"598","restaurants","restaurants Excellent, tasty food, but no table service or margaritas. You walk up & order. We really need a Mex place exactly like this but with waiters & a bar. Or... add a drive thru","positive"
"599","restaurants","restaurants Went here tonight, will never be back.\n\nThe food is typical bar food, nothing too extraordinary, I already knew what to expect from previous visits. But the service was beyond bad.\n\nJust an obvious example of poor training and poor management. Our poor server was obviously sent out to the wolves and had never served before.. (mind you she had 2 tables.) \n\nThe most annoying part, was that the manager literally went to the table in the middle of the restaurant, SAT down with them, and explained that this server was new and had messed up stuff earlier.. I could hear the entire conversation. How unprofessional can you be? I understand we were at a \""sports bar\"" but to throw your own employess under the bus is just messed up. \n\nNot only that but why couldnt they maybe come around to every single table (3) and see if they needed anything? Or maybe HELPED out your servers rather than needing them to go and find you while you are outside smoking? Ridiculous.\n\nId like to be able to say \""Oh it was a busy night I understand.\"" But this was obsurd, at one point I even went to the bartender to ask for my sons water (The server brought out all the alcoholic beverages BEFORE bringing my sons water) And the bartender gave me a look like I was asking for her to do backflips, told me she didn't have \""To go cups\"" and rolled her eyes.\n\nThis place obviously doesn't work as a team, and it shows..\nNever mind the crappy food, dont go here just plain and simple because the service absolutely sucks and the management and other employess obviously do not care how their restaurant is portrayed.","negative"
"600","tweets","tweets just listened to that She song by Tyler The Creator and Frank Ocean for the 1st time really nice track","positive"
"601","tweets","tweets Debating if I should look hella gucci tomorrow or just gucci","neutral"
"602","tweets","tweets Tonight with us is @user @user breaking down everything Floyd Mayweather vs. Andre Berto on September 12th.","neutral"
"603","restaurants","restaurants I just finished a check-up visit after my Golf R was repaired at Select. The owner Bud and the shop he runs are from another time...when quality, craftsmanship and friendly service were the hallmark of a customer centered business. Bud takes his customers' side, gets the insurance company to pay their due and turns out body work done with all new parts that is without compare. I don't wreck my car often, but when I do, I take it to Select ,)","positive"
"604","restaurants","restaurants Poor quality. Bad pasta. Would be ok for a $5-10 dish. Do yourself a favor and go to a different place.","negative"
"605","tweets","tweets Brilliant Burns stops Mitchell in 4th: Kevin Mitchell's bid to win the WBO lightweight title ended in failure on...","positive"
"606","tweets","tweets ""Watching Sunday\u2019s \""""""""Harry and Paul\"""""""". Good it is too. Well-observed and fearsomely dry.""","neutral"
"607","restaurants","restaurants I would give it 3.5 stars.  Good chips and sauces to start.  Had a chicken sandwich with fries that was very flavorful and fresh.  Right on the strip in Vegas so try not to trip over all the Hobos begging for money at the front door as you walk in.  They have big TVs there do good for game day.","positive"
"608","restaurants","restaurants Montreal's airport as come down to many renovations, some are still going on. Monday's are really crowded, since all the business people are leaving. I can not judge the staff since each airline has their own personality. \n\nThe airport is relatively clean, can not complain much for that. The mens washroom needed to be cleaned more often was unsanitary. \n\nWhen going by security to pass customs and security clearance make sure you follow the rules and that your carry-on's are free of liquids, gels, etc... to avoid delays and angry people behind you.\n\nHave a safe trip.","neutral"
"609","tweets","tweets ""Published on Sep 2, 2015 Rowen County Clerk Kim Davis """"Stands Firm"""" against the Supreme Court on Gay Marriage...","neutral"
"610","restaurants","restaurants By far the best Thai food we have ever had in the US.  First off it looks like a complete dump from the outside and you go inside and it is very nice.  Huge Wine selection, nice decor, great staff, clean bathrooms. \n\nThe food is unbelievable.  The pad thai is simply amazing.  The shrimp for appetizer is lightly breaded and fried and you eat the whole thing which is odd at first but so good.  The drinks were great. The duck was probably the best we've ever had, very crispy.","positive"
"611","restaurants","restaurants Can we talk about how shitty my experience was just now! I had to wait 10 minutes before I finally got out of my seat to go ask someone for a server to take my order. She comped my coffee... Big deal... My breakfast came with coffee anyway... Now I'm still sitting here after I've been done for 15 min waiting for a Togo box.... Thank you Amy for the shittiest breakfast experience of my life. NEVER COMING BACK!","negative"
"612","tweets","tweets ""Funky mojos Saturday with the girls, Sunday my birthday, next sat Circoloco then Ibiza!!! Loving life #happydays""","positive"
"613","restaurants","restaurants Great experience!","positive"
"614","restaurants","restaurants A 50 minute facial or massage will start at $180 (with tip) and range to an 80 minute to $300 with tip. \n\nHaving said that, I expected something extraordinary.  My 50 minute facial and massage were certainly good, but there wasn't anything special about the service.  \n\nWe really enjoyed the outdoor spa pool and the scenery. Lovely.  \n\nOh, and we saw a bobcat!  That was special!","neutral"
"615","restaurants","restaurants This is not a burger for the faint of heart.  Or those with heartburn.  Especially not the Arizona Smashburger.\n\nI don't quite recall where I heard about Smashburger, but I recall it sounded quite exciting at the time.  Sadly, I'm not going to be able to be nearly as enthusiastic about it.  See, while the burger is good (much better than any of your standard fast food fare), there's not much to say beyond that.  The toppings were fine, fresh and crispy, which was quite nice.  The burger was very well cooked, so I know that the staff are capable of making decent food.  They do some fun things with having different types of buns for the different burgers, but when it comes down to it, there just isn't enough to make it memorable or worth recommending.\n\nThe side dishes, on the other hand, are memorable.  Just in a bad way.  Their fries were overly rosemary-ed and too oily.  They were almost slimy somehow and I couldn't eat more than one or two.  The onion sticks were better suited as a burger topping rather than anything that should have been served next to a burger.  Don't think they're onion rings in any way.  They are most certainly not.\n\nIf you're in Tempe and looking for a burger, check out one of the other places in the area that serve burgers.  This shouldn't be the first choice for burgers in the Tempe region.","negative"
"616","tweets","tweets @user Would have been semis mate. Mind you don't think i'd be too surprised if they are in Milan in May now. #watchthisspace","neutral"
"617","restaurants","restaurants I went to Vera's as my first place to try on my first bridal gowns.  The salesperson seemed a bit tense and irritated, but kept it low key.  When my mom and I were seriously considering a dress, she latched on to our vulnerability and said, \""You must hold this dress.  You won't find a better one.\""  I said OK, not knowing better, and gave her $50 to hold the dress until we could be sure.  I was under the impression the $50 would be refunded if I changed my mind, or applied toward final purchase of whatever dress I chose.  After looking elsewhere and finding the dress I knew I wanted, I called Vera's to cancel my next appointment.  I asked if the $50 could be reimbursed on my credit card, and the woman said, abruptly, \""NO.\""  They conned my mom and me out of $50 to \""hold\"" a dress.  I would not recommend this place to anyone.","negative"
"618","tweets","tweets ""Carlo Ancelotti: """"""""Levante are a strong team. We must be the best Real Madrid team we can be to win tomorrow."""""""" #HalaMadrid""","positive"
"619","tweets","tweets Save the date: 11/14\u002c @user We\u2019ve got some surprises coming your way! Info on Monday.","neutral"
"620","tweets","tweets ""August 4th 2012 Catch me LIVE at Pomona Fairplex for @user with @user @user @user @user and MORE!""","neutral"
"621","tweets","tweets ""Jessica made her first public appearance as the head designer of BLANC &amp; ECLARE at Lane Crawford's 1st anniversary event in Shanghai, China!""","neutral"
"622","movies","movies enormously enjoyable , high-adrenaline documentary .","positive"
"623","restaurants","restaurants This bar is white trash. They over charged us but we tipped them$5 anyway just to take the high road. Then the weird looking bartender with the shaved head, Jen and the crazy looking one with fake...everything, suzi started yelling that we didn't tip the enough. They even had their ugly little mountain man posse follow us out to our car. My husband warned the guys to leave and told them if they tried to attack us he would defend us ...and that he did! A bunch of weirdos and complete morons.","negative"
"624","restaurants","restaurants I ordered the chicken Cesar salad and a passion ice tea. The portion size was perfect-more than enough. The Cesar dressing is so creamy and delicious and I even ordered the light version. It was very flavorful. I also enjoyed the Parmesan cheese they sprinkled in it as well as the croutons. The chicken was okay, not super flavorful but not bland either. I wonder how it's cooked because it didn't have grill marks or anything. Nonetheless for a salad and drink I paid a little less than $10. I feel like it was a tad bit overpriced but considering it's a drive thru salad place that specializes in salad, it's all about supply and demand! It wasn't the best salad I've ever had, but it was better than any other fast food salad that's for sure.","neutral"
"625","tweets","tweets ""Would love to see @user at Westfield Parramatta tomorrow, maybe you'll come by? I wish! :) &lt;3 xo #justsaying""","positive"
"626","restaurants","restaurants I'm going to call these guys out... Very disappointed in the customer service I received. The guy at the front desk made it very clear that he did not want to be there bright and early on a Saturday morning. He literally called a customer a \""fucking prick\"" after the customer walked out of the door and continued to talk smack about the customer TO ME and to his co-workers in the shop. I'm all for transparency, but seriously guys!? At least talk trash about customers not in front of other customers. It seems like common sense to me. Not a pleasant experience this Saturday morning. I normally go to the brake masters in Queen Creek and they have always been great. I think I'll stick with them from now on, if I decide to support brake masters at all in the future.","negative"
"627","tweets","tweets ""To combat the thick smog enveloping parts of Italy, Milan has imposed a 3 day ban on private vehicles from this Monday through Wednes...""","neutral"
"628","restaurants","restaurants The room was nice, and the bed was very comfortable. However, the walls were VERY thin. We heard way too much from the couple next to us very late in the evening.","positive"
"629","tweets","tweets @user Call me maybe is on the radio... David Owen has to hear it tomorrow on our last day!","neutral"
"630","restaurants","restaurants The food is okay but the selection of food has dwindled.  However, the location is perfect and when you want to stuff your face this is the place for a great price.","positive"
"631","restaurants","restaurants Had a ton of vouchers from a timeshare that we used here for breakfast and brunch. Quiet, peaceful, continental and fresh. Try their breakfast \""buffet\"" of sorts. So yummy and classy buffet isn't a befitting word. Beautiful flaky crispy and sweet light pastries, and crisp lean but richly warm coffee. Have the croque Madame or croque mr. To start your day off right.","positive"
"632","restaurants","restaurants Being a Marriott fan, thought I'd try this venue. I was and still am impressed daily by service and accommodations.  I arrived after a 24 hour train trip and needed to sleep and clean-up.  With check-in at 3pm I figured I would be on my own until then.  I arrived at the hotel at 9am and had a clean room by 9:30 and was showered and in bed within record time.  The rooms are clean and quiet.  They put me on the pool side so as not to be disturbed by traffic on the street and that was a plus. I continue to get A+ service from personnel.  I just came in and wanted some milk.  They went to the food kept for the buffet and poured me a glass of milk with no charge.  They continue to go out of their way to make sure I am happy and content.  What a gold mine I have found.  This will now be my go-to hotel in the Scottsdale area from here on in. Added perk, there is a buffet breakfast daily and M-TH 5:30-7 free beer/wine and food that would satisfy any light eater.  I AM SOLD MARRIOTT ON YOUR HOTEL!!","positive"
"633","tweets","tweets I have a whole day of history GCSE tomorrow great!","positive"
"634","restaurants","restaurants We went here a few months ago to celebrate my coming to Charlotte.  It is a pricey upscale casual restaurant - I think we walked out after all was said and done at well over 100 a piece, but it was worth it for the one-time experience.  The dining room was open and decorated to look like an outdoor patio of an Italian villa.  Service was excellent.  I was surprised how down home the cooking was... especially the sides - we had scalloped potatoes and green beans - both southern style.  The potatoes were out of this world, and we joked if we ever went back we would just order sides.  I had the lobster and scallops and my bf had steak - they were both good but we both said after wards that we felt like we had had better.  I don't know, I guess for the price we both expected to have our socks blown off, but that wasn't the case at least with the entrees.  I don't think I will go back because we left with that feeling.  That being said, I have heard nothing but rave reviews of Noble's so maybe it was just our experience...","negative"
"635","restaurants","restaurants Coming from Oregon myself, it's hard not to love the lost leaf. It's like a slice of the northwest in the middle of downtown. \n\nAnd if your a beer fan, this is the place for you. They have a wide range of many micro's and one of the better places to find beers from Oregon,  which of course are far superior then any other beers. No, I'm not biased at all ;)\n\nThe crowd is usually a mix between the indie/ art scene and an occasional grouping of theatre goers out after a show. The place is cozy with limited seating, but this does provide easy opportunities to meet others as you all try to huddle around a table for conversation.\n\nThe service can be a bit slow, as others have commented as there is usually just a bartender and maybe a bar back who also serves as a busboy, but they have always been super friendly and laid back. \n\nTip: bring cash if your in a hurry as they take cards, but the credit system is still on dial-up so you could be waiting a couple minutes for the charge to go through. \n\nIf you like the Lost Leaf vibe, and want some good light grub, check out Roosevelts as well in the same area.","neutral"
"636","restaurants","restaurants MTO (Made To Order) is an absolute amazing find in downtown Vegas. It is almost hidden near the City Govt Center under a parking structure (they do validate your parking for up to $1.50, just ask your server for a validation ticket when you leave), but well worth the search.\n\nWhen you walk in you immediately feel the energy of the place. Its open layout and very comtempo vibe from the bright and warm accent colors and funky artwork to the made-by-the-owner furnishings, it is instantly inviting! We were immediately greeted and sat when we walked in the door and our waitress was at our table taking our drink order in no time flat. The easy to read menus have a eclectic selection of \""made to order\"" items that are designed to feed your need for farm fresh, locally grown food or to nurse a hangover with something a bit more savory. Either way you are in for a treat!\n\nI had the Red Juice, which was a fantastically healthy mix of beets, arugula, lime, carrot, red pepper, and pomegranate. It actually tasted delicious! To counteract my health conscious, I ordered some coffee (which is Grade A btw) and the Fat Elvis. This hunka-hunka pile of WTF-is-happening-in-my-mouthness is peanut butter, bananas, Nutella, AND bacon on legit french toast! To offset the insanely delicious gluttony, the dish is accompanied by a healthy heap of strawberries and blackberry garnish. I was definitely a fat, if not completely satisfied, Elvis (impersonator) when I was finally finished!\n\nI had mentioned to our fantastic waitress that this place belonged in Austin as the vibe, decor, and menu just screamed Hyde Park, Rosedale, or SoCo and as luck would have it the very nice owner, Ben was sitting in a booth across from us. He graciously came over to say \""hi\"" (he actually interacted with almost every single customer in the place) and we had a fantastic convo. Honestly, a great guy and his awesomeness definitely translates into this great restaurant. He had us try the fried apples (which literally hurt to eat I was so full, but man, it hurt soooo good!) which were also to-die-for delish!\n\nI was so sad to have discovered this place as I was leaving Las Vegas (see what I did there?) because I would have eaten here for every meal for my three day-two night stay! \n\nI guess I'll just have to wait til the next time I'm in downtown Vegas, or better yet until the grand opening of their new location in ATX!","positive"
"637","restaurants","restaurants Appetizers were the star of the show and they push Luciano's into the 4-star category. The desert, Zeppole, was rich and sticky as it should have been but I was a little disappointed by the entr\u00e9e. The pasta was a little dry and possibly over-seasoned.\n\nI'm still giving the experience 4-stars as the decor was good and the service was excellent. It is a bit odd having NFL on television in an establishment with chandeliers - odd.","neutral"
"638","restaurants","restaurants Everyone was very friendly! Great customer service. :) Great, clean, and awesome staff!","positive"
"639","tweets","tweets Universal should just make a feature focused on 2pac. No sequel or relation to Straight Outta Compton, or Snoop Dogg","positive"
"640","restaurants","restaurants I'm still giving it two stars only because they didn't charge me an arm and a leg when we moved out. The girls in this office are completely lost. I swear every time I walk in the office there is a new girl working there. NOBODY knows what's going on, they always have to call you back and the list goes on. We moved out a month ago and I recently got a call saying that the work order I put in was completed *blank stare*. I'm so glad to be out of this place. IF YOU CAN AFFORD TO LIVE HERE, YOU CAN AFFORD TO RENT A HOUSE!!!!!!!! Please use caution before signing your lease.","negative"
"641","restaurants","restaurants We loved the food. The service was good and we were grateful to be seated right away. We have eaten Mexican and TexMex food while living and visiting in Texas.  The food was very good and authentic.","positive"
"642","restaurants","restaurants Oh thank god I found this salon... and thank you other reviewers for your truthful reviews that lead me here.\n\nI recently moved here from LA, and I was having trouble find a salon that could give me a well executed and well designed haircut. If I get a 'deer in the headlights' reaction from a stylist when I ask them for their ideas, I know the haircut is doomed. Not with Gretchen... when I asked her for her ideas, she said \""Oh, I have lots!\"" and then proceed to tell me the why and how. AMAZING. She carefully and skillfully cut and styled my hair, and I knew from the first clip that I was in good hands.\n\nI was originally booked with Lane, but due to a family emergency, he switched me over to Gretchen. I give Lane and Gretchen bonus points for how professionally they dealt with my appointment. Being a new client, they could have just swept me to the side, but they were very proactive about getting me rescheduled and taken care of. \n\nFinding a stylist you mesh with is rarely easy, and I am so lucky to have found Orange so quickly!","positive"
"643","restaurants","restaurants Great quality food and good prices.","positive"
"644","movies","movies i 'd rather watch a rerun of the powerpuff girls","positive"
"645","restaurants","restaurants Straight ass ghetto! A hookers paradise! Good place if you want to save money. Don't book cheap vacation here! You get what you pay for! Splurge for better tower.","negative"
"646","restaurants","restaurants NYPD had been a staple for our family, but we've moved on. I am from the northeast, and very particular about my pizza, and am willing to pay the extra for it. I first experienced NYPD at another location, and fell completely in love. Continued to enjoy on a time to time basis as there wasn't a location close to where I lived. Moved very close to this location, and literally ordered take out the very first night. Very happy, excited about our new home being so close. We made NYPD a weekly thing for us, still for the most part as take out, but the food quality seemed to be slipping. Something different was off with each experience. It eventualy got to a point where we questioned why we spent the extra money on quality that was getting to be less than ideal. We reserved ourselves to finding another pizza joint in the neighborhood. Tried a few other places, eventually settled on one we liked, while not as good as NYPD once was, a lot cheaper, and better than it has been. I am not going to drop another buisness name into this review, as that isn't the point, NYPD's drop in quality is the issue. Sorry, we were once in love, but we have to break up....","negative"
"647","restaurants","restaurants We received warm rolls which we normally would refuse, but not tonight because we knew from past experience that they would be accompanied by a small bowl of roasted garlic, chopped tomatoes and EVO.  We each ordered the eggplant Parmesan which came with a choice of soup, salad or pasta.  Ann chose the excellent pasta faglioli while I ordered a salad dressed with tomato basil vinaigrette.  The eggplant, stuffed with ricotta, was very good and I was able to use a 2 for 1 coupon from a locals mailer.","positive"
"648","movies","movies the stunt work is top-notch ; the dialogue and drama often food-spittingly funny .","positive"
"649","movies","movies the asylum material is gripping , as are the scenes of jia with his family .","negative"
"650","restaurants","restaurants Not happy with this place at all! Not clean. Cheap linens and bedding. Hall carpeting was dirty, elevators were dirty and old, one broke down on Thanksgiving with a woman stuck inside for over an hour!.\nHousekeeping left some weird red cleaner all over the base of the toilet, forgot to leave coffee a couple of times and the beds  looked like they were thrown together with the sheets not tucked in and one bedspread missing.\nWould not recommend this hotel even at the low cost. Pay $20-$30 more a night and stay somewhere else.","negative"
"651","restaurants","restaurants 36 hours before my friend saw a doctor for gall bladder problem. I thought Summerlin Hospital was a better facility.  Neglected for 6 hours in ultrasound and another 6 hours in CT scan. You decide where you want to go.","negative"
"652","tweets","tweets .@washingtonpost alleges that Lexus dealers are besieged with haggling-averse millennials eager to pay asking price:","neutral"
"653","tweets","tweets @user this may cheer you: ridiculously, I only found out what Minecraft was this morning #techybutnotagamer","positive"
"654","tweets","tweets ""SP to support UPA, but oppose anti-people policies: Samajwadi Party on Saturday said it will continue to oppose ...","neutral"
"655","restaurants","restaurants Tried the pho Tai. It had an odd flavor I am not used to. Wouldn't order it again. I would say this place doesn't compare to noodles ranch . Also tried the Kung pao shrimp it was average at best. The decor is very outdated I felt like I was in a bad dream. I gave it two stars because the food was not horrible but definitely not anything to go back for.","negative"
"656","restaurants","restaurants Absolutely loved this sephora store, I obviously love all the product there but the staff was also extremely helpful and polite..awesome customer service and beautiful makeup!!","positive"
"657","restaurants","restaurants Yupha's is located in the same plaza as Vincitorio's Restaurant on the Southeast corner of McClintock and Elliot. They used to be located on Rural and Elliot, but have moved to this new location in the past year. The space is big, open and modern; with high ceilings, minimal furniture and modern art, it makes for a very relaxing vibe. We arrived at 6:30 on a Thursday night, and while the place wasn't completely full, most of the tables were occupied. Our waitress came by and took our beverage order, and then gave us some time to look over the menu. And time she gave us, because it seemed like it was 10 minutes before she finally returned; they must have been understaffed that night, because it was just her and one other waitress covering the whole restaurant, so we decided not to get to upset by this.\n\nWhen she finally did return to take our order, she couldn't have been more pleasant; answering our random questions and suggesting items on the menu. We got the Thai Rolls and some Tom Kha Gai to start.. The rolls were cooked to a nice, golden, crunchy brown, but they were seriously lacking in the veggie department. The plum sauce was good, but they are probably not something that I would recommend for anyone to order.\n\nI absolutely love Tom Kha Gai soup, but almost every Thai restaurant that I go to doesn't offer just a single serving bowl of it, they get all fancy and serve it in these giant silver urns, so I rarely end up ordering it. When I saw that I was able to order just a bowl of the soup, I knew that I had to give this version a try. Well, I have to say, this was the best version I have ever had; it had a touch of heat, mixed with the cool coconut and lime leaves, it was heavenly. My sister had never tried this kind of soup, so I scooped some into a bowl for her and she too thought that it was really good. The flavors were so well balanced, that I really could have eaten a giant urn full of this version!\n\nI got the Pad Thai as my main dish....it was AMAZING!!!  The best pad thai I have had to date; sweet and spicy and just all around great.  I was impressed by how un-greasy it was, my only disappointment with it was that it came with just 2 shrimp!\n\nMy sister got the roasted duck, which she loved, they gave her the whole duck!  Our friends ordered the beef green curry, extra hot, and thought that is was good too.\n\nOther than the spotty service, which I am chalking up to a bad night, and the skimpy Thai Rolls....Yupha's is my new favorite Thai place!  I just wish that I lived closer!","positive"
"658","tweets","tweets ""Wow, Vincent Jackson just missed another TD and potentially a 4th by Freeman, who is over 400.""","positive"
"659","tweets","tweets @user Not sure if the marathon should happen\u002c but by ignoring Saturday\u2019s Nets game that is still on\u002c I find this article deceptive","neutral"
"660","tweets","tweets Kane's confidence is sky high.. Odds on Kaboul to have the game the game of his life Sunday and him to be lost in his pocket?","neutral"
"661","tweets","tweets @user I finished TKAM last Thursday! Let me know what you thing about Watchman","neutral"
"662","restaurants","restaurants This was a very solid place, but didn't blow me away.  It gets a lot of foot traffic, right off the lobby and near the garden area.  So, the line is likely to be long.  But, don't worry, the staff is very good at moving it along.  I started out of the store and it didn't take long at all to get through, maybe 10 minutes or so.\n\nI was there around 10 in the morning, so more of a brunch time than breakfast or lunch.  I had a piece of quiche lorraine.  This was a good sized piece for about $8.  And, it arrives to you quickly after ordering.  I'll say, they need to work on the heating method.  The edges were quite hot, but the middle was near cold.  Not all the way, but certainly cool.  The quiche was very good, great flaky crust and good cheese flavor.  The outside had a nice crispness to it.\n\nThis place, as many note, is filled with sweets.  They looked fantastic.  The prices are decent for the strip, particularly since it's at Bellagio.  Worth stopping if you need a quick sandwich or snack.","neutral"
"663","tweets","tweets Final thought: at some point Kanye West sat down his wife Kim Kardashian and said he wanted to run for president. What a time to be alive...","neutral"
"664","tweets","tweets ""off to bed,there's only one kenny miller.well done you LIONS,well done my 3rd team pompey""","positive"
"665","restaurants","restaurants What a horrible experience I had at this restaurant! I had the unfortunate luck of attending a friends birthday party at Milsa. \n\nThey are well-equipped for dealing with larger groups. Unfortunately they don't know what the hell they're doing. Even though they come and dump all the sides on the table for you to pick at, and even though all the meat comes to the table with some unhappy guy and a sword, they still manage to turn this into an extremely long evening.\n\nThe food is really nothing special. Unless you're one of the XXXL people who live and die at the buffet table, you can do so much better than this restaurant.\n\nNow let's talk about Brazilian culture. Do I really need to see some young girl dancing around a room in a glorified bikini while I'm trying to eat my dinner? I felt creepy. The whole thing seems quite inappropriate to me. \n\nDon't go!","negative"
"666","restaurants","restaurants I was in Las Vegas for a business convention and arrived at the hotel midday on Friday. Originally, I was given a room on the 15th floor, but when I tried to turn in for the night at around 11pm, I was awakened by a group of shrieking hyenas in heat. Startled by the notion that I had checked into the local zoo and not the Hilton, I went downstairs to the front desk. On my way down, I was shocked to discover that the mild, classy hotel I'd entered earlier that day had transformed into a meat auction, where both the goods and bidders were walking advertisements for Ed Hardy and the discount section of Forever 21. After a brief chat with Ray during which I explained my bewilderment and my necessity for sleep in order to conduct the back-to-back meetings I had planned for the next day, I was given a different room, far away from the cattle auction. While this made my trip bearable, the disappointments from this so-called Hilton did not end.\n\nOn Sunday, I went down to the taxi stand at 10am for a cab and found myself in a line ten people deep. I waited over 15 minutes for a taxi. I refuse to believe that mid-morning on a SUNDAY is Las Vegas' rush hour. Apparently, the valet service wanted to sell a party bus to the unsuspecting guests, and a slew of cabs suddenly appeared only AFTER the Hilton charged $10/person to a party of 7 to rent a limo. Thanks, dude with glasses for making us wait in the heat while you lined your pockets. Truly, a class act one would generally expect from an establishment as well known as the Hilton corporation.\n\nIf you're a 20-something with poor fashion taste and questionable judgment in the opposite sex looking for a regrettable one night stand, this is the hotel for you. Otherwise, spend your hard earned money and precious vacation time somewhere else.","negative"
"667","tweets","tweets ""Angry Rodgers denies Sterling refused to play for England: Roy Hodgson claimed on Tuesday the winger was """"""""too ...","negative"
"668","restaurants","restaurants We stopped at Kona for lunch on our way from Carefree to Scottsdale.  Weird menu, everything from sushi to flatbread pizza.  We were underwhelmed by the food but service was friendly and attentive.  Would not recommend if you're into good food.","positive"
"669","tweets","tweets Super Girls:Dillion Harper gets kinky with April ONeil in saphic massage  #BigTits","positive"
"670","restaurants","restaurants Couple things I want to get off my chest about this place.\n\nThe food itself is probably the best BBQ I've ever eaten to date, and I love BBQ in general. Pulled pork, brisket, and their bbq sauces both sweet and spicy ones are incredible. They deserve the recognition for their A+ flavor in BBQ. \n\nNow for the part that really annoys me...\n\n- Since I've heard about the place 2 months ago, I've been there 8x (roughly 1x/week) because I work so close and love the food. 4 different times I've asked for their WiFi password, and they refuse to give it to me. I ask because I want to do some personal work on my laptop as I'm enjoying my meal. If they accommodated this, I'd easily go here probably 2x a week because of its location, great food, and it allows me to multitask. Since i spend on average $11 per visit, They're losing roughly $44/month of my business, not including the coworkers and friends I bring in with me because they can't accommodate a simple request, or set up a guest wifi.","positive"
"671","restaurants","restaurants After reading these reviews, I simply had to give Bingo a try. How hard could it be, right? Well, reality check, Vegas Bingo is not what you played in preschool. This game takes total concentration (unless you use the digital reader, like a wussy) and there is no talking! It took me a few games to figure out what was going on but once I did, I was hooked. The best strategy is to get there early order 2-3 drinks and make sure you have cards for each game in the round. DO NOT call Bingo unless you are certain, the blue hairs almost killed one of their own after he mistakenly called Bingo, yikes!! To some it up: Bingo - it's intense and low-rewarding, but it's a damn good way to waste an hour in Vegas.","negative"
"672","restaurants","restaurants If you go to THC for the food only, you'll might be pleased.  However, when a meal comes with asparagus, I expect more than three spears when that's the only green/veggie on the plate.  Cauliflower was okay.  They seem to be very big on mac and cheese, which is also okay, but I've had better. Very noisy atmosphere, had to yell to be heard across the table.  Wait staff needs training.  Waiter and runner reached across the table to set down plates and drinks, even though three sides of the table were accessible.  Water never refilled.  Got one dinner order wrong.  Had to ask for the complimentary biscuits. The four of us agreed, one time here was enough.","negative"
"673","tweets","tweets Overworked Chris Evans quits TFI Friday on account of Prime Gear commitments amid claims the ...","neutral"
"674","tweets","tweets ""At Least 25 Killed in Fire at Saudi Hospital: In Saudi Arabia on Thursday, a fire tore through the maternity a...","negative"
"675","restaurants","restaurants Do not let the strip mall, small location deter you from visiting this sushi place.  We just went with a huge assortment of sashimi with a sprinkling of grilled mackerel and edamame.  For being in the Scottsdale area right of the 101, the sashimi was very fresh and we got the insider hookup for wasabi.  This place is a keeper.","positive"
"676","tweets","tweets ""Even with the loss of the 5 dudes, I think we'll feel better about Hamels in December when the Dodgers give David Price $200 million.""","neutral"
"677","restaurants","restaurants I am updating this begrudgingly to say that they have pants here that actually fit me.","positive"
"678","restaurants","restaurants Awesome bar, waiter was fast, owner was awesome. The only thing, SECURITY SUCKED!! My fiancee, my friend and I arrived for my sisters B-Day. My fiance and I both have our old ID's. i was 16 in mine which was 8 YEARS AGO. ID is not expired so i still can use it. 2 stupid security guards stopped me from going in because THEY THOUGHT THE PERSON IN THE ID WASNT (ME) we were like \""r u kidding me, they are totally wasting their time cuz it IS ME!\"" So somehow it wasnt me cuz for 1. i dont look like the id ((Like if a 24 yr oldis supposed to look like theyre still 16)) WTF??? And for 2. Since i had a labrae piercing when i was 16, it's not me because \""I DONT HAVE MY LABRAE SCAR\"" AGAIN, PICTURE WAS TOOKEN 8 YRS AGO!! Security asked for a 2nd identity,  like \""REALLY? I DIDNT KNOW I HAVE TO WALKAROUND WITH MY I.D PLUSMY BIRTH CERTIFICATE AND SOCIAL\"" That's me being a smart ass lol. he THEN asked \""if i have a FB\"" No luck there cuz me n fiance share one and it's under our kids names. but showed him our LOG IN E-MAIL Which did have our names. The whole thing was RIIIDICULOUS. ALL BECAUSE THEY THOUGHT IT WASNT ME. I'M  A HARD WORKING MOTHER OF 2. BORN IN PHX. I DONT NEED TO BE AN IDENTY THIEF. My fiancee told me \""dont worry, theyre gna say all they want. your sister is gna come and we're gna walk RIGHT IN\"" AND thats exactly what happened. My sister walked right out with the owner and we walked RIGHT IN! Security guards mustve felt stupid. all that for NOTHING. LMAO IDIOTS. Next time pick on some one whos ACTUALLY stealing someone's IDENITY.","negative"
"679","movies","movies literary purists may not be pleased , but as far as mainstream matinee-style entertainment goes , it does a bang-up job of pleasing the crowds .","positive"
"680","movies","movies payne constructs a hilarious ode to middle america and middle age with this unlikely odyssey , featuring a pathetic , endearing hero who is all too human .","positive"
"681","restaurants","restaurants I don't want to tank this place because the host couldn't seat people properly.  We actually never got seated because waited so long.  All I can judge this place on was the employees and they were talking crap about the customers, so I'm sure I wont come back to this location anytime soon unless they actually accept a reservation.","negative"
"682","restaurants","restaurants This place is the worst  - has the potential to be best but they have blown it.  You order and pay for your tile, and they tell you they have it all in stock but when you go to pick it up, they dont have it and tell you that you have to drive to another location to get the rest !!! Really????  they refuse to transfer inventory between locations as needed and expect the customer to drive all over the city tracking down the missing pieces of an order that is already paid for! wow, total crap and im nevver buying from these idiots again.  good luck.  If you buy from them, make sure you leave with your entire order  same time as you pay.","negative"
"683","tweets","tweets ""If Muslims like Mehdi Hasan are extremists, who are the moderates? The implicit, insidious message: there aren't any","negative"
"684","restaurants","restaurants My friends were raving about this place, so I was super excited to go. \""The best buffet in Vegas.\"" Perhaps years ago, but \""The Buffet\"" as of 2014 is nothing special. Yes, the decor is eye catching, colorful and elegant. The food presentation is nice and with variety. I was most excited by the dessert section and wanted to try almost everything. The mini desserts in shot glasses were just so adorable! The space is clean and about the right price for a Vegas buffet. So what went wrong?\n\nOkay, after much anticipation to go to this buffet, we were rejected at the entrance because the guys in our group had on sleeveless shirts. WHAT??!! They ended up purchasing t-shirts. I was slightly turned off and maybe because of the heat and walking all day that I ended up not wanting to go in. But we came all the way here for the buffet. Anyhow, the sign about dress code policy stated something about see through tops for ladies. Honestly, the guys were dressed more modest and most appropriate compared to the gals that were let in wearing crop tops, v neck deeper than the Grand Canyon and super short shorts that they might as well be at a beach. \n\nAnyway, we came here for the food right? Well all of the fish were over cooked. The lamb and beef were chewy and nothing special in term of preparation. The mussels I had were bland and miles away from those I had in Philly (check out Monk's Cafe). I totally skipped the Chinese food section consisted of egg rolls, fried rice and lo-mein, which I am sure  you can find in Chinese takeout places and probably wouldn't taste the difference. I love pasta so I had to visit the Italian section that was ready to order. It was a choice between alfredo or marinara. Not a fan of the Olive Garden, but in this case I am thinking it would be better there. But I did like the three cheese ravioli though. And that was probably the best thing I ate at the buffet. Also stay super far away from the pizza. So then, I figure they couldn't mess up dessert but again I was disappointed, because the presentation looked so good!!! Even my favorite pistachio gelato was a letdown. If anything I was hoping for some fresh watermelon, simple fruits at least to cleanse my palate. But even that was not met. :(\n\nMaybe I am picky, but the fact that it is VEGAS. I was expecting more. \n\nBy the way, what's up with the pink suit worn by the hostess? Reminisce of Willy Wonka's much?","negative"
"685","restaurants","restaurants This place is great! They have a great selection of yogurts and an even better selection of toppings. And unlike some of the other fro yo places where you have to pay like 50 cents per topping you can have as little or as much of each topping as you want and you pay by total weight. The place has always been clean and the toppings appear fresh every time I've gone. All of the young ladies that work there are very friendly and helpful.","positive"
"686","tweets","tweets ""Red Bull boss confirming that Vettel will be released on the 28th  November, thus missing the two-day test on November 25th and 26th.""","neutral"
"687","restaurants","restaurants If you need anything, and boy do I mean anything alcohol based... This is the place to find it.","positive"
"688","restaurants","restaurants This place is simply amazing.  It's literally walking into someone's house and enjoying their food.  The staff and even other patrons have always been friendly to me, no matter how crowded it gets during lunch.  Definitely the best Mexican food I've had in Madison.  Very inexpensive, nicely portioned, most importantly delicious.","positive"
"689","tweets","tweets Plies at center stage next Friday lol you better go get yo man! @user","neutral"
"690","restaurants","restaurants Wait was too long for a table so we had to order at the window.  The sundae was really good, but a bit smaller than I expected for the price.  I guess I will have to wait for next time I return to NYC for the original Serendipity for the true test.  A bit disappointed, but life goes on!","neutral"
"691","restaurants","restaurants Love Joe's.  What a great hang out! I love the outdoor area the best.  The picnic tables are so casual and I want to hang out there for hours, especially on a cool night.  The kids feel so free out there.  I give the fun atmosphere 5 stars.\n\nI give the food 4 stars. Had the Ahi Tuna Sandwich. Sounded great on the menu.  I didn't want to be disappointed, but I couldn't help it.  The tuna was kinda dry. Wasn't happy about it.  Liked the coleslaw.  Onion rings were really good. Really nice  seasoning and the crispy crunchy coating was great.  Shakes were a bit runny but a good taste overall.","positive"
"692","restaurants","restaurants So this bar is attached and affiliated to Lucky Strike and I will NEVER go here again!\n\nMy number 1 reason is because they are DISHONEST!  \n\nOkay that statement is a bit of an assumption, but let me clarify.  I had left my credit card there after happy hour and didn't notice till the next morning.  I called them (Lucky Strike) later in the afternoon to ask if they had it, and after 10 mins of waiting, no card.  I did appreciate that staff member for looking.  I then called my credit card company to cancel, then I found out there was an extra charge to Lucky Strike for $3.01 the following day, and then a gas station charge, and an attempted charge to Ross, which they declined since it was suspicious.\nI feel as though it had to be someone from there because I was asked for my ID to order drinks, run a tab, and pay.  So an employee should have caught someone else trying to use my card there.  So after reading this you decide...\n\nAs far as the Gypsy Bar goes, it was a nice looking establishment.  The service was okay, really it wasn't anything special.  The bartender got our order wrong, and it took a while to get service.  Food was okay as well.  It was priced well since it was Happy Hour, and I was looking forward to going again, but scratch that!  I would have rated this place as a 3 if it wasn't for the whole card fiasco.  \n\nI don't usually write reviews like this, but I just feel like people should beware to places trying to take advantage of you.  So sad that it had to come down to this.\n\n\n(Belated) YELP REVIEW CHALLENGE #24/31","negative"
"693","restaurants","restaurants My boyfriend and I recently ventured to Las Vegas for an entire week and stayed at the Luxor for the entirety of the trip. Unfortunately, the stay was disappointing. We were initially in awe over the enormity of the place. It looked really impressive, both from the outside and inside. \n\nWhen I first booked our hotel through Expedia, I requested a room with a nice view. Shouldn't be too tough, right? Mountains, sunrise, sunsets, the pool, the strip... there's a lot to choose from, and really, we aren't picky people. So, we get up to the counter to officially check-in, and I got specific - I requested a room viewing the west, so we could see some nice sunsets. Or at the essence of one, at least. With no words uttered, the woman gave us our room information, keys and a little coupon book, and we trekked through the casino, toward the elevators, and headed to our room. Well, we ended up having an unfortunate view of some air conditioning units, and ductwork. Joy. The rest of the stay was just rough. There was a Wheel of Fortune slot machine outside our room that we could hear clear as day through our door (even three floors up), which was unnervingly annoying. Why the choice was made to put one random machine in the middle of a mostly empty hallway, I'll never truly know. Using up the real estate, I guess. I've also read multiple reviews regarding customers getting free upgrades to Suites and such, and we had no such luck... even after staying there for a whole WEEK. No compensation of anything, no in-room wifi (weak), no coffee pot in room (I could kill a man for some hot tea in the morning), and a ridiculous resort fee of $22.40 per day for extras we never used like the fitness room, incoming faxes (gee thanks, 1993), daily newspaper, etc. I was also a little disappointed with what the actual room provided for us. Usually, when staying at a hotel, they provide you with a book or handout that includes important numbers, hours, directions, room service menus, or channels. I mean, I've gone to places where this thing is a literal novel. Our room had nothing. I'm sure our hotel offered room service, but apparently, I'll never know.\n\nThe pool was refreshing though (even if the \""free\"" portion of the pool was only 3  1/2 feet deep... not really used for swimming, but rather wading around). Still lovely on the hot days though. And the drinks served at the pool were awesome, albeit expensive. The beds and pillows were also nice, and housekeeping seemed to be on point (we always saw them busily working from room to room).\n\nWhen I go on vacation, I like to feel like I'm really getting away and my hotel room is part of the experience. On a day-to-day basis, I'm usually totally focused on keeping my own house clean, organized, and comfortable... it's nice not to worry about it for a little bit. So, when I feel like I'm getting nickel and dimed, or like I'm just one random customer in a sea of others willing to pay \""better\"" money, it's disappointing. Unfortunately, I don't think we'll be back...","negative"
"694","tweets","tweets Join us for this Partner Yoga specialty class at our Rio Rancho club location next Sunday! See you there.","neutral"
"695","tweets","tweets ""The 1st Lady"" Michelle Obama was in the house! What an inspirational moment! #ZenoFamily","neutral"
"696","restaurants","restaurants Ok so it's in a pretty random location but the best finds usually are. Perfect place to park your butt after a late night on the town for some Peking Duck Bao which is amazing. I also had Sesame Noodles which were fantastic as well. Has a small deli kinda feel but the service is top notch. I will not leave town without making another visit to this place. Yummy !","positive"
"697","tweets","tweets Climbing Mount Snowdon for charity in February!! Would love for you to sponsor me (pretty please!!) :D","positive"
"698","restaurants","restaurants Their quesadilla burger gave me food poisoning. 'Nuff said.","negative"
"699","restaurants","restaurants While the concept of Brooklyn Bowl is good and the space for a small concert is great. The security staff is far less than friendly and it's very confusing to know where your \""allowed\"" to go. Many different colored wristbands with no rhyme or reason as to where you can go, and this being a brand new establishment you would think the security would be a bit more friendly when they explain the MANY rules of the place. They definitely need a lesson in customer service.","positive"
"700","tweets","tweets @user How much is Retro City Rampage? on the Playstation Network\u002c I need to know since Im purchasing a PSN Card tomorrow and need to know","neutral"
"701","restaurants","restaurants Mon mari a voulu m'inviter dans ce restaurant lorsque nous avons appris ma seconde grossesse... nous etions accompagn\u00e9 de notre petit garcon de 3 ans.\n\nLe service \u00e9tait horrible ! Pas un bonjour ni un sourire m\u00eame quand notre petit bonhomme \u00e9tait poli et a gentiment dit bonjour a notre serveuse... qui elle ne s' est pas presenter.\n\nIl y avait 4 choix indisponibles... \n\nJ'ai pris du poulet,  tr\u00e8s bon. \nMon mari a pris du boeuf, la cuisson \u00e9tait pas la bonne... a 2 reprises !\n\nBref pas terrible.et cher pour ce que nous avons pris...\n\nJe n'y retournerai pas","negative"
"702","restaurants","restaurants Walked in and couldn't believe the interior. Everyone says it's a must if your in Vegas so we went. I think that saying is just based on the weird interior. The food was solid but not out of this world. 24-hour availability also probably helps this place stay popular.","negative"
"703","tweets","tweets @user Jeb Bush, who hates Trump right now, just agreed to support Trump if he wins...to keep Trump from going 3rd party. ha!","negative"
"704","tweets","tweets Just watched the whole 2nd season of AHS in less then 24 hours. I'm not even ashamed.","positive"
"705","restaurants","restaurants We really enjoyed brunch this past Sunday --  after a horrible dinner the night before at a very pricey restaurant, we just wanted something simple, well prepared and tasty...and that's what we found at B+B.  This wasn't the best brunch we've ever had, but the trip downtown, coupled with accommodating service, smiling faces and a happy gracious chef who seemed pleased to see we'd returned, made us feel like we had great value for our dollar.   We'll definitely come back.  \n\nHow nice is it to have a meal in a local venue that isn't in a strip mall.  This is one of the few places that has real ambiance...the floors aren't brick - they're made from old wood casks cut into tiles...my husband figured it out - he's very observant...  The large booth tables in one room - which is far more charming than the larger side room, are shaped like painter's pallettes... lots of art on the walls from neighboring, resident artists in the surrounding gallery spaces...  \n\nIt's cool, hip, funky and fun.  The food is interesting... They have a liquor license and are pouring fun drinks and have a very reasonably priced wine list. \n\nWe're definitely fans!","positive"
"706","tweets","tweets @user and you will be procrastinating to see Serena make history on sunday?","positive"
"707","tweets","tweets ""A 355-pound woman works to lose weight so she can start a family on #EMWL, ABC Sunday at 9pm""","neutral"
"708","restaurants","restaurants First off, I came here for a business meeting on a Tuesday night without any resos.  The place was packed so we waited about an hour or so, which shows how much Vegas is hurting right?  This place is a big restaurant with a very nice ambiance.  No complaints here on that front.  We had a table of 5 and everyone ordered different things.  Although everything was good, nothing was great.  My short ribs were ok, definitely not even close to the best i've ever had, that's for sure.  I think it had to do with the flavoring perhaps??  Mashed potatoes were good, as was the wedge salad.  Service was spot on and drinks were good and strong.  All around, 3 to 3.5 stars but with all the steak houses in Vegas, you may want to try another.","positive"
"709","restaurants","restaurants For a crappy airline, they're pretty convenient and organized with the way you can check-in, board the plane, and getting your beverage. The stewardesses are very chill and silly.","positive"
"710","restaurants","restaurants Seriously what happened Sushi Ken!?\n\nWent in for lunch and got the Noodle Combination: Tsukemen and Dynamite Don. First off the Tsukemen tasted pretty awful, like dipping in tasteless soy sauce (that was just plain salty). Secondly, the noodles and sauce were both ICE cold...I didn't order cold soba noodles...\n\nThe Dynamite Don looked like it always did but this time, there was VERY little rice on the bottom. It tasted more like I was drinking mayo sauce with some seafood...\n\nNot really coming back anymore, it would seem that Sushi Ken has been going down as of late. Will have to get my lunch fix elsewhere from now on.","negative"
"711","restaurants","restaurants This McDonalds is like any other McDonalds...  however, this one gets 4 stars because it is a NEVADA McDonalds... which means it has the SPICY McCHICKEN! \n\nEvery time I go to vegas, I stop in at a McDonalds just for the spicy mcchicken.... they don't have it on their Cali menus and its oh so much better hot and spicy! Perfect cheap drunk/sober food.","positive"
"712","movies","movies though its rather routine script is loaded with familiar situations , the movie has a cinematic fluidity and sense of intelligence that makes it work more than it probably should .","negative"
"713","tweets","tweets So what I'm focusing on is motivating Tom Brady and my team  I want them to have a great game Thursday","neutral"
"714","restaurants","restaurants Went here for dinner on a friday night with three girlfriends. DELICIOUS! \n\nIt's a little pricey, but the food was fantastic. We ordered apps, entrees, desserts and brought wine. There is a cork fee which isn't great, but I wasn't too bothered. My only complaint is that the restaurant closed at 10pm on a Friday night. They let us linger for a bit since we didn't get a table until 8:30 and we brought a lot of wine. We would've stayed longer, but they started cleaning up around us and it felt like we should go. \n\nThe restaurant is cute and cozy, it would be perfect for a date night. I've heard good things about brunch, planning to try it soon!","positive"
"715","restaurants","restaurants It's horrible pizza. Order four large pizzas and out of the four times I have gone the pizza is extremely greasy. If you like greasy pizza then go for it but its horrible.","negative"
"716","restaurants","restaurants Went to send out a package and had to deal with a very rude employee. She didn't even want to be there.  Don't waste your time just go next door to FedEx.","negative"
"717","restaurants","restaurants Way overrated! Very limited menu,  basically all you have to choose from are appetizers & tacos. They do not serve rice or any sides with your meal. Super small portions. I can't remember the last time I left a restaurant hungry, until tonight. I've had better tacos from a street vendor. Over price sangria that tasted like I was drinking watered down grape juice. Took forever to get our check. I was with a party of 6 and not one of us would return. \nVERY disappointing!","negative"
"718","restaurants","restaurants Held a breakfast here with one of our sales teams in the private room off the back.  Great service and an OK buffet.","neutral"
"719","tweets","tweets #fakta on the 8th of Mar 191 Cao Cao attempted an assassination on Dong Zhuo; an evil tyrant that use the last Emperor of Han as a puppet.","negative"
"720","restaurants","restaurants I have no idea why people are so fascinated with this place. Maybe it's name, or the celebs that frequent this joint. I went here about a year ago with some friends n waited in line....drumroll please.......................4 miserable hours... and I can say without a shadow of a doubt, it was not worth the cover we paid...at all. Granted the place is big, and crowded....strike that, too crowded. Everyone was building this place up to be the Mecca of all clubs..please, I've had better here in the Bay. Maybe it was the long wait that started the night off wrong, but I just didnt get that notion of why this was supposed to be the premiere club in Vegas...let down","negative"
"721","restaurants","restaurants came here with the family and had high expectations considering it was a high end type of restaurant. it was no surprise to me that most of their dishes were towards $30 a plate which was expensive but i had high hopes for taste. the show they put on in front of you was pretty cool too. as we were plated our food, their portions is not satisfying! also their taste was good but not great. i give it 5 stars for showmanship, 3 stars for taste/portions. good experience though","neutral"
"722","tweets","tweets ""Big Brother starts tonight and X Factor on Saturday, wish I could emigrate or hibernate :-(""","neutral"
"723","restaurants","restaurants I came here to eat lunch with my boss and coworker. I had been eating tacos all day because of Taco Tuesday, but I was still craving more. They had a rebel special for UNLV students, so I decided to order that. The special included 4 tacos of your choice and two sides. Due to my passionate love affair with shrimp, I decided to stick with that. They were out of rice, so I was stuck with beans and salsa for my two sides.\n\nWhen the food came out, it definitely looked appealing. The salsa looked very vibrant and colorful. The shrimp tacos were covered in a beer batter that was cooked to a perfect golden brown. I couldn't wait to take a bite into the foodie goodness.\n\nOnce I bit into the taco, I was greatly disappointed. The batter to shrimp ratio was greatly disproportionate. Instead of tasting the shrimp, I tasted batter ..and that's about it. Sure, the food looked pretty, but that was the extent of it's appeal. The salsa was good, but the chips were way too salty. It was all a big let down.\n\nIf my coworkers decide to come here for lunch again, i'll probably head over to Baja instead.","positive"
"724","restaurants","restaurants No.  I just don't dig this place.  Maybe because i'm a vegetarian, and there are only, like, two things on the menu I can eat.  Their veggie sandwich has this mustard-bile spread on it that doesn't strike my fancy.  \r\n\r\nTwo stars because it isn't poison (I would eat there if I had to) and you get a one of their delicious cookies with your sandwich.","negative"
"725","restaurants","restaurants I was hungry and I stopped in for a quick bite. I ordered two supreme crossiants and a courtesy cup of water. and they were very good and the service was quick and friendly.","neutral"
"726","restaurants","restaurants Cool hip ambiance comfortable seating  nice lighting  and great cocktails especially the old time refresher.  Started with the devils on horseback which were delicious.  Then continued with the flat iron steak and braised Brussels which were both ridiculously great! Highly recommend. Mike the bartender was very accomadating!","positive"
"727","restaurants","restaurants Really great burger joint (don't go there nearly enough) Great menu and great options, like having a lettuce wrap instead of a bun.\n\nNever disappointed","negative"
"728","restaurants","restaurants Since joining Yelp, I've been asking myself: am I a bad person? It must be true, because I actually sort of really like most chain restaurants.\n\nHmph. \n\nAnyway, I was in the mood for steak but didn't want to pay a ridiculous amount, so a friend and I decided on Chili's. Maybe the service is lacking on weekends, but it was great on this Wednesday evening. We actually had 3 different servers checking on us, and hardly had to wait at all for anything.\n\nWe started with the soft pretzels. I didn't care for the queso but my friend really liked it. I had the sirloin with loaded mashed potatoes and broccoli. The broccoli was a little to salty/seasoned, but I thoroughly enjoyed my meal. Friend had the Cajun Pasta, which was delicious, but came out a little cold.\n\nI also had some kind of tropical martini, I think. I can't remember the name, but it was tasty and on the strong side (mmm).\n\nWe split the Skillet Chocolate Chip Cookie. Amazing.\n\nEach table has a ziosk, where you can look at the menu, pay with a card, figure out the tip, and play games (there is a fee for the games!). I hope this doesn't eliminate restaurant jobs, but I really liked it...\n\nFriend would probably give a lower rating because his pasta was a little cold. But I'm the one writing the review, so I say 5 stars. Overall it was a good experience.","neutral"
"729","movies","movies while this has the making of melodrama , the filmmaker cuts against this natural grain , producing a work that 's more interested in asking questions than in answering them .","positive"
"730","tweets","tweets @user Are you going to Danee's Thursday?","neutral"
"731","restaurants","restaurants When I crave dessert, I crave chocolate or pasteries, nothing that can pass as healthy.  When I hear about people craving frozen yogurt I think that's akin to skinny girls raving about salads.  No one really LOVES salads, not like you love french fries, some folks are just too scared of getting fat to actually let themselves eat tasty foods...  That said, this review is not coming from someone that craves frozen yogurt.  But, I can appreciate it for what it is.\n\nJosie's is tasty, but for me it ranks among most other fro-yo places that I have experience with (does anyone remember TCBY?).  However, their ingredients seem a bit healthier.  They flaunt that they never use HFCS (points to them), and various flavors have little \""health\"" boosters, like antioxident rich dark chocolate.\n\nYogurt itself is good for you, I can get behind that.  The self serve option is fun, with about a dozen or so flavors to choose from each day.  They are constantly changing up the flavors. The standards will always be there, but interspersed with melons, mochas, and fruits like coconut.  The toppings bar is great, it has everything that I crave to convince the demons inside me that they're fulfilling their wishes.  The one thing that I would change is for them to offer their \""plain\"" flavor more often!  All of the yogurts have the tanginess of \""real\"" yogurt (which honestly distracts me from some of the flavors like coffee or chocolate, it is better suited for the fruity flavors).  Sometimes the tang fits what I want, but often the flavors don't really cover it up.  I'd rather just have the zingy plain then introduce side servings of flavors and toppings for my flavor meld of choice.\n\nThe staff have always been friendly, and it's a great spot for families or friends of groups to spend half an hour visiting with each other.","positive"
"732","restaurants","restaurants It's just so expensive even for craft beers...the worst is that bar tenders and wait staff are all trained to tell you the same thing when you ask why they're only bringing you a 10 oz pour. They say it's because of the alcohol content...which isn't true...and they know it...or they should know it!! As a matter of fact just last night they pulled that BS on me and she said...\"" Sir, anything with 8% or higher ABV is poured in 10 oz glass.\"" I said well that beers not 8%....when she checked (because of course I'm wrong) she came back and said, \""well it's a really rare keg and it's about profitability\""....yeah. That's what I thought...$5.85 for a 10 oz Oskar Blues IPA...too expensive. You'd think a place owned by the owner of Boulders would be a great place too...but as they are quick to point out \""this isn't Boulders...\"" To which I easily reply \""you're damn right it's not!\"" The food is just ok...the wait staff is hit and miss","negative"
"733","tweets","tweets November 1st - Kicking it off the start of the Holiday Season w/ Love Actually followed by Dashboard Confessional for the loneliness.","positive"
"734","tweets","tweets Why do the White Sox look like they should be playing in your local park on a Saturday afternoon?","neutral"
"735","tweets","tweets It's the holidays and I'm going to Milan tomorrow so cheers guys","positive"
"736","tweets","tweets Everytime I watch the 4th Harry Potter, a part of me still thinks that maybe Cedric will return to the port-key... But he never does *cries*","neutral"
"737","tweets","tweets I may have a treat for you guys tonight so you can play some Minecraft with me ;) #TheDream","positive"
"738","tweets","tweets ""Dustin Johnson was in the final group Sunday, shot 75, and today he and Jim Furyk are paired 12 games before the final group @user","neutral"
"739","tweets","tweets ""Tom Brady may have won his fight with the NFL, but he will forever be a fuckin cheat piece of shit in my book.""","negative"
"740","restaurants","restaurants YES! FTR on location number two!\n\nI have been a huge fan of Hawaiian Experience Spa in Scottsdale for probably three years now, and I am very exited that they opened this Chandler location because it spares me from the long drive to Northeast Scottsdale!\n\nJust like Scottsdale, the Chandler location is decorated in Hawaiian theme and they certainly went all out. I really love the lounge that overlooks palm trees and the water! You can't get much closer to Hawaii!\n\nThe facility is really nice, and I love that they added a second locker/changing room. They also have TWO showers (which are worth the trip on their own), steam rooms, and infrared saunas which are supposed to be great to kick start your metabolism.\n\nOne of the best things about Hawaiian Experience Spa is their wide variety of couples treatments and how well they accommodate couples. They have great date nights or romantic packages for just because (or special occasions). Couples can use all of the facilities together (separate if you prefer) which is really cool. \n\nI know that Steve and Kathy put a TON of love into creating this location and I am so happy to see this great local business expanding!","positive"
"741","restaurants","restaurants I only wish I could give zero stars. Or negative stars. Upon acceleration, the car jerks. Like it's having a hard time finding the gear. I take it in a few days after Christmas. Lest we not forget, I also have the extended warranty which I pay $90 a month for. My expedition is 6 years old and I thought getting this coverage would be beneficial as I'm sure the repairs are quite expensive. So, they tell me the car needs a tune up. Which of course is not covered. They tell me this tune up package is going to be about $980. Wow. I tell the guy, Christmas was like 4 days ago. How about we just fix the jerking problem and forego this whole package. Oh but fixing the jerking problem will be even more--hundreds more. You've got to be kidding me. But I'm like a freaking hostage here so what can I do? I agree. They call me on 12/31 and tell us we can pick it up after 12. Fine. We get there at 2:30 just to find out they closed at 2 for the holiday. That's funny, that wasn't mentioned on the voice mail message that said the car would be ready after 12. They didn't say after 12 but before 2. So that pissed me off. And then when we finally do pick it up, the jerk face \""service advisor\"" says \""oh the repairs came in lower than I quoted...I said $980, but I got it down to $960\"". Oh wow! I'm so grateful that all I wanna do is punch you in the face! Seriously, he acted like he turned holy water into wine. What a douche. I won't go back to this place. Ever. I know these dealers are all the same but it's like they go out of their way to make it an awful experience. I usually bring it to Ford Country...those guys aren't as douchey.","negative"
"742","tweets","tweets I've been waiting for winter break since the Monday we came back from Thanksgiving break!","neutral"
"743","restaurants","restaurants Been going here since I was a kid.  Pizza has always sucked.  Cheap and greasy with an abundance of uncooked dough to make up for the meager toppings.  Best thing going for it is the cup of sauce to dip your nearly sauce-less slice in.  Still I go every few months when I get a hankering, and then I am disappointed and sick afterwards.","negative"
"744","tweets","tweets Trying to follow the #AppleEvent without an Apple product. Here's a live blog.","neutral"
"745","restaurants","restaurants I used to like Tao but I have realized its more about the ambiance and less about the food. And sometimes that is fine, they don't disappoint. But for good sushi there are many other places for good food and less money.","negative"
"746","restaurants","restaurants People must HATE working on New Years Day. Dingy ass workers at Starbucks couldn't get out order right. Dude reading a magazine at Tap Out didn't give us any customer service. Guy at Lids was cool. Lazy ass lady at the oxygen bar didn't acknowledge us until 5 minutes later (there were NO customers). \""Do you have any questions?\"" She said finally. \""Not from you,\"" I replied and walked away.Then when we went to board and the bitch at gate B14 (flight 3527) was like, \""You have to line up in numerical order.\"" And started calling our numbers out load like we were in pre-school! FUCK YOU OLD HAG!","negative"
"747","restaurants","restaurants I don't think we would do business with these slippery characters again !!  Not only were they difficult and refused to fix their errors when we bought the blinds from them.   Now, when there are issues with the function of the shades, they refuse to come out for service without charging a fee up front.   What a joke !!!","negative"
"748","restaurants","restaurants My wife and I visited Gordon's steakhouse on our trip to Vegas; both of us are Hell's Kitchen/Masterchef fans, so we were sure there would be some quality dining in store. \nThe staff was very nice when we arrived, and we were seated right away. Although the website stresses business casual, many of the diners were in shorts and Tshirts, which I would have prefered since it was 105 degrees outside. The decor is very nice, modern English, with a \""Chunnel\"" to enter through. That's when the problems started, and I started taking stars off of the rating. First issue: the NOISE, as others have also noted, was way to loud. Was it the kitchen or diners causing the din? No, the rock music coming through their speakers caused my wife to proclaim that it felt more like a bar than a restaurant. The staff brought around a steak display for you to choose from, but I couldn't hear a thing he said. Second issue: I didn't care for the I-pad drink menu. I don't understand this technology push in some restaurants, and not having a paper copy to read everything at once was a severe turn-off. It may also have been the reason for the third issue, which was they asked if you wanted water, offering both a sparkling or flat water. The thing they didn't mention was that the water wasn't free, but rather 9 bucks a bottle (see 105 degrees above). That came off as a needless expenditure; just a heads up to bring your Dasani from out on the Strip in with you. Our orders came in about a half hour, which seemed very respectable, and the food kept the rating above two stars. I went with the Wellington, which was tasty and rested on a delicious garnish of potato puree (would have been worth the $12 sides price to add a full helping). The only disappointment was that my steak knife had all the teeth of a butter knife, so cutting my Wellington was a chore as it slipped around the plate. My wife's choice of the American Kobe, on the other hand, didn't need a knife, as it was the best steak I have ever tasted. Her baked potato side was huge, but I didn't find it to be anything I haven't had at numerous other steakhouses. So, here are my ratings: Staff = A, Decor/Atmosphere = C (because of the noise), Food = A","negative"
"749","restaurants","restaurants I will not be back.  I took my neices here ages 16, 18 & 20 thinking they would get a kick out fo the place.  It was OK, the food was not very good. The ribs were very tough, and even though the wait staff is suppose to be rude, I still expect to have my drinks refilled at least once.   Also, the whole draw is that your waiter is suppose to make funny hats with silly catch phrases on it.  Our waiter didn't make us one, and took one from the table next to us after they left and put it on one of our heads.  Ewww! \n\nI would not recommend this place to anyone, and I was sorry I suggested it for my neicesas they didn't enjoy it.","negative"
"750","restaurants","restaurants Food was very very good. The basmati rice was moist and fragrant, and the filet mignon skewer was perfectly grilled and seasoned.  The oyster mushroom kebab was terrifically juicy. Portions are plentiful.\n\n\nService was friendly, but a bit slow due to limited number of staff (it seemed like only one waitress was working Saturday night). Ordered the specialty appetizer plate of hummus and spreads and burned through the (warm, delicious) pita bread too fast. The waitress promised to bring another batch, but got busy taking all the other orders. In the end, the owner brought out the pita bread himself, which we appreciated. \n\nDefinitely recommended for Persian food in AZ.","neutral"
"751","restaurants","restaurants For picks up on the street Atlas is your best bet drivers are kind and polite IF you know where you are going. \n\nI wouldn't bother calling the dispatch for a cab if you are visiting and are calling from a non local number- dispatch can't contact you and cabbies won't ring their fares once they arrive at their destination. \n\nYmmv","negative"
"752","tweets","tweets @user @user Kaash  she will commit suicide if yakub will be hanged tomorrow '' DOUBLE BONUS"""" wow""","negative"
"753","restaurants","restaurants Think twice before choosing this location and company. Only two agents at the desk with over 20 customers waiting.\nOnly one person at the car checkout. Waited more than 1.5 hours.\nNot much else to do so why not yelp about it .\nGet it together Hertz!!!","negative"
"754","restaurants","restaurants The Pancake house is located inside GVR. I wish they would have kept the Cafe it was so much better then this spot! Got the eggs,pancakes, and bacon. The eggs were mushy and had no flavor, the bacon was falling apart in pieces because it was so overcooked but the pancakes were decent. The service was good though. I might be back to try the lunch menu","neutral"
"755","movies","movies a completely spooky piece of business that gets under your skin and , some plot blips aside , stays there for the duration .","negative"
"756","restaurants","restaurants Wicked Spoon is overpriced at $40 pp. There was a massive food selection to pick from, ranging from sushi to gelato to pasta. The beef borguinione was good, as well as the pasta. The Asian food wasn't very good; the sushi was not very fresh tasting and pretty bland, the noodles very dry, and the pork was salty. The dessert section was big, but lacking in quality. 80% of the macarons were cracked, and the gelato wasn't too great either. \nThe atmosphere of the restaurant is nice but a little crowded. Towards 7 or 8 PM the line gets pretty long, so come early. You can also get a discount and skip the general line if you are a Marriott Platinum or Gold member (something like that) but getting the card to skip the line was a hassle. Overall, decent buffet and nice atmosphere. About on par with Bacchanal at Caesar's.","neutral"
"757","restaurants","restaurants This local BBQ icon was on our list of dining destinations when Santi and I were planning our trip to Madison. Located nearby the airport, the well-lit, wooded interior starts with a pathway that leads to the large overhead menu, the ordering counter, and the dining area. Adding to the d\u00e9cor are the statewide accolades all around the walls. On this evening, the casual atmosphere happened to be unexpectedly subdued, quite unlike the other BBQ restaurants I've visited.   \n\nWe shared a Combination Meal ($17.75) that included our choice of 1/3 Slab, Smoked Pork Shoulder Sandwich, and extra serving of smoked pork shoulder, Cole Slaw, and BBQ Baked Beans. The Slab/Pork Ribs were smoky, tender, and the meat easily peeled off the bones. There was an excellent hint of smoke to deepen its flavor, and that was further enhanced by the BBQ sauce to provide a sweet higher note, strong black peppery secondary, and anchored by a noticeable spicy kick that reverberates with good hops. For the price, there wasn't enough meat on the ribs, but the flavors were still sensational. The dinner roll that this dish came with was sweet, soft, and spongy. I loved it.\n\nThe Pork Shoulder Sandwich was excellent as well. The pork shoulders were tender without one single dry spot--perfectly executed and delicious without the BBQ sauce. The meat was flavorful and deepened by its smoky flavor that coupled perfectly with the well-rounded, full-bodied spicy BBQ sauce. I absolutely loved it except for the buns that turned out flaky with hollow spots and lacking flavor. We finished the meat without getting into the buns very much. This sandwich could have been so much better with a bun of higher quality. \n\nThe BBQ Baked Beans were smooth, sweet, and delicious. The Slaw on the other hand was too wet with a weak texture. Compared to other BBQ joints, their sides could use more varieties such as green beans, collard greens, yam and other possibilities to complement this resounding BBQ. They also have two sauces, and I wished we had the option of trying both at the table.\n\nService was impatient at first, as we were initially tentative and indecisive about our choices. I wished the server could have been much more educational with their strengths and limitations to help us make the right decisions on this very first visit. However, she later became much more warm, accessible, attentive, and helpful towards the middle and end of the meal. Price-wise, their items were pricy with the portions we received. I'd be very interested in coming back to try their Beef Briskets and Chicken Dinner.","positive"
"758","restaurants","restaurants Went in today for a haircut. The place is great. Got a old school feel to it. The owner Tim cut my hair; i been bedfore and got to say the both did a fantastic job. Lot better then the hack job i got at fantastic sams. The best place for a haircut. They even trim u really nice with a straight razor. Im telling u I walked out of there feeling like a new man. Thanks Tim u and the crew do an amazing job. Keep it up!","positive"
"759","restaurants","restaurants I stayed here for my husband's birthday weekend in Vegas. It was our second favorite hotel in Vegas besides the Encore. It is an easy walk to the strip, very clean, and very nice. The rooms are very nice. We rented ours from Jet Luxury so we didn't have housekeeping every day which was kind of a bummer. Besides that it was great.","positive"
"760","tweets","tweets Song #2 Friday by Ice Cube Just came on and automatically started rapping it haha white ppl aren't ready!","neutral"
"761","restaurants","restaurants We were so excited to get a bar in Buckeye. First time we went service wasn't that great and food was not good at all. Our order was wrong and when we got our correct order it was cold. We figured cause the place had just opened so we said we would wait a couple weeks and try again. The next visit was even worse. Service was bad. Meaning it took forever for someone to even take our drink order, 30 min wait for food that was not worth the wait. Nope, we will not be returning.","negative"
"762","movies","movies a crude teen-oriented variation on a theme that the playwright craig lucas explored with infinitely more grace and eloquence in his prelude to a kiss .","positive"
"763","restaurants","restaurants I've always thought this place was a nightclub.  We went to see a friend play live there and what a surprise!  It's quite a setup with the stage and great acoustics.  The bartenders were friendly and had a heavy pour.  Plus the pricing on cocktails wasn't too bad.  It's smaller than I had pictured, but that just makes it more intimate.  Can't wait to see another show there.","neutral"
"764","tweets","tweets Can I just go to Disneyland for my 21st or is that super lame lol","positive"
"765","restaurants","restaurants Okay, I have been going to Dutch Bros ever since this location opened up.   The coffee is good but I've had enough of the customer service.  The superficial concern, the loud, I mean Really Loud Music and finally the fact I watched the window guy carry on conversations with the cars in front of me that lasted 13 minutes after they got their drinks.   Think about that customer has the drinks and they stay talking in a drive thru.  I was late getting to work. Speaking of work, I wear ties to work, every time my tie is complimented.  Even if they have seen it multiple times.   My cars are complimented, but they aren't extravagant.  I have nice cars and they're newer but nothing super.  I'm saying they just are not sincere.  Sometimes they take my order before getting to the window sometimes not, this last case it was a not.  When I do get to the window they can't hear me because the music is too loud.  So, Thank You Dutch Bros!   I'm sure you haven't missed me in the last 8 days since I haven't come in.  I was a regular and I do have a lot of free drink coupons, I wonder what I can do with them.  Thank you, I've been taking coffee from home everyday saving $3.00 a day.","negative"
"766","tweets","tweets in the mood to watch all the Harry Potter's for the 3rd time in 2 months","neutral"
"767","tweets","tweets @user Have i mentioned i'm going to Florida on Friday? CC Final in the sun my friend.. lol","neutral"
"768","restaurants","restaurants The food here is  great.  Has good flavor and reminds me of my grandmas cooking.  Customer service was also good, the lady at the counter was friendly and patient while we looked at the menu and decided what we wanted.  I ordered the gordita and taco combo and everything tasted great.  My husband ordered the enchilada and taco combo.  He said this was very good.  I also ordered a champurrado and I must say that it was the best I had ever had.  The taco was good, but I have had better.  If I'm looking to only have tacos, I already have another place for that.  Since the food was so good here I know I will be returning to try other dishes.  The only thing I did not like was the way the food was served on styrofoam containers cut in half.  It just looked a little ghetto to me, and that's why they got 4 stars from me.  Also, for all the food we got and drinks, our total was $16! You can't beat that, every time I go out to dinner with my husband our total tends to be around $22.00","negative"
"769","restaurants","restaurants Are you out kidding me? This place is a dump. Worst Thai food in town if you even want to call it that. The complimentary egg drop soup was flavorless. I ordered the chicken chili mint lunch special with a 5 on the heat scale. It tasted like no heat at all. I could have made that dish at home! Eggroll was dripping with grease. I highly DON'T recommend this place.","negative"
"770","tweets","tweets Going to the UCLA football game this saturday with my boo . <3  ^.^","neutral"
"771","restaurants","restaurants Very nice resort. Very spacious accomadation with full kitchen and laundry. I left a couple of belonging and they were able to return them promptly. If ur not gonna make full use of the resort i wouldnt recommend it as it could be up there in price.","positive"
"772","tweets","tweets @user awww what a great dream!! :) And it will come true SOON!!! Pennies on may 16!! BE THERE!! #618wingman","positive"
"773","restaurants","restaurants Really Yelp? 4 stars? Can you say overrated? \n\nSo I'm usually wary of all you can eat buffets because the quality of food is often mediocre at most, but I decided to rely upon the yelp reviews. First off, we came here for brunch (it's okay we had girls in the group XD) and it cost us $37 each, pretty steep price. Also, the line went on for about 1 hour. Finally when we were seated it took a while for the hostess to get our drinks... As for the food, skip the asian section... As for the steak, it was chewy and not seasoned well enough. The smoked salmon was pretty good and the shrimp was solid. As for the dessert I grabbed one of everything, they look great, however, everything just tasted like colored sugar. \n\nOverall, I was pretty disappointed, I guess I'll be staying away from buffets in Vegas for awhile.","neutral"
"774","restaurants","restaurants We were in town shopping before the New Year's celebration during New Year's Eve. We went there because a guy outside that works there told me and my wife it was Taco Tuesday, and tacos were a buck fifty a piece. Place was just okay, the girl that was working the mechanical bull really knows how to ride. Our server disappeared on us and went on break and did not inform us. I don't think that the server cared about the gratuity on a forty dollar bill, but I tipped her ten bucks anyways because I was in a good mood. I would go there again for the tacos, they were good.","negative"
"775","restaurants","restaurants great club but a bit too impersonal for my taste, it's so big and crowded that it's hard to socialize.\nFor the guys, they have a lot of eye candy, like women in bathtubs without water I think and all they're wearing is a rosepedal bikkini with invisible straps.\nIf it weren't for a girl that invited me and my girls to a VIP section, so we could finally dance without being skin to skin surrounded by people I probably wouldn't go back.\nWe ended up with free booze, elevated space to dance and didn't even get bugged by the rich guys who made sure to keep everybody happy and liquered. Sometimes it's just great to be a girl:)","neutral"
"776","tweets","tweets ""EVERYONE Pls Come Check out Necie's Carnival Tomorrow!!! We sell all the food you buy at a carnival FUNNEL CAKES, HOT DOGS, NACHOS & MORE!!""","neutral"
"777","tweets","tweets @user @user \""""""""See what I just did\"""""""" sound s like you saw Billy Crystal in Mr. Saturday Night. Yes?""","neutral"
"778","restaurants","restaurants 3.5 stars.  I have been to Diego a few times since it opened, and I find the food to be above average and consistent.  The location is inside of the MGM Grand, and the setting is casual.  The only downside would be the price, which is an issue inside of almost any casino in Las Vegas.  It's Mexican food after all, which we all know is supposed to be cheap.\n\nIf you want to pay this price for 'gourmet' Mexican food, I would have to say that Lindo Michoacan is better.  However, you have to factor in the cab fare too and from this off-strip property, unless you have a car.\n\nMy favorite thing, and the most memorable, was the selection of salsas that they offer with your meal.  I remember liking all three on my first visit and a different set of 3 on my second visit.  They seem to have it down in this department.  The bar also has a great selection of drinks and tequilas.  I cannot recall the dishes we ordered (its been quite some time since my last visit) but everybody in our group was pleased.  The ambiance is also nice from the standpoint that it is very open feeling with just enough privacy at the tables.","neutral"
"779","restaurants","restaurants If you look closely at the sign, you'll notice the price is for regular is only if you use cash.  When you pull up to the pump there is a sign that states there's a credit or debit surcharge.  This price makes this Shell station more expensive than the already overpriced Circle K just across the street.  I expect the outdated credit/debit surcharge from Arco, or a small gas station, but not a Shell.  You can save yourself a couple of dollars by getting off the highway before/after the tunnel at 7th Ave.  Stations both north and south of the I-10 are cheaper on that street.\n\nThe plus sides of this station is that there's a lot more pumps than at most stations in the downtown area.  There's also a car wash.  There is just a tiny little spot in the middle with a cashier and a few convenience items, but no real store presence.  Maybe this Shell should build a store on the property, so it can increase profits by selling overpriced sodas and candy, and start charging less for gas.","negative"
"780","tweets","tweets I used to bump Nicki aalllll the time in middle school. Pink Friday was my fav","neutral"
"781","tweets","tweets Win tickets to see Manchester City v Ajax with Ford!: Source: --- Thursday\u002c November 0... #MCFC","neutral"
"782","restaurants","restaurants I've always seen Carly's during the first Friday strolls but never had the chance to stop in\nMost first Fridays it's super packed so I opt for food trucks\nWent here last night (11/27) because it was the only place serving food late on a semi holiday night\nUpon walking in, we noticed that we had just missed the live music which we were kinda sad about because my friend and I live for live music...\nWe got to choose our own table and there were people there, but it wasn't too packed, which was a good thing \nOur server was very nice and probably knew that it was our first time so she handed us menus, took our drink orders, and filled us in on the menu a bit\nMy friend tried the whiskey sangria, which was very, very yummy\nAnd I got a whiskey sour, because I had never had one and wanted to try \nIt was good, it was pretty much what I was expecting\nMy date and I wanted to split something but we basically ended up getting our own sandwiches\nThe Cuban sandwich was really good\nI love Cuban sandwiches and Carly's provided a great Cuban\nIt came with chips and a pickle which went well with they plate\n\nOur service was very good for that time of night\nShe was very friendly and kept out drinks a pourin... \n\nAll in all, such a great experience at Carly's. I will be back eventually to try more food and drinks but especially for the late night vibe... Check it out!","positive"
"783","movies","movies while easier to sit through than most of jaglom 's self-conscious and gratingly irritating films , it 's still tainted by cliches , painful improbability and murky points .","negative"
"784","restaurants","restaurants Such a BOMB burger!! They really load it up with the \""fixin's\"". If I'm in the area, I will definitely be back!","positive"
"785","restaurants","restaurants I was very apprehensive about getting my oil changed at a shop.. I had heard all the horror stories about taking your car in to get an oil change. \nI couldn't have been more pleased with the service. The people that work there are courteous and efficient. My oil was changed, and all fluids topped off in about 25 min. No one tried to con me into buying a service for something I didn't need. I was very pleased with the service there and I will be taking my car back to them for my next oil change.","positive"
"786","restaurants","restaurants Sarah the bartender is an absolute nasty person. She couldn't smile and was super rude. I wouldn't come back soley because service was terrible.","negative"
"787","tweets","tweets @user what time is the country thunder ticket giveaway at dunkin donuts tomorrow?","neutral"
"788","tweets","tweets We have that appointment w/ the curator of the Dallas Holocaust Museum tomorrow & Kev just told me that it's next to the Book Depository.","neutral"
"789","tweets","tweets Danny Care and James Haskell recalled to the England side for the third Test against South Africa on Saturday\u002c","negative"
"790","tweets","tweets Saturday night we welcome Grateful Dead tribute band DeadEye onstage with two sets starting at 7:00! As always at...","positive"
"791","tweets","tweets Cowboys starters could play into the second quarter against San Diego Chargers on Sunday night:","neutral"
"792","restaurants","restaurants This place is terrible. The service is terrible. We got sat outside, ignored for 15 minutes where I had to go up to the host and ask if we had a server. Then this stupid server  comes up and sits down water. Continued to ignore us. The manager came over and said he would take care of us. We ordered 2 drinks, and an appetizer. Everything seemed to be going good, until we went to order our entree. He said the kitchen was closed, but failed to tell us that when we ordered before. Said he would take care of the drinks, and then refused to.this place is terrible. They have horrible service. Do not come here, unless you like being treated like crap and less then human. Do NOT come here!! Go to the one on the strip inside Paris casino.","negative"
"793","tweets","tweets Wonder who the 1st person to bring a JOHN 3:16 sign to a Ball Game was?!? I\u2019d like to Kiss his (or HeER\u2019s) face... and I\u2019m NOT GAY.","neutral"
"794","tweets","tweets So excited to see Kerry when she comes back off holiday tomorrow","positive"
"795","restaurants","restaurants Rude staff, almost made me feel like it was a bourden to them for me being in thier store.... thumbs down all around","negative"
"796","restaurants","restaurants Over priced, over crowded, mediocre products. Welcome to the Las Vegas Strip.","negative"
"797","restaurants","restaurants This guy is a total CROOK....totally incompetent.\n\nHe came to my house, charged me $100 to diagnose my unit.\nHe went into the attic, replaced 2 fuses and left. (the fuses looked like\nthey were in his truck for ten years)\nHe never even checked pressures in the system.\nFive minutes after he left, the unit quit working again.\nIt turned out the unit was low on refrigerant.\nWhen I called him and told him I wanted my money back, he hung up on me.\nWhile at my house, I asked him where he went to school to learn a/c....\nhis answer: \""I never went to a/c school...I learned everything on the job.\""\nThis guy advertises on Craigslist ten times a day so I'm sure he gets a lot\nof calls from unsuspecting customers.\nHis business card says he's licensed...I'll be checking on that.\n\nSTAY AWAY FROM THIS GUY.....HE'S TOTALLY INCOMPETENT.\nHIS NAME IS BILL ST&$#@.....HIS CARD SAYS HE'S THE OWNER.\n\nBY THE WAY....THERE ARE NO \""TECHNICIANS\"" EXCEPT HIM...HE\nTOLD ME HE'S THE ONLY ONE IN THE \""COMPANY\""....WHAT A JOKE.","negative"
"798","tweets","tweets I really feel like poor planning was involved in whatever it was that made Ash Wednesday and National Margarita Day collide","negative"
"799","restaurants","restaurants Great Place to rent Storage. Tiera, specifically, impressed me with the follow-up and way she accomodated my specific situation. Man, they are ON IT! :)\n\nThey aren't indifferent to getting your business! Go visit them to see what they can do for you. Great place.","positive"
"800","restaurants","restaurants We stopped for lunch at this Coco's at the end of September and had a good meal and very good service. Left a good tip and evidently the waitress retired on it! Today 10/17/12 was a different story. One waitress in the whole restaurant at 8am. Very slow service. It took 25 minutes for the food to arrive and it was terrible. A Denver Omelet that looked like scrambled eggs with water running out of them and large hunks of cheddar cheese with the grease running out if it. Another dish of the Florentine Scrambles had the cheese on top of it so hard I thought it was still in a cellophane wrapper. After getting the food, we waited for another cup of coffee since the waitress said she would be right back with the coffee. 5 minutes later, no coffee. Since the food was disgusting and the service so slow, we walked out and went to another restaurant (JiMichael's Lakeview Restaurant) for breakfast. After a while at home I called to speak to the manager about the experience this morning and guess what, nobody would answer the phone. This is not a restaurant we will likely return too.","negative"
"801","tweets","tweets @user +ticket rates and still EID mana rahe the log monday tuesday tak..Dilwale ka bhi monday tuesday huge hoga wait n watch bro","neutral"
"802","restaurants","restaurants It's not enough to say they have the best happy hour in North Scottsdale - and, oh, they do - let me tell you why.  First, the place looks so good it makes even me look good in it.  The entrance is a long walkway surrounded by floor to ceiling windows behind which are hundreds of wine bottles stacked, well, floor to ceiling. The staff all ooze cool while at the same time executing some of the most solicitous service I can think of in town right now.  Their signature cocktails are amazing, and their bartenders know just the right way to make them.  At $8 a pop during HH, that's a mighty fine deal for top shelf liquor done right.  Food is $7 on the HH menu, so of course we tried just about every one, and they were outstanding.  Ok, I have to fess up, the lobster mac & cheese was really boring, but that was the only boring thing this evening.  I guess they have live music some nights, and I hear they're thinking about offering bourbon flights.  Bourbon flights??  That's a bit beyond my league, but it could be fun to watch.  \n\nBest of all, Bourbon Steak's HH goes until 7, which gives me plenty of time to fill up on the value menu and still get my old butt home in time to crash at a decent hour.","positive"
"803","tweets","tweets Tim Tebow may be availible ! Wow Jerry \u002c what the heck you waiting for !","positive"
"804","restaurants","restaurants After what seems like an eternity my contract is almost over with century link. I thought when i switched from cox that i would be getting a faster internet connection but i was sorely mistaken. Ive been on century links 40 down 5 up service ( the highest package offered) and its been consistently slower then my cox package which was 30 down 7.5 up. Not only that there offices close at bankers hours so.good luck getting any support from them after 6. All in all im glad my contract is over so i can dump them and head back to cox.","negative"
"805","restaurants","restaurants Went there last night with my wife for a date to see Bill Bellamy. The show was fantastic. Seating wasn't to bad. The drink prices were jaw dropping. Now I know why they don't put the prices on the menu. $60 for 4 drinks is outrageous especially after paying $60 for tickets.","negative"
"806","restaurants","restaurants While having to wait for an unexpected car repair, my friend and I chose Charr since it was close to my mechanic.  Not a big fan of the industrial d\u00e9cor, but if the food is good I can live with it. Well - ugh!  A far cry from a burger joint, the menu was uninspired. We ordered the basic Charr burger -  one medium rare, the other medium well and got them cooked exactly the same. The garlic bun was intriguing but we both would have preferred them warmed a little. Ketchup served as the condiment of choice? I would prefer Thousand Island Dressing and maybe toss in a couple pickles. Neither of us had ever tasted Truffle fries, and I can honestly say I will never bother seeking them out. The muscle bound staff stood like guardians at the path to the restrooms. My friend braved the trail past them, announcing she had been in better restrooms in gas stations. I decided to skip the use of the facilities. I think a staff could at least \""fake\"" busy so you don't feel like cattle being surveyed by prospective bidders at an auction. Charr is totally off the list of restaurants, and I wouldn't bother trying any of the sister restaurants. I can understand why people find their reservations available - it's because no one really goes there. Too many good burgers in town - I've learned to accept a $10.00 burger like I accept gasoline over $3.50 a galloon. The difference is, I have to buy gas - but I can get good food elsewhere for that $10.00.\n\nI only wish I was in possession of one of their coupons they put out regularly. A painful experience is better with a coupon.","negative"
"807","tweets","tweets Saw you at Riot Fest last Sunday-incredible as always-this will be my fourth time seeing you all. LOVE to you!","positive"
"808","restaurants","restaurants If you didn't get the idea from the 200+ user reviews raving about this place, then yes, the Oyster Bar is delicious. \""How delicious,\"" you ask? \""Very delicious,\"" I say. When a place has me ogling over a pan roast more than a celebrity crush, it really means something (Actually, that might just mean that I'm a glutton. Never mind that though). \n\nSince there are already boatloads of praise from other wonderful Yelpers, I'll try not to be redundant. Thus, I'll leave you with a summation of tips, from one glutton to another:\n1. First visit? Order a pan roast. It's practically their signature item. Ordering other items could leave you happy, but not as happy as a pan roast would make you. You do like to be happy, don't you?\n2. Starving? Order a platter of fresh oysters too. They're some of the freshest oysters that I've had in Vegas.\n3. Pro-tip? Get an extra roll with your pan roast to use as a shoveling tool. Extras are free. You just have to ask for them.\n4. Pro-pro-tip? Friday and Saturday nights are their peak hours. You could be standing in line for 30 minutes to an hour. I've heard that it's gotten as long as 2.5 hours at the most busy of times. On a early Sunday afternoon, I got seated with a group of 4 instantly.\n5. Want to go there now? Call me. It's a date.","positive"
"809","restaurants","restaurants OMG!!!  Best sticky buns ever.  Everything we ate there was delicious.  I cant wait to come back.  The oatmeal cookie was really yummy too.  Next time I want to get some chocolate.  King Sugar Showcase Supreme!!!","positive"
"810","restaurants","restaurants Can only comment on the (non) attentive service.  Came in on a whim while holiday shopping in the area and were greeted and told to sit anywhere we liked.  That was the last we saw of any service person.  We waited about 20 minutes until a table of guys near us hailed a passing waitress and pretty much demanded their already ordered beers!  The place wasn't busy and there appeared to be 2 service personnel (hostess or waitress) chatting up the bartender.  Interesting concept with their yearly Mug Club but unfortunately for the owner, we won't be back to try it out.","negative"
"811","restaurants","restaurants Went for brunch, had the scallops and the sausage salad. Very good! Great ambiance good food good service!! I'd recommend it to anybody! We will go back to try their evening menu!!","positive"
"812","tweets","tweets Negros at Richwood do sh-t like : Fw/ the same hoes & bet who gone hit her 1st o_O","negative"
"813","restaurants","restaurants Some people talk about Earl's Sandwiches  the same way my boyfriend and I talk about Fulton's fish and chips! \n\nThe menu is simple yet it reminds me a lot of KFC with their family portion options, sides, etc. The line was long, the wait was moderate,  but the smell alone made me want to stay in line. I ordered the fish and chips and some calamari. It was ready in about ten minutes. The size of the fish was just right and looked so crispy yet flaky already! The taste? Straight up mouth watering. The calamari, yeah that was bomb too. \n\nIt's a must to come back and try some more out on the menu because there is a variety of appetizing choices.","positive"
"814","restaurants","restaurants Nothing fancy, nothing bad.\nFirst time at Candlewood suites.\nHonor system at snack bar (yes, honor system...).\nA/C works great but refrigerator kinda loud.\nFree popcorn was a nice touch.\nBTW, bring your own pillow if you don't like soft pillows...\nFree internet and free cable tv.","positive"
"815","restaurants","restaurants My friends and I had such a great time here! The entertainment was catchy and fun and the waitress was always there when we needed her! I highly recommend visiting New York New York one night to sing along with the dueling pianos","positive"
"816","restaurants","restaurants I went in for a shellac manicure.  I was greeted immediately and only had to wait a few minutes.  The place was clean and well set-up.  I had many nail color choices and I believe my nails were done well.  The only complaint is that they were very busy...so my nail guy kept getting up to assist other customers while my nails were drying in the machines.  I prefer more of a personal experience but they must be good to have that many people come in.","positive"
"817","restaurants","restaurants Nothing really impressive about this place.\n\nI've tried the pizza, which I suppose wasn't terrible, but definitely not something I'd recommend. They do the fully cooked but pre-prepared pizzas, and re-heat for a minute in the oven. There are places that can do this right, like NYPD, but these guys didn't really deliver a high quality slice.\n\nToday I went with the chicken parmesan, which included a garlic knot and baked ziti. The pasta was pretty bland, and the meat didn't have much substance to it. The garlic knot was decent, but not good enough to turn the meal around.","negative"
"818","restaurants","restaurants This place has a good quality meats. I prefer Sura to Woo Chae the AYCE Korean BBQ just across the street to each other. Sura has a lot of Ban Chan(side dishes) like pig's feet,Kimchi,spinach,bean sprouts,tofu etc.Sura has different kind of sauces for you to choose.The restaurant has variety of meats as well as marinated chicken and seafood and fish. This restaurant is good if you bring american friends or friends who is not so keen of Korean food since the restaurants offers Japanese selection as well.The staffs are friendly but not so attentive.I have to wait awhile to get my hot tea refill. I really like this restaurant and would recommend it to anyone.","positive"
"819","tweets","tweets HALLOWEEN TREATS &amp; PRIZES from 27th October - 2nd November Kids get free halloween nail art &amp; sweet with every...","positive"
"820","tweets","tweets ""Happy 102 years to L.A. artist Tyrus Wong! May the road rise to meet you, may the wind be always at your back:","positive"
"821","movies","movies reassuring , retro uplifter .","positive"
"822","restaurants","restaurants 2.5 really\n\nI know that State St. businesses calm down in the summer but this place was EMPTY when I came in.  Not even an employee standing at the counter. \n\nI used to come here in college for quick, basics--pizza, pasta, paninis and salads.  They allow you to \""make your own\"" with a list of ingredients, or choose from a menu of popular combos.\n\nThe food was not bad.  And it was cheap.  And usually there is outdoor seating and plenty of space if you wanted to stay and study.  But the portions were small and maybe I ate here in college so often because it's the kind of food you cooked FOR YOURSELF in college.   boiled noodles with a can of red sauce dumped over the top.\n\nIt's very much like a dorm cafeteria.  Basic.  Limited ingredients.  Not too flavorful or unique.  It's place that you can cheaply ingest nutrients but not much more.  Their dessert selection is a fraction of what it used to be.  Only two or three options cheesecake or tiramisu.  The glasses smell like the Hobart they were washed in--college cafeteria style.","neutral"
"823","restaurants","restaurants Exciting news people! For years Wendy's has been serving bland tasteless dry burgers and horrible fries. My husband has a certain fondness for them, but he had always been forced to eat at Wendy's without me because I couldn't tolerate crappy fast food. \n\nThis all changed recently when Las Vegas became THE test market for the entire country for Dave's new Hot and Juicy burger and natural cut fries with sea salt. Yup, in many parts of the country they still are serving those dry tasteless burgers but not here my friends....\n\nThe new burger is the real deal. It IS hot and juicy and really great for a fast food burger. I don't get why it's so juicy and moist, but it is somehow. They also have nice new fresh veggies (apparently crinkle cut pickles are a big deal? and red onions?) and a new improved bun with BUTTER ON IT. Oh hell yes. If I'm eating 50 grams of fat damnit give me a couple more. The fries are much improved as well ! \n\nIf you must slum it at Wendy's for whatever reason, have no fear, the food is finally decent !","negative"
"824","tweets","tweets Last night was the best night out I've had in ages! Circoloco was class.. On the other side on the way to the lakes for work tomorrow #death","positive"
"825","tweets","tweets Will watch old movies, Seinfeld and other silly things till Sunday...the old #katrina news footage is too much for this heart to bear.","neutral"
"826","tweets","tweets @user Do me a favor.. I want you to look up a song called \""""""""Tomorrow\"""""""" by The Winans when you get a chance...and listen to the words""","positive"
"827","restaurants","restaurants Ok, so I've been back a few times now and all I can say is love, love, love this place! I can't think of a better way to start off the weekend especially when the weather's nice out.  The food is made fresh to order, good size portions and decently priced.  You can choose anything from made to order omelets, crepes, mixed BBQ plate with choices from shredded pork and cabbage to lamb shank, and wood fired pizza.  Top that off with mimosas on the patio...amazing!","positive"
"828","restaurants","restaurants Love, love, love this place! Just returned from annual spring trip to Scottsdale, and yes, we had to hit My Sisters not once but multiple times to make sure we had fully scouted out all avaiable great buys. (This is how hooked we are - when faced with staying at a new place that was farther away from Lincoln Square, we opted to stay at our usual spot - location, location, location...to Sisters!)  \n \nWe have been coming here for years ... new location is nice, much larger but hasn't lost any of the charm or \""great buys\"" that sometimes happens when a store expands.\n\nIt is a total treasure hunt, either have a few hours to devote to the task, or plan on returning several times - you simply can't do a quick fly-by here! You can find very high quality couture items - or lower priced cute/funtional/trendy items - that they have such a great range of selection is a huge plus in my book. Prices are reasonable, staff is nice and helpful.\n\nI share other yelper's disappointment that Small Change was closed, when I asked it sounded like it was a regulatory/liability thing ... BUT we did discover Kid to Kid (about 5 minutes away) - which was nice. Not Small Change - but liked it and gave me my fix.\n\nI definitely give this place 2 thumbs up ... don't miss it if you are in Scottsdale. The only reason 4 vs. 5 stars ... I can't visit more than once a year!  How about opening up a shop in San Jose?  (-:","positive"
"829","tweets","tweets Interview tomorrow at Dunkin donuts lol really not where I wanted my first job to be but fuck it I need money","negative"
"830","tweets","tweets ""Americans celebrate Pi Day on March 14th (3.14), we celebrate ALMOST Pi Day, today! happy almost Pi day! (22/7)""","positive"
"831","restaurants","restaurants Portions were very small. The food I got (butter chicken) wasn't bad, but a little too salty. But $7 for the tiniest portion ever. A restaurant can make up for price by adding value (friendly service, great ambience), but Wok Box fails on those fronts as well. Next time I'm at that mall and hungry, I'll walk next door to Chipotle and get a better value for my $7.","neutral"
"832","restaurants","restaurants Meh!\n\nWhile in town for a Fantasy Football tournament, I decided to have breakfast at this spot b/c it was close to my hotel.\n\nThis is a new establishment, so I figured to give it a try.\n\nI had a deluxe breakfast meal which included scrambled eggs, bacon and pancakes on the side.\n\nMeal was subpar.\nI ended up throwing the blueberry pancakes away. It tasted like frozen supermarket pancakes.\nEggs n grits were ok, not great---Coffee subpar.\n\n\n\nMy advice on anyone having breakfast---If you're in the mood for breakfast, skip this spot and walk further down the strip to the other Denny's. The other Denny's is more packed, but I've had  better meals there and its a cool people watch spot.","negative"
"833","restaurants","restaurants I was excited to try this caf\u00e9 for the first time. The food was great, BUT it was very difficult to overlook the bad service and general disorganization.  Hostess continued to seat people at dirty and unset tables. Poorly managed - the servers where pretty vocal about not knowing which tables to deliver the food to. Delivering us another table's food. After about 30 minutes we received our breakfast order. All easy fixes if the restaurant is managed properly. There are too many options in town with great food & consistent and friendly service to return to this caf\u00e9.  I do not recommend this restaurant.","negative"
"834","restaurants","restaurants No words can describe the greatness that is In & Out.","positive"
"835","restaurants","restaurants My dad and I went there for dinner tonight and It was a pleasant surprise. The food was very good and there was a lot of it. So we left full and happy. I really liked the customer service the older lady was very nice. \n\nHighly recommend this if you want to grab a quick bite. \n\nWe ordered the Mongolian beef and it was awesome.","positive"
"836","tweets","tweets ""TEXT POLL: Since it's National Hot Dog Day: Ketchup or Mustard on a  hot dog? Text """"live + ur answer to 32961! (Message/data rates may apply""","neutral"
"837","tweets","tweets ""Holi....cuantas on? Para volvernos crazy,crazy,crazy till we see the sun xx""","positive"
"838","tweets","tweets The what's a better show debate, Seinfeld vs Friends is one for the ages but you may be mentally incompetent if you think Friends is better.","positive"
"839","restaurants","restaurants I love this place, but every time I go the service seems to get worse. I know the Chuckbox isn't known for its friendliness but  lately their servers seem to just be annoyed at their jobs. Twice I have clearly ordered BBQ chicken and I was given a buffalo sauce. It's fun to go once or twice but it's pretty expensive. Sometimes the condiments look ok, sometimes they look pretty gross.","negative"
"840","tweets","tweets Thursday Night on KXLU! Get the @user app for IOS or Android at and LISTEN!","positive"
"841","tweets","tweets donald trump is going to be in dallas on the 14th how do i make this not happen","neutral"
"842","tweets","tweets Brit model reveals all about threesome with Justin Bieber - The Sun","neutral"
"843","restaurants","restaurants How on earth do you have 40 customers waiting for service and 2 people attending the counter!!! I counted 12 employees and they were too busy getting ready to close to attend customers! I guess once you are famous why care about your fans or customers. Don't bother waiting!","negative"
"844","tweets","tweets Michael Den Tandt: Harper says he is who he is, take him or leave him. That may not be enough -","neutral"
"845","tweets","tweets ""No, Caitlyn Jenner may not be a war hero, but she's been such an inspiration to many young people who need someone like her to look up to.""","neutral"
"846","movies","movies despite engaging offbeat touches , knockaround guys rarely seems interested in kicking around a raison d'etre that 's as fresh-faced as its young-guns cast .","positive"
"847","restaurants","restaurants The best Mexican restaurant in the area that very few know about.","positive"
"848","restaurants","restaurants Room is OK if you're looking for a long term stay where you might score some drugs during your stay, place is perfect. The bathroom light and bed room lights didn't work until the hair dryer GFI was reset. The room next door have a dog. Place is like a dump. Bed is creaking, every time I roll over freaking scare the crap out of me.","negative"
"849","restaurants","restaurants Pretty much an A-OK experience all around\n\nFood: the coffee cake really was the star of the meal. Hot, fluffy, and flavorful. Extremely cinnamony. Was gone in a second. Veggie benny was pretty good, though I tend to prefer my poached eggs more gooey than completely runny. The hollandaise was not too heavy. The hash browns were crispy on the outside / tops and bottoms, but somewhat soggy in the centers. The chicken-fried steak was perfectly crispy on the outside, and the gravy was good. I'm not sure what all the hullabaloo about the seasoned potatoes is - ours were hard, dry, and extremely salty. \n\nService: came right at lunchtime on a Saturday, but managed to get seated right away. Service started out great, but after the initial greeting, any time we needed anything we had to flag down the waitress. The only time she spontaneously stopped by was to drop off the bill, about 5 minutes after the food came out. Upon checkout, if you pay with a card, the hostess asks if you would like to add a tip to the card. I find this incredibly uncomfortable and puts pressure on patrons to tip maybe more than they normally would. I would much rather have them include a tip line on the receipt so I can tip as much or as little as I would like without feeling guilty or embarrassed. Maybe they do this on purpose to help their waitstaff earn more money in tips? Next time I will bring cash to leave on the table instead.","negative"
"850","movies","movies kenneth branagh 's energetic sweet-and-sour performance as a curmudgeonly british playwright grounds this overstuffed , erratic dramedy in which he and his improbably forbearing wife contend with craziness and child-rearing in los angeles .","positive"
"851","tweets","tweets Will Nokia's 4G LTE Strength Help Counter the China Rout?: On Sep 2, we issued an updated research report on N...","neutral"
"852","tweets","tweets Unreal I turn 18 and second swing at the SATs tomorrow","neutral"
"853","restaurants","restaurants I've been here several times only because it is close to my home. The food there is really just ok. Go somewhere else if you are looking for very good fish.","negative"
"854","tweets","tweets @user @user I'm starting to think he is for gay marriage.  he wouldn't stand with Kim Davis.  I may stop my support","neutral"
"855","restaurants","restaurants I have been here twice now. First time was for a Yelp event and then this time of Jon and Amy's UYE Birthday Bash. Both times I had a great time but so far all I have tried are the apps and the drinks. Someday I will come back and order off something besides the Happy Hour Menu. Then I can give it a full review.\n\nSo far just based on the apps this place is great. The restaurant itself has a great look and the upstairs bar, where we were this most recent visit, is great. Literally 15 degrees cooler up there. Thanks to some great misters.\n\nService is great. Our waitress this time did a great job even with a very large party. Even the manager was bring out orders and taking more at one point. There was a little snafu when we got there. They had made a reservation but it was for 30 people which was a little much for them to reserve. But they started us out at a large table then we took over one side of the bar which was close by and at the end of the night had commandeered another large table right next to the first one. So it all worked out. Water glasses were never empty the entire night which is always a plus too. Some cakes appeared from somewhere at the end. I don't know where they came from. There was a coconut cream cake, which I didn't try because I don't like coconut but which everyone else seemed to love, and a lemon cake. The lemon cake was very good. Lemon cake is pretty easy but this was definitely homemade and tasted great.\n\nHappy hour is great. With $3 beers and $6 apps, which make a meal in the end, how can you beat it. I will be back to try the real menu for sure.\n\nTop tip btw: get the Cheesesteak Eggrolls. So good. I don't know what sauces are drizzled over the top of them but wow. You should not be disappointed.","positive"
"856","restaurants","restaurants Can you give a pizza place 10 out of 5 Stars?!\n\nSauce can make or break the pizza and the Sauce at Nellos is incredible, Give me a Straw!!  This is hands down, the BEST pizza I have ever had.  I moved to San Diego 10 years ago and whenever I visit home, have to stop in.\n\nOriginally started as chicago style, crust is absolutely incredible.  Last time i was in they were also doing woodfired thin crust which was amazing as well.  Now I have to order 2 pizzas everytime I visit, 1 thick crust and one thin crust.\n\nThey really layer on the toppings too (super high quality stuff also) \n\nHey Owners - how about opening in San Diego!!!!","positive"
"857","tweets","tweets Wow. If the UFC follows through with Co headliners of Mcgregor vs Aldo and the next Rousey fight both on Dec 5th... Im buying that fight!!!","neutral"
"858","tweets","tweets @user I want Justin Bieber tickets, my birthday is May 18 and he's coming may 10 and 11 to Boston""","neutral"
"859","tweets","tweets ""Twilight Zone Tuesday! For Real! I just got back from Work, which kinda Sucked.""","positive"
"860","restaurants","restaurants So I've been meaning to try this place and when I stopped by the first time they were still under construction so I waited for a couple of weeks and they were finally opened. I went here during lunch to get something quick and easy. I went in not expecting a whole lot from this place since I haven't really been too impressed with a lot of the revolving sushi restaurants here in AZ. It was really slow when I went during lunch, which I understand since sushi isn't really an ideal place to eat or have for lunch anyways...\n\nThe outside and inside of this place is actually pretty big and they have 3 main tables where the revolving sushi rotates around. I sat down and just looked at all their sushi rolls that they had and I can immediately tell that they weren't really that fresh. It looked like they've been sitting out for awhile and the avocados on some of the rolls were just looking a little too dark. Their Las Vegas roll was super cold, some of their rolls were just kind of falling apart and didn't really look like rolls anymore. I was not impressed and I was not satisfied with my lunch that day either so after approximately 30 min. of being there we just paid and left and I ended up getting Chickfila nuggets after =/\n\nService was ok, I can't really complain about our waitress really since we were the only ones in there but she was nice and she kept asking if we needed anything. There were also 3 young sushi chefs that were in the sushi bar area right across from us where we sat and when we walked in they just starred and didn't even acknowledge us and said hi or anything.","negative"
"861","restaurants","restaurants This is the 3rd time Ive been to this restaurant in Vegas and would always try to eat here when visiting. \nNot anymore.\nWe were seated on a Friday night (reservations for 830pm/ 2 people) the first place we went after arriving to the hotel. We had a groupon and were seated in the back room with a bunch of other tables at a table for 6 people (that was weird) by a sweet hostess.\nThe waiter came by (older man -name began with an 'A'. Strong accent) - asked if we wanted water and then went and got it.\nWhen he came back to ask what we wanted - he saw our 'coupon' (his words) showed us which items we could order from and then left the table (so far so good right?)\nWhen 'A\"" came back, he took our order and our Groupon and walked away. :(\nThe Groupon included, non alcoholic drinks, salad and a meal for 2.\nHe never asked what we wanted on our salad for dressing and it took almost 25 minutes to get out meal. \nIn fact, I never once saw him come back out of the kitchen (yes, alas we were right in front of its entrance) no idea WHERE he went.\nwhen I went to see the hostess to ask what was going on- she acted as if I may not have been the only one wondering 'what happened to :\""A\"" and ran back into the kitchen to find out where our meal was and where our salads were.\nLow and behold it came right out-SANS SALAD.\nWhen we called him on this he was very apologetic but brought us the salad AFTER dinner.\nThe Hostess has also mentioned she told the Manager on duty and that 'she would be by'. She never came by.\nWe went by the next day and I made it a point to tell THAT manager what had happened. Was not a great first impression of Treasure Island and its restaurants.\nShe did offer us lunch at the place that day ( we had already eaten) but still.\nI dont think Ill go here again- even if the food is pretty yummy.","negative"
"862","restaurants","restaurants Food was decent and the tower of brew is a must. Haven't been man enough to try the big burrito challenge or any of the other all you can eat treats they have. With many TVs this was going to be the place to watch the 2010 Super Bowl with their all you can eat and drink party. Unfortunately, no one from the restaurant of casino or hotel told us we had to prepay for tickets for the event, which would have been helpful to know before we waited in line for an hour. An hour we could have used to infuse our livers with beer from another bar.","neutral"
"863","restaurants","restaurants It was our first GNO (girls night out) and also wanted to celebrate the Las Vegas Restaurant Week.  My friend decided to go to Rao's since they had several options in their prix fixe menu compared to the other restaurants participating in this event.\n\nSo we made a reservation and was seated right away.  The restaurant was probably 3/4 full when we got in at 7:15pm.  The waiter did get our drinks and orders immediately.  I got a pear martini and it was good.  My friends got a Malibu and Pomegranate martini and they all enjoyed it.  All four of us ordered the prix fixe menu. We had baked clams topped with bread crumbs for the appetizer and it was good but just a tad salty.  The main entree took a little longer to arrive after the appetizer.  This was when the service started to suck. So we got our entrees and I got the ravioli with Bartlett pears and ricotta cheese topped with dried cranberries and basil.  It was pretty good.  You can taste the sweetness of the pear, tartness of the cranberries and saltiness of the Parmesan cheese.  I liked the favors all together.  My other friends got the pork chop with roasted vegetables and they both said that it was dry.  I believe one of them even mentioned that they wanted medium and both still came out dry.  So probably 15 minutes after we finished our entrees, that's when the waiter decided to show up and asked us if we wanted desserts.  I got the strawberry shortcake and it was disappointing. It was very ordinary and it tasted like it was not from a upper scale restaurant.  Some of my friends had tiramisu and I tasted it, it was just mediocre. I'm a dessert person and I always look forward to happy ending desserts.\n\nAfter desserts, we probably waited 20 minutes to get our bill! Unbelievable. \n\nI was expecting better service, food and decor since this restaurant is a Michelin starred restaurant. \n\nEven though the food was mediocre, I still enjoyed my girl friends' company!","negative"
"864","tweets","tweets Yall act like Nicki really Finna mess up Taylor's moment ............for the 2nd time again. #VMAs","neutral"
"865","movies","movies but it does somehow manage to get you under its spell .","negative"
"866","restaurants","restaurants I absolutely love this hotel and casino. It is my favorite hotel in the Las Vegas strip. \n\nThe garden its always spectacular and I just went recently to see their new spring display and it blows my mind how astonishing our looks. :)., they even had a harp player playing in the garden and the Serenity of it was a nice touch. \n\nThe fountain show its always a must see and I fall in love with it each time I see the show., its the reason why I love the Bellagio.\n\nI stay at the bellagio for one night and the room was very classy and trendy.  I wasnt a really big fan of their new decor but since we had a great view of the fountain show made everything worth while.  We ordered room service and the food was okay. The bed is absolutely soft and I just wanted to lay there the entire time! \n\ni love love love the jean philippe patisserie there they make the best crepe souffles ever.! I always order chocolate souffle with a scoop of Dulce de leche gelato and it is the best dessert I ever had.  \n\nAnd lastly, bank nightclub I always have a great time there. \n\nOverall, I love the bellagio it has such a timeless taste to it and everything is great about this hotel & casino.","positive"
"867","restaurants","restaurants When I first arrived I noticed the place was decorated in a very modern fashion and had the traditional \""techno\"" music that now plays in every sushi bar in every city every where. Not that this is a bad thing, but just letting you know what you're getting into.\n\nThe service noticeably slower than it should have been given the amount of patrons at that time. \n\nI had only sushi during my visit but they have entrees as well.  The prices on the menu were cheaper than I expected, but I soon realized why that was.  The rolls are smaller than the average of what you would find at a grocery store and not prepared well. Now it makes sense. The sushi was marginally acceptable at best.  \n\nIt would be very unlikely that I try this place again with there being a good amount of other sushi places in Charlotte that are much better.  Perhaps I went on an off day, something that can easily happen any where, but a friend I went with had the same opinion I did about it.","negative"
"868","tweets","tweets Floyd Mayweather vs Andre Berto on September 12. Will he make it 49-0 or it will be 48-1? #SSBoxing","neutral"
"869","tweets","tweets Now that's how you start off your 1st day back in a @user uniform David Wright!! Welcome back captain!!","positive"
"870","restaurants","restaurants I traveled over 3 hours to have my son's tongue revised by Dr. McMurtry because he was so highly recommended. He was out of network for us, which cost us out of pocket, until insurance could be filed and then partially reimbursed, but it was all worth it.  From start to finish I could not be any more pleased with Dr. McMurtry and his entire staff.  They are amazing!!  My 4 year old son was comfortable around him and the staff. They made him feel right at home, from laughing with him, to trying to find his favorite TV shows.  He ended up having to get several shots to numb his tongue for the laser procedure and to this day he will tell you he did NOT have to get the shot, bc he didn't even feel it.  Dr. McMurtry is amazing with children.  If I lived anywhere close to Charlotte he would be my entire family's dentist.  I HIGHLY recommend him!","positive"
"871","restaurants","restaurants When I needed insurance for my photography studio I called on Steve Miller. Even though he personally was not able to help me he was very professional and found me another agent and insurance company to work with. Steve is fast, efficient and very reliable! Thanks Steve! -- Wayne Wallace Photography","positive"
"872","tweets","tweets I\u2019m gonna hit the victor cruz if my classes get cancelled tomorrow","positive"
"873","restaurants","restaurants Decided to try it out because it is literally minutes from my business. Was excited because I read the reviews on here and was really looking for some good food and service. Now that I experienced it I am wondering if the other reviews are fakes.\n\nI want to start out by saying that this place has the TRUE POTENTIAL of being great, Kudo's to the owner for putting together what appears to be a great place. Trouble is, the staff hired will KILL this place given enough time. \n\n1) Went there for lunch\n2) Sat ourselves down at a table\n3) Waitress and staff all around but all looked like they were kind of pissed\n4) Waited and waited and waited. Nothing.\n5) Another couple walked in. \n6) Still waiting for service. Nothing.\n7) Waitress goes over to the people who just walked in and gets their order.\n8) STILL WAITING. Nothing. \n9) Food delivered to the couple that came in!\n10) STILL NOTHING. NOT EVEN A HELLO!\n\n...screw this place. We got up and left. Time wasted...about 45 minutes.  \n\nDamn I was hungry too! Finally found a great little Greek place on Ray road. Service was incredible. Food was incredible. \n\nSo I am voting with my dollars now. This place... no votes. The new cool pace in Ray Rd... gets my vote every time.\n\nI can see why the Monk is Hungry. He probably went during lunchtime.","negative"
"874","tweets","tweets When is Top Gear back on the BBC? New presenter Chris Evans reveals date of show's return: BBC Radio 2 and TFI Friday host discloses ...","neutral"
"875","restaurants","restaurants This was really good.  I wasn't expecting much, but the dishes were unusual and nicely executed and really tasty.  I had their Enchiladas Topicales, and my dining companion had the Relleno  Blanco.  Both were really good!  I eat a lot of Mexican food, but I'd never had anything quite like either dish, but they were both delicious.  I will absolutely be back, even though I live in Chicago and only visit Champaign occasionally.","positive"
"876","tweets","tweets I don't have Faith on  constitution.Sorry to Yakub's family.. May God bless Yakub's soul with rest and peace in heaven.Hang rapist first..","negative"
"877","restaurants","restaurants Good luck in getting one of their Tarantini Panzarottis! We've tried three separate times to try one of these and they don't have any available because they need to thaw.(???)  Maybe they only serve them if you're with a tv show on the Food Network? Not sure but we're done trying.... really poor service!","negative"
"878","tweets","tweets The amount of people I'm going to see come into Dunkin' tomorrow before their first day back to school will not be okay","neutral"
"879","restaurants","restaurants Great menu, location and ambiance, however the execution was what holds it back.\n\nChef owned, local feel and a good looking menu everything seem right, however I did skip the key step of checking yelp first.\n\nAt a distance the patio looked great and it was the first cool evening of the year, but as we sat there we noticed how the seats really needed cushions and the table was repaired with duct tape.\n\nFor dinner we had the risotto of the day which was a artichoke risotto $15 and we also had had a Ahi salad $13. The risotto was just too creamy with pools of cream or butter at the corners of the dish, this went beyond rich to flat out heart attack inducing. The heavy hand was also evident on the salad that was heavily dressed. The tuna was served on it as a single steak, semi rare and only pink on the inside, not the highest quality tuna. \n\nThe included bread and butter only came as the meal came out, it was good with a sun dried tomato butter.\n\nBottom line it might look nice and seem like a great idea but this place is more for the tourist / theater crowd.","positive"
"880","tweets","tweets ""3rd hat-trick in 4 games for Ronaldo. Outrageous. Madrid imperious again tonight. Bale, James, Benzema, Modric, Kroos, Isco. Class overload.""","neutral"
"881","tweets","tweets @user hi! Yeah me too ;D And yes\u002c I\u2019m from Poland and I\u2019m 16. I\u2019ll see new episode in the Friday evening. Can\u2019t wait tomorrow ;3","positive"
"882","restaurants","restaurants Been here twice looking for cribs. The prices here are more than some stores in California, but the salespeople are always very helpful. They even offered to match a price of a crib that I took a picture of its price tag with my camera. \n\nBeautiful cribs and wonderful selection. However, my last visit really swayed me from purchasing about $2500 worth of baby furniture. The manager's kids were running around the store while my baby was trying  to sleep. They also keep running into me and made the whole shopping experience really unpleasant  They weren't paying attention and continued to wrestle. I guess boys will be boys, but the manager yelling at them as they refused to move from the exit was what really told me to spend my money elsewhere.\n\n (if you are the manager and you read this, yelling at your monsters to stick their noses in the corner is unprofessional and ridiculous!)\n\nAdded 4/25/10 Please note: I am sorry if this offends anyone!  The great thing about YELP is that we are entitled to our opinions and we can voice our experiences no matter where we shop!  A big part of my shopping/dining experience is customer service, so if you are letting your children get in the way of shoppers or screaming across the store at your own kids (instead of calmly walking up to them and speaking where no one can hear you), you loose customers and sales (no matter what state the customer lives in).","negative"
"883","restaurants","restaurants Came here for breakfast with a group of 5 after a crazy night. We all wanted noodle soup because soup is always comforting and easy on the stomach. Plus, it was conveniently located inside the Venetian.\n\n3 of us had the Spicy Ying Nan Rice Noodle. All 3 of us thought it wasn't spicy at all and it was actually kinda bland. I put maybe 5-6 spoonfuls of chili paste in my bowl to add some flavor. On top of that, it was overpriced at $13.95 a bowl.\n\nI've lived in the San Francisco bay area all my life where there are a million Asian restaurants that serve noodle soup. So, that's why I give this place a 2....\""Meh. I've experience better.\"" \n\nIf you don't mind traveling off the strip for an authentic, good noodle soup, go to Pho Kim Long on Spring Mountain Road.","negative"
"884","tweets","tweets @user clemson sweatshirt came in today, got new uggs and got a couple pairs of 7 jeans....im ready but winter wont be the same.""","neutral"
"885","restaurants","restaurants Terrible happy hour sushi menu!\n\nAte here on the 20th after a long bout (at least a year?).  The same two chefs, Julio and Roberto, were still there, as well as Leo, the manager.  I re-informed them about my allergies and placed my order: spicy tuna ($4.50), spicy salmon ($4.50), and a soft-shelled crab roll ($7.95).  Julio prepared the first two, while Roberto prepared the crab.  I was fortunate enough to ask Roberto what he was going to substitute the * w/.  He said he could use radishes and yamagobo (pickled burdock; looks like julienned carrots).  Had I not said anything, I may have been disappointed w/ the crab roll as I was w/ the other two rolls... The tuna and salmon were pretty much just rice and the mashed fish filling.  I ate a few pcs. of each dish and gave up.  (Hey, I was hungry!!)  Had leftovers packed, then decided I'd say something to Leo, who was kind enough to comp. one of the entrees.  Fair enough, since I ate the equivalent of one.  Should I return again for happy hour, I'll probably just stick to two rolls- the dependable soft-shelled crab roll, w/c is wrapped in nori, then rice, and then w/ omelet, thin-sliced.  Yum!  \n\nSince I didn't enjoy the other two sushi rolls, I replaced them w/ a rainbow roll ($8.95), w/c originally consists of salmon, yellowtail, tuna, and shrimp, w/ avocado and cucumber.  Mine came w/o certain items, but still was pretty tasty, and definitely more colorful, and more texturally-satiating than the mashed disasters that were the salmon and tuna sushi.\n\nProbably won't be returning anytime soon for happy hour.  Certainly not since I've found a new place for happy hour sushi... Tempe's Sushi 101!","neutral"
"886","restaurants","restaurants I ordered the spinach rice and beans which was excellent. Service was slow to start I waited 10 minutes for a cup of tea. Lunch is a very busy time but it'd still return because the food is very good","negative"
"887","tweets","tweets 3rd viewing of Magic Mike XXL tonight. What a time to be alive, to have this chance, to live my best life.","positive"
"888","tweets","tweets 1A: Congress can't make law preventing religious freedom, so SCOTUS interpretation unlawful Const Trumps case law","neutral"
"889","tweets","tweets ""Meg-""""""""you can watch a horror movie tomorrow if you like""""""""  Me- """"""""cabin fever?"""""""" Meg- """"""""what about Independence Day?""""""""   @user pls educate her""","positive"
"890","tweets","tweets ""Sunday Candy is a better song than U2 or Temper Trap have ever written. And it's a rapper and his live band, so,""","positive"
"891","restaurants","restaurants This Regal theater is not too far from where we live, so it's convenient. Park in the garage that's near the theater, so it won't be a zig zag walk around the casino. Don't forget to use your Regal card to accumulate more points. Bonus offers in the food court right next to the box office: show your ticket stub to Fatburger and save 10%, or go to Baja Fresh to save 20%! If you don't want to use the box office, there are a couple self-service kiosks to the right of the entrance/exit doors.\n\nUnlike many of the movie theaters that have been around a while, it's still pretty clean (the seats), and kept up regularly (maintenance). I also really like the fact that whenever we come see a movie here, it's relatively slow (wait a minute, that could be a bad thing- ie. business being slow, uh-oh). It's a two floor theater with concession stands on both but the one that is open all the time (consistently) is the one on the main floor. Theaters 11-18 are on the second floor. The last few movies we've seen here have been on the second floor. This floor is very clean- never any trash lying around. Immediately following the end of the movie, the staff comes in to clean up any messes left by moviegoers- it's like clockwork. The last theater we went to had a strange huge amount of wasted space in the front (no seats)- don't know why, but worth mentioning, so if you happen to go into that particular theater, you were forewarned. There is a single bathroom that you will see first (handicap access?). The regular bathrooms (more stalls) are down a little further.","negative"
"892","restaurants","restaurants Macy's...what can I say?  I only really came here because I received a duplicate gift for Christmas and came in to exchange it for something else.  As I was perusing their wares, however, and I came to the realization that everything was horribly overpriced.  I'm not the most frugal gal in the world, but when a decorative pillow (roughly a foot long and 1/2 a foot wide) is $110, I'm appalled.  Ugh...I just wish I could find something I could use here.  Maybe I'll head over to the clearance section!","negative"
"893","restaurants","restaurants Wow. Best ever Miso Ramen order it with double extra Chashu.\nIt is so rich, complex and creamy. I hate to tell you about it because the place is so small. I am in love with one of the girls that work there. Is that politically incorrect?\n\nThe Chashu is so moist, cut extra thin but oh so good.Chashu isn't like char siu which you may have seen in Chinese restaurants. Japanese chashu is actually braised instead of being barbecued so it's soft, tender and moist. \n\nPlease don't go there. I don't want to wait outside on the wooden bench!","positive"
"894","tweets","tweets Watching the best moments of Inbetweeners last night highlighted the fact that (towie) is full of helmets. Surely im not the only one?","positive"
"895","restaurants","restaurants The steak was good, but definitely not worth $100/plate.  This place is not as good as STK or other truly premium steakhouses in Vegas, though the prices are just as high.\nService was lackluster, too - our waitress disappeared for long stretches of time, and when we finally got the bill we found that we had been forced to pay her an $80 tip that she clearly did not deserve!","negative"
"896","movies","movies the most audacious , outrageous , sexually explicit , psychologically probing , pure libido film of the year has arrived from portugal .","positive"
"897","tweets","tweets @user Good evening Merlin. How are you?","positive"
"898","restaurants","restaurants Pho Kinh do...if not for the name, we probably never would have walked into this place.  After having eaten there, I must say that the name is probably the best part about the restaurant.  I love pho for the soup - I like my broth meaty, rich, textured, and so flavorful that you can burp it up hours afterwards and still taste it.  The soup here tastes like someone cracked open a can of beef broth (the kind that's on sale at the supermarket for 55 cents), heated it up slightly, and then dunked some noodles in there.  The soup was lukewarm, and tasted like msg water.  Ironically, even though the soup was not hot, the beef was already fully cooked (if not overcooked) when it came out - it was chewy and tasted like it had been cooked hours ago.  The summer rolls were cheaper than some of the other places we've tried in vegas, but they weren't anything special - the skin on the ends was hard and uncooked on one of my rolls.  As a side note, their banh mi looked interesting (lots of different combinations, including some with egg!) and might be worth a try.\n\nAs for service...we sat down and were not handed menus.  I eventually ended up grabbing the menus myself after unsuccessfully trying to flag down a waitress.  It also took awhile to order, and the food came fast, but that's probably because they hardly heated up the soup at all.  The one thing I will say is that once we finally got our menus and placed our orders, the waitress was very friendly and had a good attitude.  That being said, I don't really care if I have to serve myself at a pho place as long as the broth is slurpy delicious.  \n\nTo summarize: don't come here to eat the pho soup.  It is not anything dac biet.","negative"
"899","restaurants","restaurants Dos y dos, carne taco, taco sampler, fried banana, tres leches.  Lots of food for the price paid.","negative"
"900","tweets","tweets ""I love the \""""""""on time\"""""""" part=> @user Axl Rose shows up on time\u002c gives Jimmy Kimmel 1st live TV interview in 20 years","positive"
"901","restaurants","restaurants Ordered pizza and wings tonight. The wings are tasty and meaty, however 'hot' is more like medium. The pizza is so so. Better than dominos but nothing like a good NY pie. I'm pretty sure the crust is frozen. The place is cheap, and the pizza is edible, so I'll keep them on my call list.","positive"
"902","tweets","tweets Watching Sharknado.","neutral"
"903","tweets","tweets Photo: thesejulez: This is what 4th of July is really about. When Gaga and Beyonce posioned all those...","neutral"
"904","restaurants","restaurants Make sure you have Josh do a walk through and acknowledge any hard water spots, as they charge extra for this.","negative"
"905","tweets","tweets Love in the dark Black Friday (Kendrick) What's up Work Church","positive"
"906","tweets","tweets @user   SCOTUS never made law they interpreted it. 14th A guarantees equal rights for all Americans","neutral"
"907","tweets","tweets @user Haha\u002c I hardly knew about them and one day I was at her house and she sat me down and made me watch the Brit Awards with her :)","positive"
"908","tweets","tweets Want to support a great organization? Come to Picture the Homeless's 15th anniv gala on Oct 23. See you there! @user","positive"
"909","restaurants","restaurants Stay away unless you want mediocre food with over the top prices.  All the food was oversalted, but the pasta dish was so bad that I almost got sick and had to send it back.  I ordered the pork special which was sold as heirloom pig, pork like you've never tasted.  Four strips of pork tenderloin that looked like bacon with more meat arrived with 1/4 cup of fennel slaw and 1/2 of a fig with about a Tbsp of sauce.  For $45.00!  Really?  The wine needed to be decanted as it was full of sediment which ruined the taste.  Overpriced and just came off arrogant.  I will never go back to any Batali restaurant and I will never recommend this restaurant.  Save your money and visit one of the other many wonderful restaurants in Las Vegas.","negative"
"910","tweets","tweets ""Wi. Gov. mansion now a """"Waffle House"""": Scott Walker decides he doesn't want to repeal 14th Amendment via @user","neutral"
"911","tweets","tweets It's Monday and you know what that means. Blessing your timelines with a little #mcm. David Beckham your are perfect.","positive"
"912","restaurants","restaurants We finally came back to Switch and I am sooooo glad we did.  This time we got a fantastic server, Maria, and she definitely knows how to do her job well.  She was attentive and friendly and didn't linger around or avoid us.  I had the mac and cheese of course, which is fantastic, and we ordered the lobster crab puffs as an app.  That stuff is phenomenal!  I really liked it.  It's not very often that you get actual chunks of crab or lobster meat when you order something like this at other restaurants, it's usually unidentifiable mush. I'm glad I can put Switch back up to the 5 star that I have always wanted to give them.  One more experience like the last and I will most certainly resume my near constant appearance at this lovely restaurant.","positive"
"913","movies","movies one of those strained caper movies that 's hardly any fun to watch and begins to vaporize from your memory minutes after it ends .","negative"
"914","tweets","tweets ""Are you coming along to one of our Go Set a Watchman reading groups tomorrow? 11-12, 2-3, and 4-5 in store, free to attend. See you there!""","neutral"
"915","restaurants","restaurants They used to be a Rave Theater and still oblige by what the Rave Theater used to offer....$5 Tuesdays!  You cant beat seeing a movie for $5!!! \nThe facility is usually pretty clean and the ticket and food line goes pretty fast.  \nI was there not long ago and the fire alarms went off making everyone evacuate the building.  They did not know when we could go back in so they told us to bring our tickets back next time and we will be credited for another movie.  Well about a month later we went back and they did just that!  It was great!!  \n\nI recently discovered that if you take your ticket stub into Blue Martini you get a free drink!  Perfection!","positive"
"916","tweets","tweets Tricking my mom into watching Sharknado and Sharknado 2: The Second One before the party tomorrow night #Sharknado3","positive"
"917","restaurants","restaurants Have you ever been really excited about a new movie?? Did you go to the movie theater to see that movie?? Did you enjoy the movie? Or did you want to voluntarily hand your uterus over to science because some broad brought her screaming (what we can only assume) child to the movie? Well say no more! West Wind Drive-In theater is the answer for you!!\n\nBeen here twice, and you know what I love about this place?!! You don't even have to get out of the car!!!! 30 degrees outside and you don't feel like putting on any \""real\"" clothes? No problem!! Throw on your sweatpants!!  No kids, no unnecessary conversations, no impromptu love scenes. I love it. Just me, the movie, and the privacy of my own car. \n\n\nPs. I'll give you 5 stars if you make your concession stand a drive thru!! :-) (They are also cash only, but they have an atm inside the concession stand)","negative"
"918","tweets","tweets 26-02-2016-parlament-election-in-iran- Par La Ment Election In Iran 2016-february-26 Friday- Parlament Election Wahlen Down with Dictator","neutral"
"919","restaurants","restaurants Live Happy or Live Healthy. \n\nToday was a healthy day...ahi tacos (cannot miss)...slow boat to China (cucumber salad)...wedgie salad...kids loved Naked Chicks (mango chicken tenders).\n\nWe love this place because it is noisy and you do not have to worry about being too quiet.\n\nEveryone that works here is always so friendly.\n\nSeating is fairly limited especially for groups bigger than 4, but we always manage to find a seat.\n\nWe are locals and will be back again and again!","positive"
"920","tweets","tweets @user bring the beast of brock lesnar on monday night raw","neutral"
"921","tweets","tweets We're sat by the Thames and orally retelling Harry Potter and the Philosophers Stone. I am the worst at this game.","neutral"
"922","restaurants","restaurants Food good, but lost a star when our unnamed server took our drink order and never delivered it. We were excited to try the beer flights, and he brought our wedge salads divided in half, as we had requested, and we finished and still did not have our beer flights.  Finally my wife got up and went to the bar and the bartender delivered the flights. I had the Study Abroad flight, which included the Belgians, and my wife had the Light of the Moon flight, which were lighter wheats.  Cute little muglets but we both felt they had been sitting for awhile because they were not cold.  Entrees came, and I had ordered Pork Two Ways, which included a delicious charred chop (I love charred pork!) and a generous helping of spicy chile verde pork stew, served with fried egg on top and buttered tortillas.  Stack was a little hard to manipulate.  My wife had the seared scallops with corn two ways with bacon and they were tasty. Food exceeded the brews.  Unnamed server (Jeff on the receipt) redeemed himself by comping the extremely tardy beers, but had to leave it at three stars after this unforgivable faux pas.","positive"
"923","restaurants","restaurants Worst place ever order the pizza pepperoni with wings Pizza comes out half cooked on all over greasy and we waited about 20-30 minutes just to get the pizza and when it comes out we tell em its not cooked all the way and the girl touches the pizza with her fingers disgusting any other people are waiting in line for the pizza long then we had been thee not going back it suck there","negative"
"924","restaurants","restaurants Terrible service and mediocre food.  Waited over an hour on a not very busy day for 3 simple meals.   We didn't ask for anything but our waitress could tell we were upset and agreed the kitchen messed up.  She asked the owner to comp one of our meals.   We heard her response which was that she won't @$!#* give away free food just because we waited a little bit.   We won't be back!!!!","negative"
"925","restaurants","restaurants Yonaka is modern Japanese cuisine, which is something I haven't seen a lot of.  Their fruit infusions into many dishes reminds me of French restaurant tasting menus but with Japanese cuisine instead - with a more reasonable price.\n\nThe dishes were all excellent, with flavors I had not tasted in other Japanese restaurants before.\n\nWould definitely recommend.","positive"
"926","restaurants","restaurants Best coffee yet on our vacation. Great filtered El Salvador and Connie likes her Mocha. They have the beans and the technology. Check this little cafe out!","positive"
"927","restaurants","restaurants i'M ONLY RATING IT FOR THE CASINO! i NEVER STAYED HERE.....\n\nThey have $0.50 ROULETTE TABLES! lol But its sucks because EVERYONE is always crowding the tables because they are so cheap. The slot machines are great..won from them a few times. I like how they have Dennys and Subway there and they are right next door to McDonalds and Panda Express :D (Going to Vegas so many times, you just want to eat regular food) The bathrooms are surprisingly clean. A old casino, but a great casino...and you dont have to drive to downtown LV to expeience that!","negative"
"928","movies","movies nicks sustains the level of exaggerated , stylized humor throughout by taking your expectations and twisting them just a bit .","negative"
"929","tweets","tweets @user can't wait to see you next Tuesday at Shawn's concert at @user","positive"
"930","restaurants","restaurants I've been going to Pink Lotus for about two years and the quality of the service has decreased finally to the point of deciding never to go back there. I used to go for nails, but decided to stop that about a year ago when I kept having to have them fixed ever few days.\nSo a couple weeks ago I went in for a pedicure. I sat down and the girl who usually does an incredibly lackluster job on my feet started in. i was allowed to dip my left foot in the water, but not soak it before she started ripping cuticles from my toe nails. three of my toes ended up bleeding and it just went downhill from there. the polish was uneven, and I ended up developing ingrown toenails in two toes after the so-called pedicure. \nNEVER AGAIN!!!!!!!","negative"
"931","restaurants","restaurants Generic CPK. Love the white pizza. This location is always packed and a little slow on service. If they can just get that kicked up a notch, I would probably frequent them more often. They also train their servers to do a huge pet peeve of mine. They ask young children in my group what they want to drink directly, even suggesting things like chocolate milk. I hate that. I will make those decisions and I don't need them instigating it.","neutral"
"932","tweets","tweets ""[NOLA: LSU Tigers Central] Last chance to chat about LSU vs. Kentucky, join beat writer Jim Kleinpeter Friday, n #LSU""","neutral"
"933","tweets","tweets Win tickets to see Janet Jackson at the Air Canada Centre on September 15th!","positive"
"934","tweets","tweets ""Hey guys! We'll be closed tomorrow (27th). D'Wan has been blessed with a ticket to the Foo Fighters concert, so...","positive"
"935","restaurants","restaurants Chen's is about as good of Americanized Chinese food that one can find in the plaza. I enjoy the atmosphere and the people who work their are always friendly.","positive"
"936","restaurants","restaurants Any dumb schmo can eat well for lots of moolah. It takes a savvy Yelper to eat fantastic food for pennies.  This may be the most delicious and cheapest meal I had in Montreal (or anywhere else for that matter). \n\nI love fried potatoes of any kind but the whole poutine thing kinda jeebed me out. Gravy and cheese curds on frites seemed like guilding the proverbial lily. But when in Montreal, eat like Montrealers, so poutine was tried and thanks to my Yelp research we found this place. Such great food, such nice people (staff and customers alike), such reasonable prices. We had the sole which was lightly and deliciously breaded, with a salad and a side of poutine, plus the local Boreal blonde beer. We enjoyed it sitting by an open window with the view of a small park and the passers by. It was sublime. Go there.","positive"
"937","tweets","tweets ""Unfortunately, Owain is still feeling a bit under the weather, so tomorrow night's show has been cancelled.  We...","neutral"
"938","tweets","tweets i swear i\u2019m just gonna kirk if somebody come out their mouth wrong tomorrow\u002c cause i can\u2019t take that shit no more","negative"
"939","restaurants","restaurants A testament to my Yelp loyalty. I should have read some reviews. \n\nOur server was extremely knowledgeable, friendly, and helpful. The unfortunate news is that this review solely reflects the food. \n\nThe scotch eggs were a good starter (I love HP sauce), and it all went downhill from there. We also ordered the pretzel starter, and there was no warning on how hot the mustard was! I love heat in a dish, but there should have been some warning. I dunked that sucker all the way in not realizing that it would take my breath away. It came with 3 under seasoned pretzel sticks, and the cheese sauce was nearly tasteless. \n\nMy pulled chicken sandwich came out soggy from the kitchen. The over application of cheese and sauce created a gooey sandwich I was not expecting; The ciabatta bread did not hold up. If they had grilled it on a panini press, it would have been a different story!\n\nI had a few bites of my boyfriend's fish and chips. It was better than my sandwich, but there was no seasoning. To their credit, the fish was fresh and flaky, but there was no flavor to it at all without the tartar sauce.\n\nThe meal was a surprising disappointment.","negative"
"940","restaurants","restaurants This version of Dick's doesn't get me excited. Well...no version of Dick's gets me excited - but you can avoid this location and fear no missed opportunity.\n\nThis is a scaled down version with not much selection, especially in the winter department. I drove out of my way to visit this location- I will avoid in the future. \n\nBonus- nobody is here so parking is a breeze.","negative"
"941","restaurants","restaurants What a great place, a hidden gem. I had the works breakfast with nutty French toast. The bacon had a nice smokey flavor. The French toast was amazing, it reminded me of my grandmothers pecan sticky rolls.  I will definitely be back.","positive"
"942","restaurants","restaurants Went here with friends to grab a few drinks.  The it was early and not that packed but grew as the night went on.  Pretty soon it was packed but service was good even with crowd and the prices were reasonable and they have a pretty good draft list.  A good place to get your drink on with a crowd of rowdy friends.","positive"
"943","tweets","tweets Cool couch... Sep Kamvar\u002c Reid Hoffman\u002c Cesar Hidalgo and John Maeda with John Hockenberry #MediaLabIO @user","neutral"
"944","tweets","tweets ""\""""We may have come on different ships\u002c but we\u2019re i the same boat now.\"""" MLK Jr.""","neutral"
"945","movies","movies meticulously uncovers a trail of outrageous force and craven concealment .","positive"
"946","restaurants","restaurants Just got back from my appt. with Mandy, what a sweet girl.  Scheduled me for a next day appt.  even though she was super busy.  She did an ombre color for me and did a great job.  I appreciate the fact she explained the process and offered suggestions/advice.  Reasonable prices too.  Highly recommend.","positive"
"947","restaurants","restaurants I like the US Air Club because I know that I'll always be able to find a seat, grab a quick beer and actually relax a bit before being stuffed into an overcrowded plane with a bunch of amateurs who brought more carry on luggage than allowed, somehow managed to be seated in Zone 1 and take up all the overhead space before the rest of us--the ones who know how to travel--make it onto the plane.  I wish that US Air would impose some sort of dress code for those enjoying their club so I could truly escape those who are dead-set on wearing their pajamas to the airport.  Just because your ass is adorned with \""HOTTIE\"" doesn't mean that you are or that your look is, either.","neutral"
"948","movies","movies even these tales of just seven children seem at times too many , although in reality they are not enough .","negative"
"949","restaurants","restaurants Beef carpacio.... awesome. . Lobster pho...WOW.... Why only 3 stars.... The service ... horrible. ..sorry to say.... But I would definitely return to see what else that kitchen can produce","negative"
"950","restaurants","restaurants Not at all impressed by the food at India Oven. I've been here a couple of times & it's definitely going downhill. It was never that great to begin with but one huge noticeable change is how they bring out the tandoori chicken when you go for the buffet. Before, they used to serve it on a hot & sizzling fajita platter with onions & lemons & we went there just a couple of days ago and all they brought out was 2 pieces of cold tandoori chicken on a small plate. The chicken itself didn't taste good. As far as the buffet, it's nothing great ... actually, it was not even good. The mango lassi had a weird taste, super tart, almost as though it had gone bad. The two Indian chicken curry options had okay tasting gravy; the chicken was a little slimy though so I didn't eat it. The chilli chicken was not tasty at all, just spicy & it was almost like they had tried to make it Chinese style? The vegetarian options weren't much better either. My date & I were discussing the food as we were eating it & I think I said \""I don't like that\"" enough times that I'm not going to be returning to this restaurant. The only thing I did say that was good, & in my opinion is a huge part of enjoying Indian food, was the garlic naan. Also, the service was on par, even when it was busy. Highly disappointed with my experience, especially when there aren't many Indian restaurants to eat at in the Gilbert area.","negative"
"951","tweets","tweets This is a lamp I made today to take to Haltwhistle tomorrow - just testing it to see if the lights are ok -","neutral"
"952","restaurants","restaurants A deli right next to the sports book = Sports Deli.\n\nHmmm there really wasn't a choice for a quick meal and I didn't really trust the Vietnamese spot next door so decided to grab a sandwich.  Went for the pastrami + egg triple decker and damn it is a huuuge sandwich.  Essentially a pastrami sandwich and then on top of it are your veggies and a fried egg, then covered with another loaf of bread.  \n\nTasted whatevers.  The pastrami is your generic deli pastrami, and pretty fatty too.  The egg is pan fried but I wished the yolk was only half cooked.  It's over $10 for the sandwich, so a bit pricey, but it is inside a casino, so that's to be expected.  Again, huge sandwich, so you won't feel hungry after that's for sure.  \n\nAdd fries and a drink for $5 more.\n\nSaw someone eat this crazy footlong hot dog.  That looked much better.","neutral"
"953","movies","movies an easy watch , except for the annoying demeanour of its lead character .","positive"
"954","restaurants","restaurants If you love craft beer this is the place for you! I recommend going at sunset and sitting on the back patio!","positive"
"955","restaurants","restaurants Everyone likes Pirates and its free! Aarrgghh","positive"
"956","restaurants","restaurants Love this place.  Great service.  Very friendly.  Great arrangement.  Buy your flowers here. Quick and friendly transaction.","positive"
"957","restaurants","restaurants Our second stop during Restaurant Week, and so far, so good. Sage is a pretty pricey place, so it was nice to visit at a \""reduced\"" rate. (We still dropped $400 for four people...) And if you're the type of person who \""eats with their eyes first,\"" this is the place for you.\n\nMy husband and I dined with another couple, and we oddly ended up with different permutations of the same four selections: (1a) melon salad with pickled pork belly or (1b) chilled corn soup with crab for the appetizer, and (2a) smoked black cod or (2b) braised beef belly for the entree. I had the melon salad and the black cod. Both were delicious and visually stunning, although a little small on the portion size (as expected). I didn't try the soup, which both our friends ordered (and loved), but I had a bite of my husband's beef belly and that was my favorite bite of the night. (If the best beef rib you've ever had mated with a slab of pork belly, this would be their love child.)\n\nEach meal came with a chocolate and Earl Grey panna cotta for dessert. Like the earlier dishes, it was a visual stunner. We all ordered the wine pairings as well, and the sherry that accompanied this dish was spot on. I usually am not a big fan of desserts (or sherry), but this was truly a standout -- especially with the perfect wine selection.\n\nAs mentioned, the beef belly and the panna cotta (with wine accompaniment) were the stars of this meal, but I have to give props to the DELICIOUS bacon-flecked rolls. Not sure if these are always on the menu, but they should be! I practiced self control and only had one, but I could eat a dozen of these things.\n\nOur server was great: attentive but unobtrusive. And the ambiance is lovely, with music and conversation at just the right volume. But what I'll remember most about Sage is the attention to detail and creativity in the plating -- that and the bacon rolls!","positive"
"958","tweets","tweets News of the day - Oct 17 - Michael Clarke determined to see Australia at...: via @user","neutral"
"959","restaurants","restaurants Winning combination in traditional with peperoni, mushrooms and basil after cook. Then gently sprinkle some garlic powder and prepared to be satisfied. \n\nAs a child I could hardly eat two slices of pizza (weird kid, I know) and now I think about how Grimaldi's has changed me. Large...bring it on!\n\nI particularly like this location because of the great service. There is nothing worse than seeing a useless manager or supervisor when your crew is busy and this store is anything but that. I commend the managers here for being so engaged and ensuring the customers are having a good experience. Anh, one of the managers, is particularly the one I see when I come. He's diligent to customers' needs and mindful of his team. Will be back!","positive"
"960","tweets","tweets ""Beyonce outperforms MJ"" Michael didn't look like he was trying to get rid of a wedgie while performing, but if you say so, Jan.","neutral"
"961","tweets","tweets ""Iowa GOP poll results are here, in 3rd place Jeb Bush with 23%, in 2nd place Donald Trump with 34% and in 1st place is JOHN CENA""","neutral"
"962","tweets","tweets Nirvana are the perfect Sunday music","positive"
"963","restaurants","restaurants My sales person Scott was the best! Called him told him what I wanted he gave me a no BS price and said come on down. I got exactly what I wanted and the sales manager closed the deal and was very amicable. The financing dept was top notch if you want a great experience and low pressure sales go see them they will exceed your expectations","negative"
"964","restaurants","restaurants These are the best, \""mass produced\"" brownies I've ever tasted!  I am very impressed with how they keep the texture and moistness consistent across all of their different types and flavors of brownies.\n\nTheir store is really just a counter with a bunch of different brownies.  This isn't A place to go for dessert.  You show up, you try whatever samples they might have out and then you select which brownies they want.  Their focus really is on selling large quantities of brownies and their mail order business.","positive"
"965","tweets","tweets @user It just started last night. Meryl Streep\u2019s daughter is the main character (ie Meredith) 1st episode was quite good.","positive"
"966","restaurants","restaurants This is a good buffet with a lot of selection. The quality isn't up to Wynn standards, but it's a buffet.... I guess I am just not too crazy about them hence I'm giving it 3 stars. The service is very good, and our waitress was fantastic. The all you can drink for $10 is a killer deal for brunch too!\n\nService - 4 stars\nDrinks - 5 stars\nFood - 1.5 stars","neutral"
"967","tweets","tweets I love Kris Bryant. The way he plays 3rd is Santo-esque. But  damn that was a nice play by Herrerra","positive"
"968","tweets","tweets ""Oooh realized yesterday I never did tweet a couple of things! My flight into Milan, I watched 3 movies - 3rd night at the museum, avengers 2""","neutral"
"969","tweets","tweets Potential upset alert: The Wichita Wild only trail the Allen Wranglers  27-33 with 2:33 left in the 3rd quarter.","neutral"
"970","movies","movies it 's a film that 's destined to win a wide summer audience through word-of-mouth reviews and , not far down the line , to find a place among the studio 's animated classics .","positive"
"971","tweets","tweets ""Again, I'm selling two tickets to see Ed Sheeran on September 3rd in Houston DM me if you wanna buy them   (((someone pls buy them)))""","neutral"
"972","restaurants","restaurants Went through the drive though and I ordered a Mexican Pizza with sour cream, and a Dorito's Loco Taco. Received a Mexican Pizza with no sour cream, and a regular taco. The customer service was so/so. I wrote corporate and complained because this was about the millionth time they have screwed up a order when I was the only car in the drive through, and they sent me a coupon, for two items of my choice, and the GM called me and said I could come in and she would replace my food. Glad they fixed the problem, but I really am starting to believe their employees just go through the motions of their minimum wage pay, and could care less if they screw up or not. Seems to be the trend at most fast food places now a days.","negative"
"973","restaurants","restaurants Their speciality is cupcakes but they also have cookies and brownies.  The vanilla cupcake's a little dry but the chocolate and red velvet are both sublime.  There are also a lot of other flavors.  The cupcakes are perfect for a party or special occasion.","positive"
"974","tweets","tweets I just need to chill. Can\u2019t wait to unleash some aggression at Black Dahlia Murder tomorrow. #GonnaEndALife","positive"
"975","restaurants","restaurants This review is long overdue, I was overwhelmed with wonderful things to say after dining here a few months ago and couldn't form complete sentences after drinking so much wonderful wine that night, but I'm here now to rectify the situation.\n\nThis is a top tier restaurant, people.  Yes, it is expensive, but that's part of it's m.o.  Think special occasion dinner, or just a regular Tuesday evening for a millionaire.\n\nEverything we ate was fantastic - steak that melted in our mouths, scrumptious lobster, perfectly cooked asparagus.  \n\nOne star off due to an issue over the price of the wine we ordered.  There was a miscommunication between us and the waiter resulting in a few hundred dollar error - something we were not about to pay.  It took quite a bit of dignified squabbling for it be sorted out.  In total, our bill for three people, with the correct bottle of wine, salads, entrees, two sides, pre- and post-dinner drinks, and a dessert: $450 including tip.  \n\nIf you're nearby, this ia a great option.  If you're a little bit north, check out the Country Club at the Wynn.","positive"
"976","restaurants","restaurants I've eaten at Zoe's often. Yesterday though (7/19/13) I had the chicken kabobs and a few hours later got violently ill. A trip to the emergency room confirmed a serious case of serious food poisoning. \n\nI question the cleanliness of the kitchen as well as following the proper food storing practices. \n\nI wouldn't recommend eating at Zoe's and I definitely won't be returning.","negative"
"977","tweets","tweets Make Sure To Come To The Bob Jones Game Friday! Free Hot Dogs\u002c Hamburgers & Food outside the gate! & watch Bob Jones take on Austin High!","neutral"
"978","restaurants","restaurants This is a really great neighborhood take-out place; we've been getting food here for many years. But pay attention to the \""Asian\"" in the title; these are not Chinese people and they do dishes other than the expected standards. Also, this is not the place for your romantic once-in-a-lifetime gastronomic adventure; it's a place that gives you consistently good, well prepared, food, on a regular basis.\n\nThe folks in there are from Burma (brother, sister, husband thereof); they make food that seems to be from all over. Since this is the U.S., most of the menu is standard Chinese-American, but check out the dishes listed on the right-hand side of the menu. There's a real range. In particular the curried dishes are invariably yummy.\n\nOrdering by phone is the right thing to do. Sonny would always tell me (it seemed) that your order will be ready in \""40 minutes\"". For a while I was puzzled by this, especially since the food never seemed to be ready at the promised time. Eventually I figured out that they wait for you to show up and then make your meal  and so you end up with fresh made dishes. We're regular customers, so this works out. You probably have to go there a number of times before they start to recognize you on the phone.\n\nI'm a bit puzzled by some of the other reviews: you're not going to get something just like what you got in some particular West Coast eatery; eating out is about variety, and being open to different approaches. In any case, if you want to be picky, in my experience none of the stuff in this country is anything like what you get in mainland China (where the cuisine is just totally way better).\n\nAmong the things that I like about this place is that they cook everything to order (I can't believe someone compared Zaw's to the vendor at CMU that serves almost everything from a steam table; yuk). Certain dishes stand out: I hate to use this one as the example, but their General T'so chicken is (I think) the best I've had in the city. Many other places treat this as a \""chicken-flavored fried dough\"" dish. Zaw's does it right: the batter is very thin and the chicken is all white. It tastes as a chicken dish; who cares if there's a bit too much sauce? Yes, I know that T'so's is not \""real\"" Chinese, but I believe that Zaw's preparation of it tells you what you need to know about their general approach.\n\nI should point out that there's also some real losers on the menu. But so what? Just figure out the bits that you enjoy and go for it.","positive"
"979","restaurants","restaurants Place is alright but for the waitress, poor service and things sent over we didn't order.  We sent them back but had  additional items brought and not brought on the tab anyway.  She said me \""that couldn't happen\"" and refused to take it off. Waitress included autograt. \n\nI have been here a dozen times and never get great service but enjoy myself.  This time will be my last.","negative"
"980","restaurants","restaurants Nach einem anstrengenden Tag in Edinburgh ein perfekter Ort f\u00fcr eine Mahlzeit. Das Essen ist perfekt, sehr lecker, nicht zu teuer und der Service ist sehr zuvorkommend und freundlich. Die Whiskyauswahl ist f\u00fcr einen normalen Pub gut. Absolut empfehlenswert.","positive"
"981","restaurants","restaurants The rooms are old and the place is a bit out of the way. Their casino doesn't get very busy. The only really redeeming factors were the sports book and the 24 hour diner that served some pretty good food. Maybe with the new ownership things will improve.","neutral"
"982","restaurants","restaurants Moveaholoics was great. The crew that moved me was courteous and they were hard workers. Andy stands behind his work and I would definitively use them again.","positive"
"983","restaurants","restaurants My boyfriend and I found this place when we were visiting his family in phoenix recently and what a find it was. \nI tried the pecan and mango popsicles. The bf had the chocolate and the peach mint popsicles.  (we had seconds because they were so good!)\n\nCalling these delights a \""popsicle\"" is almost an understatement. The fruit paletas are like fruit frozen on a stick! The paletas only use freshly cut fruits ripened on the shop's shelves. Everything is homemade.. they told me that they even make the cookies in the cookies 'n creme popsicle!\n\nYou can just tell that the owners pay a lot of attention to detail.. as seen in the unbelievable gourmet flavors of the popsicles, to the bite mark mold, to the shop itself-- spotless, white, chic. \n\nIt's great. I'll definitely be back to phoenix just to try more of these paletas.","positive"
"984","movies","movies o.k. , not really .","neutral"
"985","tweets","tweets Get Your Business on the 1st Page of Google / DIY-SEO, Tuesday, September 15th  #constantcontact","positive"
"986","tweets","tweets Football. Auburn Football Practice Report: The 19th-ranked Auburn football team worked out in full pads for the ...","positive"
"987","restaurants","restaurants Very disappointed with my experience tonight. Ordered a walleye sandwich basket with cheese curds and a walleye dinner with two sides to go. When I returned home there were no cheese curds plus there was only one side with the dinner. \nDouble check all your orders.","negative"
"988","restaurants","restaurants This place has long waits, the service sucks, and their food is extremely greasy. Don't go here unless you want to feel sick.","negative"
"989","tweets","tweets Dustin Johnson about to be off the wagon after another Sunday in a major.","neutral"
"990","restaurants","restaurants Nice lounge highly recommended cant wait to try the fruit bowl.... ok tried the apple bowl with peach cooler and mint... very very good thanks guys","positive"
"991","tweets","tweets Madison Square Garden hosts its first WWE Monday Night Raw\u002c featuring the WWE debut of Mick Foley\u2019s Cactus Jack...","neutral"
"992","tweets","tweets @user @user bobby Jindal is just trying to score political points and get into the debate Thursday","neutral"
"993","restaurants","restaurants I use to love this store but there's been a change in management or something the clothes aren't as cute and the stores now only hold clothes for ONE hour? Use to be like any store till the end of the night (until closing) an hour really? Ridiculous, and now they also do not do returns. Exchange only must because the quality of some of their clothes is starting to SUCK. No longer my favorite boutique.","negative"
"994","restaurants","restaurants I've been here twice but have only had one cut. The first time, I was just leaving the house to go to my appt and the girl (can't remember her name) called to say that she was in Tempe and couldn't make it because I was her only appt in Phoenix. When I told her I was a tad annoyed, she then said, 'I have a family emergency'. When I told her that I didn't know which story to believe, she put me on hold and called the studio and asked if Julie, the owner, would cut my hair. So thankfully I got in to see Julie who did a good job. Unfortunately, today, six weeks later, I went for my second appointment with Julie. I was told Julie would be 'just a minute'. After 20 minutes of waiting, I asked to see Julie who finally came out to see me and she said she was running late. I told her I couldn't really wait much longer, and I left. I won't be going back. I\""m glad other people have had a good experience here but, in my two experiences with the studio, they didn't respect my time enough to warrant me going back again.","negative"
"995","restaurants","restaurants Very bad experience this time . Pizza not fresh look like reheated very dry . Burger bread Is very cold cheese not melted and dry cold very bad .and service very slow . And unfriendly .","negative"
"996","restaurants","restaurants The worst place I have ever stayed. It's better to spend a bit more for much better quality. The security is lame. The won't do anything if you've been robbed. They will literally shrug and ignore you. They will also screw up the rooms you reserved cuz they can't do their damn job and when they finally get it right, you are offered no apology. Just a lot of side eyes. Who wants to start their vacation like that? This place doesn't even try. Don't waste your money here. They'll ruin your vacation.","negative"
"997","restaurants","restaurants The South Side Burger King--if you're hungry and you're in the South Side, chances are this Burger King is closed.\n\nDecades ago, I'm sure this location flourished. Unfortunately, the outdated branding and incessant loitering has ripped this once King from his throne.\n\nDissatisfied with a $9 lunch that I bought at a local establishment, I thought I'd spend a few bucks on cheap grub at Burger King to satiate my need for quick, greasy, delicious fast food. The front door was closed, and there was a sign posted--\""Please Use Side Entanc.\"" We entered using the side entrance, and were greeted by blacked out LCD screens. Only one of them seemed to be on, and it was adorned with a floating \""SOLD OUT\"" screensaver.\n\nThe menu was printed and taped to the counter. It was heavily stained with grease and pop. \""Chicken nuggets and french fries,\"" I thought to myself. \""Chicken nuggets and french fries,\"" I repeated out loud.\n\nAnother customer ahead of me inquired about the french fries. \""That's all we have, they're not sending us the other kind anymore,\"" the manager said. Steak cut. Obviously frozen. My mother used to get ones just like it at Costco. The chicken nuggets came out. They weren't the usual crowns--oh, no. They were nostalgic of my elementary school lunch chicken nuggets. I asked for barbeque sauce, and the manager rushed around back and grabbed a plastic high-ball glass before filling it up with Sweet Baby Ray's.\n\nThe radio blasted 80s dance music before shifting to Simon and Garfunkel. Hello, darkness, my old friend.\n\nThe solemn faces, crying children, and disgruntled coworkers around me validated my conclusion--Hell exists, and it is the South Side Burger King.","negative"
"998","restaurants","restaurants This is a very nice gym indeed; never too crowded, friendly staff, and more than enough equipment at any time of the day. The only thing I will nip-pick on is that the facility is quite old. Other than that I love this place. Why do I love it? Here's why:\n\nI go here on the weekends during their busiest hours (4pm-8pm) and the place is barely full. Yes, it is more crowded than usual but it's NOTHING compared to the one on flamingo, or any other gyms (like LVACs) as a matter of fact. In my opinion, there is nothing worse than to wait around with three other guys just to use one machine. Also, their contract rocks. It's a no-strings-attached monthly deal. I guess the only time you feel gimped is in the beginning, because you need to pay a opening fee but that's merciful compared to the other greedy gyms. You can quit whenever you want because it's a monthly contract.\n\nI understand this facility is old but come on, it's not like the paint on the walls are peeling off. The equipments are a little aged but they work very well. I haven't had any issues with any of them malfunctioning. The water fountains have ice cold water and don't have any funny taste to them.\n\nThe staff does a wonderful job of keeping the place tidy and they never fail to greet you by your NAME for a change. At LVAC I'll be surprised if they even say hello (by now you should know I hate LVAC). The staff will occasionally joke around with me and ask me how I'm doing. Very nice people.\n\nTrue to their name, the gym is 24-hours. If you happen to have the urge to pump iron at 3am in the morning, you know you can count on this place. LVAC says they have all 24-hour facilities, but their flamingo location actually closes early on the weekends, which was really upsetting. Maybe one day when I'm in a bad mood I'll review LVAC and dish out my first 1-star review.\n\nEnough digression; this 24-hour rocks and the only reason why I give them 4-stars is because they are in need of a renovation. However, it makes up for it in great service and a wide array of available equipments.","negative"
"999","restaurants","restaurants If I could leave zero stars I would. This place is disgusting and has terrible service. While there I saw three bugs, one that was crawling on our table. It took forever for them to take our order and also to bring the food out. Ordered the red chili burrito & it was the worst thing I've ever had. Not sure how people think this is authentic mexican food. It tasted like crap. Not to mention how overly priced it was. I will not be going back there. \n\nThanks for ruining my night!!!!","negative"
