"row_id","group","text","predicted_sentiment"
"0","restaurants","restaurants I understand it's a piano bar but why would you run off the entire crowd in the middle of the NFC Champion game so these 1/2 A$$ed piano players could start the entire crowd left the only people that were there after that were the 2 piano players and the waitress and bartender ??????????????","negative"
"1","movies","movies what might 've been an exhilarating exploration of an odd love triangle becomes a sprawl of uncoordinated vectors .","positive"
"2","movies","movies an engrossing portrait of a man whose engaging manner and flamboyant style made him a truly larger-than-life character .","positive"
"3","restaurants","restaurants This place is completely new compared to what I remember years ago.  It was cool to see the newly renovated place.  There are lots of places to eat now on the first floor and rooms up on the second.  I was here for a medical alumni event in one of the upstairs room and the food was good they prepared.  \n\nIt wasn't anything spectacular nor anything bad so it gets the A-OK by me.  Definitely will stop in to use their new bathrooms before the next game but not sure if I would eat or drink there over other places in the area.","neutral"
"4","movies","movies it tells its story in a flat manner and leaves you with the impression that you should have gotten more out of it than you did .","negative"
"5","movies","movies bad and baffling from the get-go .","negative"
"6","movies","movies a portrait of hell so shattering it 's impossible to shake .","positive"
"7","movies","movies shyamalan offers copious hints along the way -- myriad signs , if you will -- that beneath the familiar , funny surface is a far bigger , far more meaningful story than one in which little green men come to earth for harvesting purposes .","positive"
"8","movies","movies once again , the intelligence of gay audiences has been grossly underestimated , and a meaty plot and well-developed characters have been sacrificed for skin and flash that barely fizzle .","negative"
"9","tweets","tweets Chance to win Zac Brown Band tix today.  We're singing &amp; you may have to manage some light Spanish to win.  Keep listening.","positive"
"10","restaurants","restaurants This place is overhyped. \n\nThe service is awful. Order a dill pickle & get a sour. Order turkey and get smoked meat. Basically you are given whatever the server is in the mood to give you. \n\nAnd the smoked meat is rather bland. Perhaps I am spoiled coming from NY and being surrounded by some of the best delis in the world but my personal opinion is that the meat at Schwartz is mediocre at best. Not worth the wait or hassle.","negative"
"11","tweets","tweets @user its Ravens 1st!....then Jets...then Eagles....get it right ;) lol","neutral"
"12","tweets","tweets only my cousin would get to go to kenny chesney and jason aldean twice lol see you friday @user","neutral"
"13","restaurants","restaurants Well we checked in on the 21st of August for a six night stay. When We made the reservation we requested two queen beds and we did not receive that instead we were given a king and a portable bed, they did wave the charges for the bed, crib, and a refridgerator to keep my daughters homemade food in, she is about to turn one. We were told all of those items the bed, refrigerator, and crib would be in the room when we entered the room. They had plenty of time to prepair the room we arrived at the hotel at 1:15pm and were not able to enter our room until 3:00 pm. We entered the room only to find that the crib, bed and refrigerator were not there. We then noticed the room was very dirty the bathroom was filthy the floors were not cleaned at all we called the front desk and the sent a nice lady from housekeeping up and she hurriedly tried to clean the room as best she could with our family in the room she moped the bathroom floors to remove al of the stains sshe had to scrup the floors because they were stickey with soda or beer or food and tit looked like whomever had cleaned the room just walked all over the floor leaving traffic patterns of dirty shoes, she also had to vacuum because the carpet was dirty and under the bed was just absolutely gross .  We asked the housekeeper to check our air conditioner out and she could not make that work either so she tried to call maintaince, the room was extremely warm my daughter was tired the housekeeper really didn't finish cleaning the room there was black marks all over the bed skirt and the room was just very messy like maybe someone else had checked in and had seen the room was dirty and had moved, we didn't get to move. We received the bed,crib,and the refrigerator around 5:00pm and we were still baking in the room hot and tired with our frustration building I called guest services and they comped us our first two nights of our stay, that was about $80.00 a night and that was nice. The air conditioner was finally fixed at around 6:00pm and wow it felt great.  All of the staff were very kind and I tipped everyone that helped us in anyway $5.00 to the bellman that unloaded our car for us, $20.00 to the young lady that checked us in, $5.00 to the housekeeper, $5.00 to the gentleman from maintaince , $10.00 to the bellman that brought our bags to the room, and $7.00 to the gentleman from housekeeping that brought the bed, crib, and refrigerator. So now my daughter was hungry so I took some of my wife's homemade babyfood downstairs where we had eaten lunch and asked if they could warm it up for us again and they said no I was asking what happened between lunch and dinner that I could not have my daughters food warmed up and the Hostess said there is a new Chef on duty right now and that they were not allowed to warm up baby food. I went back up to our room and called to guest services if they had anyway of warming up food they told me that for $35.00 a day I could have a microwave brought up to my room, I then asked because of everything that has happened if they would waive the fee and was told no.That night we bought a microwave from Target for $44.00 and that problem was solved. So now I'm tired and ready to go to sleep and we go to take showers and the water is barely warm almost where you get cold taking a shower my sons did get cold when we gave them showers, but I didn't say anything I was very frustrated at this point however. So nothing happened for the next several days except for the shower being cold/warmish. Then on the third or fourth day of our stay my son woke up with what looked like bites to me and I thought they might be bed bugs, so I went down and talked to a manager and told her about my concerns and about the cold/warmish shower and she offered to move us to a suite for all the problems we were having. It took about an hour or so to pack up and unpack about another hour in the middle of our vacation plus I had to remove all the food from the refrigerator. I was not a happy camper. It was a nice suite but the next morning I called to see about the bed bugs and was told there was not any bed bugs. One or two days later I had several bumps/pimples on my elbo and wrist and my son had a large one on the back of his thigh. We didn't do anything to them but when we got home my sons was a huge pimple looking thing with a whitehead as large as an eraser on a pencil. It was gross we went to the doctor and she lanced it and about a tablespoon of the grossest stuff ever came out. He was put on antibiotics right away they new it was a staff infection. I went to the doctor the following day and was told I have staff and they thought I might have MERSA they took swabs lanced and used needles to get everything out it was nasty. Then on Monday. I found out I had MERSA for sure so I had to go back in and now I have to go see the doctor every other day for at least two weeks. Mandalay Bay took a report and said basically you didn't get it here. I know that we did.","negative"
"14","restaurants","restaurants Mmm Roberto's Carne Asada Nachos..... mmm rolls taquitos with fresh guacamole!!!! I've been to many Roberto's but since my store is in the diagonal shopping center I decided to give this one a try. My bf, friends and I went there late at night, around 11:30pm and it had a decent crowd. The food is a bit salty, but the meat is very well seasoned! I love the carrots & jalape\u00f1os they have sliced, it has the perfect amount of spiciness. The carne asad nachos & fries are perfect for a group of friends who want a full filling snack ;)\n\nThe only reason why I give this place a 4 was because the bathrooms were kinda dirty~","positive"
"15","restaurants","restaurants I was so excited to try KODE salon based on these reviews.  \n\nI wanted a new, fun color and a cut.  I called and one of the stylists answered the phone in the middle of a haircut....weird, right?  Okay, so she tells me the soonest consultation she has is in 3 weeks.  I make the consultation.\n\nThen, I get to thinking, if it takes three weeks for the consultation, is the style done right after or am I waiting another 3 weeks to actually get my hair done for a total of 6 weeks.  I called back seven or eight times over the span of two days and always got the voicemail.  Once I finally got a hold of a stylist, she told me that indeed it would be another 3 weeks for a total of 6 weeks before my hair was actually done.\n\nThis isn't like Ken Paves doing your hair, this is a Madison salon, it shouldn't take a month and a half to get someone to touch your hair.\n\nThey need more stylists and a receptionist if they want to run a real business.","negative"
"16","movies","movies not quite as miraculous as its dreamworks makers would have you believe , but it more than adequately fills the eyes and stirs the emotions .","positive"
"17","tweets","tweets @user I really don't see what you see in Vettel... Care to share. The guy may be 4 time WDC but he's not that great","positive"
"18","restaurants","restaurants Food was great but service was poor. Really unfriendly staff, especially the manager","negative"
"19","movies","movies deliciously mean-spirited and wryly observant .","positive"
"20","movies","movies horrid little propaganda film with fascinating connections not only to the serbs themselves but also to a network of american right-wing extremists .","positive"
"21","restaurants","restaurants I emailed nypd, with no response from them. I expect much more from them as I usually recEive good customer service.  Oh well....","negative"
"22","tweets","tweets Im performing at the Houston Improv next Wednesday open mic","neutral"
"23","restaurants","restaurants SBC VEGAS SERIES: 16 of many reviews\nSo I figure that if Rockhouse was good.. then IP must be better...\n\nOk, maybe better was too strong a word. But it was definitely something interesting after stumbling through Rockhouse. Again not quite the best place on the strip... yeah, on the STRIP. Go figure. Yes, I don't think I would stay here with the tackier than normal tacky Vegas kitsch that can be found everywhere else. But they do have some interesting table side performances that apparently the typical IP clientele enjoy every enthusiastically. \n\nOk, truth be told I had come here for a couple of drinks.. couple of very stuff drinks and a lot of people watching. And by people I mean to say the waitresses. And by waitresses I mean to say waitresses that do porn on the side. And by porn on the side, I mean that they probably could be very successful at doing porn on the side. I only wish that they would serve me while I sat at the bar instead of at the tables. What can I say.. I got my eye on the prize. \n;D","negative"
"24","movies","movies the film 's desire to be liked sometimes undermines the possibility for an exploration of the thornier aspects of the nature\/nurture argument in regards to homosexuality .","positive"
"25","restaurants","restaurants This drive thru is ALWAYS busy, so get here early and don't be in a rush! However, the staff is always very quick and cheery, and they always get my day started right by simply being in such a good mood, despite their cranky customers! Thanks guys!","positive"
"26","movies","movies schnitzler 's film has a great hook , some clever bits and well-drawn , if standard issue , characters , but is still only partly satisfying .","positive"
"27","tweets","tweets @user  Hey Donny, on Sunday what PDQ in Concord???? Is it the one over at Concord Mills???""""","neutral"
"28"," I think I actually prefer it better.\n\nWe went on Labor Day weekend Saturday so needless to say it was packed by the time we got there. Luckily we reserved a table and had a great host so getting in was a breeze (even we arrived a little later than suggested time); Our host ended up hooking us up with a great daybed right in the middle of Tao Beach right in front of the DJ booth (Thanks so much again Chris!). We ordered just about every single type of pitchers on the menu as well as beers and straight liquor. Our waitress was very friendly and took care of us even though by 1PM the place was insanely packed.\n\nDJ played a great selection of music","""restaurants I've always heard that Tao Beach is """"too small\"""" compare to other pool parties","negative"
"29","tweets","tweets JR\u2019s HAVE to go to the pep rally tomorrow!","neutral"
"30","restaurants","restaurants My wife's food was cold. My food was okay, but not something I would be sure to mention to others.","negative"
"31","restaurants","restaurants Had the Hawaiian roll, hand rolled tuna, Won Ton Soup, wife had Cucumber roll, teriaki chicken bowl, daughter had shrimp fried rice, Everything was very fresh and yummy! Service was excellent, place was clean and pleasant atmosphere! Prices were very reasonable. I will definately go again real soon.","positive"
"32","tweets","tweets birthday sex is on MTV Hits. this makes me think about 6th grade lmfaooo","neutral"
"33","restaurants","restaurants Terrible service and mediocre food.  Waited over an hour on a not very busy day for 3 simple meals.   We didn't ask for anything but our waitress could tell we were upset and agreed the kitchen messed up.  She asked the owner to comp one of our meals.   We heard her response which was that she won't @$!#* give away free food just because we waited a little bit.   We won't be back!!!!","negative"
"34"," and their most popular flavor is salted butter caramel swirl. I sampled the almond butter crunch and didn't need to sample anything else. This was it. The ice cream has the perfect amount of sweetness. There are whole almonds mixed in","""restaurants I usually never buy food at the airport, but I'm so glad I did today. Something caught my attention about this place when I walked by and I did a quick yelp search. When I saw they have another location in Scottsdale with 4.5 stars, of course I had to give it a try. This isn't your typical Dreyers variety ice cream. They have """"artisanal\"""" ice cream with flavors like peanut butter chip","positive"
"35","restaurants","restaurants Love this place! My manager set up an employee meeting for our store here and we all loved it! Great food, plenty of sitting room, good lighting and friendly staff. I will definitely be back! \n\nTheir menu kind of reminds me of Pita Jungle's menu - hummus, tzatziki, baba ganoush, wraps, pasta, pizzas and much more. There were lots of vegetarian options (which I appreciate) and daily specials. We all shared an starter sampler with roasted red pepper hummus, tzatziki, baba ganoush, pita and veggies and I ordered the black bean and corn tamales. All good stuff.\n\nEveryone should check out this little gem!","positive"
"36","tweets","tweets @user haha aight...I also semi trust Alex Smith now after he covered on Monday like that","positive"
"37","movies","movies more intimate than spectacular , e.t. is carried less by wow factors than by its funny , moving yarn that holds up well after two decades .","positive"
"38","restaurants","restaurants We went here for dinner a few nights ago. The only downside is that it's slow. It took 20 minutes for us to get our food, which seems like a really long time for something structured like a fast food restaurant. The staff also wasn't the most approachable,  but certainly not nasty or anything. \n\nNow the positives: everything else. We sat on the patio, and they brought our food out to us. They also clean it all up when you're done. The portions are also enormous!  I can't believe how much food I got for $9. I got the chicken schwarma and it was phenomenal. I got so much chicken and a heaping portion of curried rice. The humus and pita bread were also great. I wish it came with more salad, but that is relatively minor. My boyfriend got the lamb schwarma. It was cooked to perfection. \n\nVerdict: we'll be back.","negative"
"39","movies","movies -lrb- the digital effects -rrb- reminded me of terry gilliam 's rudimentary old monty python cartoons , in which he would cut out figures from drawings and photographs and paste them together .","negative"
"40","tweets","tweets Scott Walker may be nuts but under the right circumstances?  I'm just saying don't over-think this. #SOUNDINGOFF","neutral"
"41","movies","movies about half of them are funny , a few are sexy and none are useful in telling the story , which is paper-thin and decidedly unoriginal .","negative"
"42","restaurants","restaurants Below average food.  Below average service.  Above average prices.  Bad combo.  Spent  over a hundred for 4 people before tip and everything was just.....blah.  That only included 3 bottles of beer too.  Tough ribs, kfc coleslaw, steak fries out of the bag, dry brisket....  Catch my drift.\n\n It says on the menu......yelp about this, facebook that, twitter this......cheesy.  I want to say good stuff but the whole place is weird and there is NOTHING bbq about it.  Before you encourage your patrons to yelp about this, maybe make sure it is worth yelping about.","neutral"
"43","restaurants","restaurants I would like to thank dr. woodland and staff for treatment and great care you get there always a smile and knowing they all care, and treat you like your special no matter who you are. can't say enough about the proessional help about dr. and staff thanks for always being there no matter time or day for em. treatment or sch. visits. god bless hard to find this kind of people elswhere who care.","positive"
"44","restaurants","restaurants I went here with a friend one night, the flavors weren't that good. Also the woman who was working had terrible customer service. She rang my order up wrong and didn't make any eye contact. Not good....","negative"
"45","tweets","tweets highlight of my day was buying my ticket to see Ferry Corsten and Markus Schulz @user November 10th #TranceFamily","positive"
"46","movies","movies garcia and the other actors help make the wobbly premise work .","negative"
"47","tweets","tweets @user  Can't wait to see your interview with Craig Ferguson at Paley in October. He's extraordinary.","positive"
"48","restaurants","restaurants I was excited to come here after seeing the good reviews but was disappointed. I got the patty melt and it was nothing special. I felt I could have made something reasonably equivalent at home. Maybe I should have gotten a burger with a bun but still, on a patty melt i would expect thicker slices of sandwich bread than what they serve. Fries were slightly undercooked and didn't taste really fresh.","negative"
"49","movies","movies gooding and coburn are both oscar winners , a fact which , as you watch them clumsily mugging their way through snow dogs , seems inconceivable .","negative"
"50","restaurants","restaurants The lunch buffet is no more. Boooooo.","negative"
"51","movies","movies amazingly lame .","negative"
"52","neutral","""tweets """"Scott Walker was having a good day of campaigning Monday","neutral"
"53","movies","movies it 's touching and tender and proves that even in sorrow you can find humor .","positive"
"54","tweets","tweets being gay is a struggle. the person u like may never have mutual feelings bc she's straight #ShesKindaHotVMA","neutral"
"55","movies","movies nicks sustains the level of exaggerated , stylized humor throughout by taking your expectations and twisting them just a bit .","negative"
"56","positive","""tweets """"Saturday Nov 17th","neutral"
"57","movies","movies it 's makes a better travelogue than movie .","negative"
"58","movies","movies but one thing 's for sure : it never comes close to being either funny or scary .","negative"
"59","restaurants","restaurants I gotta be honest, I find Offbeat a little..... offbeat. \n\nOccasionally, they have a cute dress or two in the window. Inside however, I never seem to spot anything I like. The jeans, tees and hoodies all look dated and studenty whilst the sparkly tunic tops, dresses and leggings all look like garments designed for work functions and hen parties. \n\nLike I said, offbeat.","neutral"
"60","tweets","tweets @user And only Rahul Gandhi knew about it in advance. Seems he is smarter than we credit him for.","neutral"
"61","restaurants","restaurants Went there for a business dinner, everything was good. I heard they have another one in old Montreal, weather was too cold, so we decided to come to this new location, I like the layout/design of this place.\n\nI ordered Fliet. it came out exactly what I want. everyone else's order looks good.  the drinks were great as well. \n\nI would come back if I'm come back to Montreal again for sure","positive"
"62","restaurants","restaurants I love olives, I love olive oil, I love vinegar, I love wine, I love bath products...so why on earth wouldn't I love a store that sells it all in one place! Oils & Olives is a gifter's and a cook's paradise! It's also a great place to stop by if you need a little mid-day snack because they have samples out all around! \n\nI am very happy this store opened because rather than driving all the way to their Queen Creek Olive Mill, I can visit their store here in Kierland! The staff is incredibly friendly and very helpful in pointing you in the right olive oil direction. All of their vinegars and olive oils are made at their Mill in Queen Creek and they also sell Arizona wines. The space is stocked full of goodies perfect for adding flavor to your daily meals or for creating a colorful gift for a friend. \n\nSo what about the taste? The taste is sublime! Picture this: bacon olive oil. It tasted like bacon grease but without the added fat and it's perfect for eggs, chicken, pasta...anything really! They also have vinegars such as the strawberry vinegar which tastes delicious with chicken or in a salad. This is a shop that everyone should visit at least once and it's right in the middle of the Kierland Commons! I can't wait to make bacon olive oil chicken with my new olive oil!","positive"
"63","restaurants","restaurants The waiters here are terribly slow. You get free soda refills but even sitting through a 3 hour movie the most refills you'll get will be two. Last Friday night they didn't even bother to bring a last refill for my wife and she ordered it with 50 minutes left to go in the movie. \n\nThe groupon deal is hard to beat though and the food is good. If you need more than one soda you better order the refill early. They're also very stingy with sides of ketchup and ranch. Only once of the 10 times I've been have they actually given me an extra cup of either and I've asked for it each time. \n\nI'll continue to go if I have a groupon. Otherwise, the terrible waiters wouldn't be worth full price. I'd just go to any bar for similar food before hitting up another theatre. \n\nThe one major plus is they serve Pepsi products so I can get Mt Dew. The bad thing is it takes at least 45 minutes to get a refill. As I said, I've been here a lot as the groupon comes out all the time. Not once have I ever gotten a refill within 30 minutes of asking for it.  That's a long time to go thirsty.","negative"
"64","tweets","tweets @user anytime ..@ 8:40 this week they r giving away Madonna tickets too if you wanted to try to get in for that show for Saturday too","neutral"
"65","movies","movies i can analyze this movie in three words : thumbs friggin ' down .","neutral"
"66","restaurants","restaurants Great service and excellent food. We had our server pick out the entire meal and he did a fantastic job. We started with endives with mandarin almonds and something else I can't remember. We had croquettes serve in a shoe...they were amazing but the show was weird...apparently the chef trying to be cute....but kind of tacky but I guess that flys here in sin city.  We also got shrimp, steak and bruschetta which were all equally amazing but our favorite was the carne asada steak. The dessert was the French toast and was awesome. I would recommend jaleo to even my most picky foodie friends . Again the service was so good it rivaled the best in NYC.","positive"
"67","restaurants","restaurants It's not a bad place if you hate money and like leaving restaurants still hungry. I never need to bother eating here again.","negative"
"68","positive","""tweets """"Kendrick Lamar","positive"
"69","movies","movies simply put , there should have been a more compelling excuse to pair susan sarandon and goldie hawn .","positive"
"70","positive","""tweets """"watched all of @user X Factor video's last night. he needs to start making music","positive"
"71","restaurants","restaurants Pizza Hut tastes better. The service was horrible and so was the pizza. Hopefully Metro Pizza will put this place out of business. Blah!","negative"
"72"," so I got a sauteed mushroom Gardenburger with swiss. It was pretty basic. I paid $8.50 for that bad boy. \n\nThe fries and onion rings were mediocre. \n\nI also got an Incredible Hulk","""restaurants I heard this place originated in Beverly Hills and the owner opened a second location here in Vegas. Totally feels like Beverly Hills, with the mosaic tables and all. \n\nRachel's Kitchen sits in the heart of Summerlin. When we got there, there was about twenty kids around kindergarten age, chaperoned by four women. Rich women who drove Navigators and such. \n\nMy bf and I ordered a burger and a drink apiece, plus bf's soup and our bill came out to just under $30. \n\nThe soup was a vegetarian split pea soup. It lacked that certain wholesome, salty, smokey, meatiness that meat gives, but I always appreciate a meatless alterantive ... even though tasty meat is so tasty ... \n\nBf got a gorgonzola burger. He said it seemed healthy, fresh, and nicely portioned, """"a nice alternative to like","positive"
"73","tweets","tweets Racist Mad Libs: Islam is _______ with _____","neutral"
"74","tweets","tweets Tbh come with me to dunkin tomorrow before the instore i payed 100 dollars to get the table on the plane @user","positive"
"75","restaurants","restaurants La Place des Arts, est l'endroit culte et artistique situ\u00e9 en plein coeur du centre ville. Je la connais principalement pour ses organisations d'\u00e9v\u00e9nements, que ce soit pour la f\u00eate de la musique, les festivals ou encore lors de l'\u00e9v\u00e9nement Montr\u00e9al en lumi\u00e8re et de la nuit blanche. \u00c0 chaque fois, c'est une organisation de malade, il y a des sc\u00e8nes un peu partout, des stands, toutes sortes d'activit\u00e9s, une chose est s\u00fbre on ne risque pas de s' ennuyer. Ensuite, l'\u00e9clairage et les jeux de lumi\u00e8res sont toujours splendides!\n\nCe qui me plait plus particuli\u00e8rement, c'est que le d\u00e9cor varie, \u00e0 chaque fois que je m'y rends, l'endroit me semble diff\u00e9rent, et me donne l'impression de d\u00e9couvrir quelque chose de nouveau.\n\nAux alentours, il y a plusieurs petit restaus avec terrasse donnant sur la place elle-m\u00eame, toujours agr\u00e9able d'y siroter un petit verre.\n\nEnfin, l'endroit est facile d'acc\u00e8s par le m\u00e9tro Place des Arts et lors d'\u00e9v\u00e9nements importants, l'endroit est bien s\u00e9curis\u00e9.\n\nPlace des arts est LA place par laquelle il faut \u00e0 tout prix passer quand on est \u00e0 Montr\u00e9al et lors des \u00e9v\u00e9nements, bien souvent avec entr\u00e9e gratuite (il est important de le pr\u00e9ciser), n'h\u00e9sitez plus \u00e0 vous y rendre, vous y passerez d'office un bon moment que ce soit lors du grand froid hivernal ou des belles chaleurs d'\u00e9t\u00e9 !","positive"
"76","restaurants","restaurants Don't waste your money. Very disappointing and at the bottom of the Vegas buffet spectrum. Minimal food choices, I expected more from a dinner buffet. The best part about this buffet is the build your own salad, but I can do that at home, it seemed like everything was excessively salty. Just not worth it.","negative"
"77","movies","movies a photographic marvel of sorts , and it 's certainly an invaluable record of that special fishy community .","positive"
"78","restaurants","restaurants We had a medium sized group of 10-12 people.  We went for the ECU vs Florida College football Bowl game.  Stephanie was our bartender/waiter.  She was one of the best bartenders I have ever seen.  She was helpful with service and very fast and efficient.  Also the food was excellent.  Very good experience.  Would highly recommend to ask for Stephanie as a bartender/waiter.","positive"
"79","neutral","""tweets """"Not sure why Kane didn't start","neutral"
"80","restaurants","restaurants I don't know if this bank is under staffed but only one personal banker in this huge facility is ridiculous? I had come in to close and open different bank account that b of a had set up on accident.... The bank is empty and there's only one person taking care of everything with a cue of about 6 people! Pretty ridiculous.... And thank you for the ridiculous wait time of 40 minutes to see the ONLY personal banker.","negative"
"81","movies","movies her film is like a beautiful food entrée that is n't heated properly , so that it ends up a bit cold and relatively flavorless .","neutral"
"82","tweets","tweets Good starts for Federer and Stosur. Berdych level at 1-1 after winning the 2nd set!","positive"
"83","restaurants","restaurants Over recent years,  I've had good luck with the Longhorn chain. Not so, of late. When traveling frequently, it's a comfort to know some restaurants will be, day in and day out, a place to get a good meal. Longhorn is becoming more and more hit and miss. This was a miss. I had only 45 minutes for a mid-afternoon lunch. Although service was attentive and friendly, the steak was 50% tough or just plain gristle. The waitress offered a replacement, but I'd run out of time. Fortunately, I'd eaten enough of the excellent rolls and iceberg lettuce salad to hold me until supper.","positive"
"84","restaurants","restaurants Just cause a place has been there awhile and it is always crowded, doesn't mean its good and that is the story at Harlows. Alot of people really don't know any better and stay in their routine. Two belgian waffles were ordered and neither of us could make it through more than a few bites of this overdense waffle with no flavor. These waffles are in no way comparable to Matt's - they are doing something very wrong here.\n   Moving onto the biscuits, well I'm not sure what recipe they use for biscuits, but they in no way resemble any kind of real Southern flaky quality. Two biscuits cost about 4 bucks, but they taste like biscuit cake. Refills of coffee were excellent and there was no line at 9am midweek which was a plus. Don't believe the hype here - go to Matt's.","negative"
"85","movies","movies not only are the film 's sopranos gags incredibly dated and unfunny , they also demonstrate how desperate the makers of this ` we 're - doing-it-for - the-cash ' sequel were .","negative"
"86","restaurants","restaurants I won't be able to summarize eaisly how great this buffet is. With the exception of price, this is by far the best buffet I've ever had the pleasure of dining in, in 50 years of life. Their wide variety of gourmet pleasures are vast to say the least. Their dessert are bar none the best I've ever seen offered at any buffet ever. I not only highly recommend, I suggest you forget wherever you where planning on going, and cone straight here, the best by far!","positive"
"87","restaurants","restaurants Delicious....... Don't hesitate. Just go!\n\nVery cute inside. Nice, clean, classy. Makes me happy.","positive"
"88","movies","movies after collateral damage , you might imagine that most every aggrieved father cliché has been unturned .","negative"
"89","restaurants","restaurants Definitely on par with the best of them Lost Wages burger joints.. but on wheels! Stopped by here after another shootin' session at American Shooters and just by chance met Max, who happens to be from the same culinary school I attended back home, and like the rest of us came from the bay area which made for some interesting conversation. In anycase, big up goes out to dude for making the homie something vegetarian -- on the fly! She was pretty impressed! Respect!\n\nMy other friend enjoyed his Buta-Burger while I enjoyed the Fuku Burger, which I pretty much demolished in no time flat. Proving that theres Fukin something at Fuku for everyone. I gotta try the rest of their food! Does anyone know if they have a consistent schedule or not? Twitter, their facebook or website hasn't been much help.","positive"
"90","movies","movies louiso lets the movie dawdle in classic disaffected-indie-film mode , and brother hoffman 's script stumbles over a late-inning twist that just does n't make sense .","negative"
"91","tweets","tweets Happy Apple Fanboy Day! May the iPad be with you.","positive"
"92","tweets","tweets And Argentina say Messi does nothing for the national team??! That goal was just magical Messi time as usual, c'mon! XD","positive"
"93","restaurants","restaurants How many times have I rolled up on this spot at 3:30am to get a Arizona/california burrito.  hmmmm...  steak, cheese, pico, and home fried potatos and the thing is gigantic. $4 you cant beat it.\n\nthis place is EXACTLY the same as Rivas.  Actually all these 24 hour burrito places in valley are all the same.\n\nlove them.","neutral"
"94","restaurants","restaurants I'm not sure how you can call your place an English pub when you don't serve English beers. Bud light isn't an English beer. On top of it all the food was just ok. My advice pick another place to eat.","negative"
"95"," you caught it!  Haha","""restaurants You would think it would be hard to screw up a concept as simple as Subway but this one has managed to underwhelm me on two separate occasions.  The first time I figured it was just a fluke, but going again today and getting the same service confirms that this is just how this place operates.\n\nI walk in today and there's a couple people sitting at tables but no one in line so I walk right up to the counter.  There's a girl behind the counter standing in the doorway to their back room and she kind of looks at me but doesn't say anything or walk over right away.  After a little bit she finally makes her way over to me, still doesn't say anything and starts putting plastic gloves on.  Then I think she might have mumbled something but I didn't hear her, she finally made eye contact with me though so I went ahead and told her what I wanted.  She seemed to be doing okay with actually making the sandwich until it came to the veggies (maybe she's got something against them?) because she practically pinched the lettuce and spinach to put on my sandwich.  No handful sized servings here apparently.\n\nWhen it came time to pay a guy was at the register to take my order and he asked the typical questions about whether I wanted it to go or not, did I want to make it a meal, etc. and then he gets to my total and says it's $6 something.  It took me a second but I thought about it and I only got a 6-inch sandwich with nothing else, so I asked him """"How much did you say you're gonna charge me?\""""  To which he laughs and says","negative"
"96","restaurants","restaurants Martini Ranch reminds me of a club in TJ. Its fun, but in a dirty kind of way. Its very large, and great place to dance, there is live music, and a DJ. I've heard everything here from rock and country, to booty-rap & house. So... ya, theres something for everyone.","positive"
"97","movies","movies scooby doo is surely everything its fans are hoping it will be , and in that sense is a movie that deserves recommendation .","neutral"
"98","tweets","tweets Interlaken kissed by the sun. Taste them Saturday","neutral"
"99","restaurants","restaurants Ya, this place Jamms and the food is good. Make sure you get the French press coffee, delicious.","positive"
"100","movies","movies each punch seen through prison bars , the fights become not so much a struggle of man vs. man as brother-man vs. the man .","positive"
"101","restaurants","restaurants Salerno's did NOT disappoint for our rehearsal dinner! The food was plentiful (seriously, what E said...if you left hungry..that was your fault!!) and everyone was pleased with the quality. My favorites - The paninis and the warm bread. Hi everyone. My name is Jill and I'm a carb junkie. The staff was very friendly and helpful. While the restaurant closes at I believe 9pm, they accommodated out dinner which started at 8:30pm. I called Tracy a week or so prior to let her know that we were unfortunately down 2 people and she said that while wouldn't be able to get a refund, we'd be getting a gift certificate for the amount. THAT WORKS FOR ME! \n\nWe look forward to using that gift certificate too!  :)","negative"
"102","tweets","tweets Who needs Robinson Cano we got Drew as he hits his 17th a 3 run shot 11-1 Yankees over the Red Sox.","neutral"
"103"," and the chocolate s'more souffle pour moi","""restaurants I dined here recently with my girlfriend for AZ restaurant week. We had a specially memorable evening, as everything was perfect, or just near. The wines we chose in the wine flights were particularly palatable, as was the food (though they lost points when the server had no idea about a couple of wines we asked about). The appetizers were nice little meals on their own - she had the lobster in lettuce cups, I the Ahi tuna Tartar stack, which was nice, sans the tortilla chips instead of...toast points, maybe? I had the cioppino for entree, which, for a seafood lover like me, was just sheer bliss. My date had the tilapia, which we both thought was a tad on the """"swampy\"""" side","neutral"
"104"," yet the goods haven't been delivered. #famished""""""","""tweets """"Sat in McDonald's feeling like Real Madrid. I placed my order","neutral"
"105","neutral","""tweets """"Facebook may have solved mobile","neutral"
"106","tweets","tweets @user I have lots of spare jars. Marmalade is the one \u2019jam\u2019 G&I have not yet made. So glad u found Ash Wed easy & uplifting.","positive"
"107","movies","movies it 's crafty , energetic and smart -- the kid is sort of like a fourteen-year old ferris bueller .","positive"
"108","restaurants","restaurants Typical Mattress place. Big open floor plan with lots of beds to sit on and try out. The guys what work there are pretty cool and not pushy like other places. We are looking for low profile box spring and they were able to present several good options and suggest a few places to look at in addition to them. I think we are just going to wait and get a whole new mattress set after the wedding though... so I can't tell you about their after purchase service.","positive"
"109","tweets","tweets All you need to know about Udinese 0-4 Inter: MILAN - Inter beat Udinese 4-0 on Saturday night to move up to 3...","positive"
"110"," \""""can we leave when the other guests do?\""""  Many other guests were in the lounge and they didn't look as if they had been told to leave or were in any hurry to do so.  Perhaps she was annoyed because we ordered our drinks directly from the bartender?....""","""restaurants The Chandelier is a three tiered bar with a variety of seating configurations and options, that run from casual bar stool seating to more cozy lounge seating.  There are chandeliers inside of chandeliers and the venue is classy and cool.  At the second level bar our bartender crafted a fabulous cocktail (a take on their nightly cocktail special, but with my favorite liqueur added in, St. Germain).  We enjoyed it so much we returned the next night (and that's saying a lot given all the bar choices in Vegas) for another round. Lucky for us we had the same creative bartender who remembered our drink!\n\nMinus one star for the rudeness of some of the staff.  We just ordered our drink and sat down (with our full drinks) when we were basically told to """"get out\"""" by a server","neutral"
"111","restaurants","restaurants I have been coming here since I was a little kid. Everything I have ever tried was great. Would highly recommend trying it out. Great hot sauce although don't eat a whole bottle because you will pay for it later !","positive"
"112","movies","movies a thoughtful , reverent portrait of what is essentially a subculture , with its own rules regarding love and family , governance and hierarchy .","positive"
"113","tweets","tweets Off to watch el  classico now.... May even rewatch the first 18mins of yesterday #MUFC\u002c NUFC too","neutral"
"114","tweets","tweets #nacamam @user you have to try Skywalk Deli on the 2nd floor of the Comerica building on Monroe! #bestlunche","neutral"
"115","tweets","tweets Wicket\u002c its getting worse for the Afghans\u002c they have slipped to 22-4 after Karim Sadiq (5) was run out by Jos Buttler in the 6th over.","neutral"
"116","movies","movies this is a poster movie , a mediocre tribute to films like them !","negative"
"117","tweets","tweets On Radio786 100.4fm 7:10 Fri Oct 19 Labour analyst Shawn Hattingh: Cosatu's role in the context of unrest in the mining","neutral"
"118","restaurants","restaurants My wife pretty much buys all her makeup from Mac.  I might be biased but she's pretty hot.  So anything that helps her look as good as she does is 5 stars in my book!!!!","positive"
"119","movies","movies the history is fascinating ; the action is dazzling .","positive"
"120","tweets","tweets Stick with Libero for live updates from the games tomorrow: Feyenoord vs Ajax and Bayern Munich vs Bayer Leverkusen","neutral"
"121","restaurants","restaurants This is my first year in Vegas, I heard about the San Gennaro Feast from of all things a billboard, then a quick writeup in the Las Vegas Sun. Wanting something to do that was different several of us decided this was worth checking out. Our group consisted of 4 adults, 2 teenagers, a 4 year old and a 20 month old. \n\nParking...was $10 (guarded by Metro PD officers who knew their business!) and required a long walk with kids in tow through the Rio cutting across the casino floor. Then there was a line to get tickets...and if you don't print out the coupons they hit you up for $8 per person. Kids under 56 inches are free but the measuring line they used looked set pretty low to me but it turned out to not be an issue.... \n\nOnce we got in the gate the first thing we saw was the vendors...selling raffle tickets, hot tubs, all sorts of stuff. Yawn. Keep on walking. Then you get the first whiff of food...good food. If you brought cash then you have some good choices that makes this place live up to the feast in it's name. This was one of the few places where nobody complained about their food. Even the picky teenagers got satisfied. In fact the food was so good nobody complained about the Italian singing going on at the main stage which got a little screechy and pitchy at times. \n\nEven without a coupon we still got a good deal on ride tickets, and they had rides for all ages. My 20 month old even got to go for two rides on a train and a helicopter ride. The balloon toss man on the West side....was awesome. He got some serious $$ out of us because he was friendly and knew how to smile and we even took time to put a compliment in with his boss...awesome guy, great with the kids. .\n\nOverall? Time and money well spent. We will gladly do it again next year, just this time with coupons in hand and VIP access so we can skip the entrance line. Overall....it was so much fun I have to give it 5 stars. All of them earned.","positive"
"122","tweets","tweets How can you hate on YOLO....please tell me how living your 2nd time is","negative"
"123","neutral","""tweets """"*calls off work monday* cant come in","neutral"
"124","tweets","tweets @user I'm so lost lmao, has Shawn left/landed in NY already or is he leaving tomorrow morning??""""","neutral"
"125","restaurants","restaurants Awesome staff, awesome food. I get their shrimp po boy every single time and it's seriously amazing. I was initially hesitant because they steam the shrimp instead of frying it, but the shrimp on it's own is so good that it doesn't even matter.  I generally stay away from chain restaurants, but this place is so good that I don't even care. Get the shrimp po boy, I cannot stress that enough.","positive"
"126","tweets","tweets Your #Saturday #Satisfaction with Madonna - Don't Cry For Me Argentina #80smusic #top40","neutral"
"127","movies","movies quitting , however , manages just to be depressing , as the lead actor phones in his autobiographical performance .","neutral"
"128","restaurants","restaurants The coffee is pretty good depending on who is working. Not a place I'd recommend to hang out if you're looking to relax with friends.","positive"
"129"," it would be a shame to have to avoid Pitta Souvli in favor of other establishments that understand","""restaurants Quality of food still excellent, but be sure to stress the importance of avoiding cross-contamination on orders for those with food allergies/sensitivities/autoimmunities.  Restaurant kindly offered to remake the dish after pita came in contact with the food; celiac diners will understand the severity of such potential cross-contamination.  Also, it's difficult to explain the necessity of """"not even a crumb\"""" without sounding like a complete prick! Haha\n\nHopefully","negative"
"130","tweets","tweets @user Retreat is where u want to be Saturday night! Hilton Hotel on Hillsborough Rd, NOT by the Airport like...","neutral"
"131","restaurants","restaurants Wow, we had a bad experience there last night.  I was all excited after looking at the menu online.  This is a pricey place, but people were dressed in their usual Scottsdale slob fashion, even guys with ball caps on backwards.  Please, it is the friggen holidays, can you at least take your hat off?  I can't blame the place for that of course.  We arrived a bit before 8 for our 8PM reservations, were told they were behind, to take a seat at the bar.  It was 5 deep there and deafening, but a large party left and we got a corner spot after a few minutes.  The people next to us were ranting about their food, as in ranting that they hated it. Since we were nearly on top of them, I questioned what they didn't like so I could be sure not to order it.  They insisted the bartender get us a couple of utensils and a plate to taste what they were having.  Why not?  The ciopinno\n(sp?) was so salty I could not believe it.  A clam dish was rubbery and  salmon appetizer (on toast) was just tasteless.  They had something else but had sent it back.  I really don't know what the restaurant did about their bill, but they were off to Roaring Fork to get some reliable food.  Still we might have tried the food but then it was 8:30 and still no sign of a table.  I really won't wait anywhere, anytime, and would have probably walked out before that if the bar neighbors had not been so entertaining.  So we left and went to Soi Four, another reliably decent place.\n\nMaybe it is not fair to give them one star without really even having a meal. We will try it again after the ubermobs have moved on.  And it is new.  But I still won't wait around for a table when I make reservations.  Warning, the place is deafening, and I don't find the Vespa bar all that cute.","negative"
"132"," buttery and silky. The ingredients around this main piece were all correct and well chosen","""restaurants Me and my wife both had the tasting menu. I had the vegetarian version of it.\n\nOverall impression: Lots of potential but fell short in the flavor department on 2 out of 5 dishes.\n\nI started with a beet salad amuse-bouche. This one was excellent.. full of flavor and layers, great presentation. I normally don't even like beets but this dish, I loved.\n\nThe appetizer was a cucumber with goat cheese salad, with grape slices and nuts. The presentation was once again was beautiful but the taste fell a bit short. I am not a goat cheese fan to begin with so perhaps some people would love it. I felt like the dish needed something like lemon or herbs to add more layers to the flavors which were overpowered by the strong goat cheese.\n\nThe entree was a turnip """"pasta\"""" bowl with parmesan and trumpet mushrooms/puree. Very original dish. It's surprising how well the turnip felt as a spaghetti of sorts. Flavors were strong but very nicely balanced with some lemon. Definitely a winner.\n\nThe main meal was the reason I gave Les 400 Coups 3 stars. It was a \""""slab\"""" of butternut squash with some mushrooms/nuts/various greens. The butternut squash itself was amazingly done","positive"
"133","movies","movies it 's affecting , amusing , sad and reflective .","negative"
"134","restaurants","restaurants We love Greek food and have eaten it all over the world - including Greece....  This wasn't all that impressive.  First clue should have been that the place was virtually empty on a Saturday night....  Calamari was mediocre - definitely had much better elsewhere.  We can make Tzatziki that is equivalent or better in quality.  Moussaka was a huge disappointment - dry, undercooked eggplant...  Best dish was marinated swordfish - but definitely not worth $18...","positive"
"135","restaurants","restaurants This was my first time here and I really enjoyed it. My date and I got the flaming cheese and a large appetizer platter and we were full! I will definitely go again.","positive"
"136","movies","movies overall , cletis tout is a winning comedy that excites the imagination and tickles the funny bone .","neutral"
"137","restaurants","restaurants Visiting Wisconsin this past weekend, a couple of friends and I were looking for a bar to hit up without straying too far away from the South Union. There wasn't much, but we did find the Library, and their odd schedule of specials (4-7pm, 7-close, 9-close). We were there in between 7 and 9, so we got to have cheap Long Islands! Oof...oh well, can't complain too much about cheap booze. No one can really, which explains why it was so packed.\n\nWe also ordered some food; I got a brat with cheddar on it. I think it was pretty good - at the very least it helped keep the Long Islands from destroying me.\n\nWe came back much later the same night, and this time we also qualified for $2 domestics. The place was pretty much dead at this point, but we didn't feel any weird pressure from the lone remaining bartender. In fact, he came by to talk to us for a bit which was pretty cool of him.\n\nOverall, a place that can be cramped at times, but when you're serving drinks up at those classic campus prices, it's worth dealing with.","neutral"
"138","movies","movies cheap , vulgar dialogue and a plot that crawls along at a snail 's pace .","negative"
"139","tweets","tweets Slightly obsessed with @user Can't wait to see him next sat at metlife! #coleswindell #metlife #kennychesney #pittickets","positive"
"140","movies","movies at a time when we 've learned the hard way just how complex international terrorism is , collateral damage paints an absurdly simplistic picture .","negative"
"141","tweets","tweets For all of you that havent already heard theres a car bash for DECA tomorrow. Bring a dollar and support WKHS and DECA #BeatLexington","neutral"
"142","tweets","tweets Guess I'm going to Knott's Scary Farm on Wednesday","neutral"
"143","restaurants","restaurants We wanted to try the best of the best, so we aimed toward the more expensive items on the menu, which are the filet mignon and the seafood platter.  It was like something I can easily make at home.  I was hyped up because of the high ratings on Yelp and so I was left disappointed.   We didn't even care to stay for desserts.","negative"
"144","movies","movies diverting french comedy in which a husband has to cope with the pesky moods of jealousy .","positive"
"145","movies","movies i was impressed by how many tit-for-tat retaliatory responses the filmmakers allow before pulling the plug on the conspirators and averting an american-russian armageddon .","negative"
"146"," it's envy.  If I...""","""tweets """"- As I said immediately after her fight on Saturday","neutral"
"147","restaurants","restaurants I would NOT recommend using this company. They tell you a job will take 1 week and it took 4 weeks to complete. They use all sub contractors, and they work at different paces. Most importantly.....there is NO customer service. The project manager does not care or contact you, expect when he needs a deposit or final payment. The owner/manager, does not care whatsoever. \nNo call backs or concern for clients. Research and use another company.","negative"
"148","movies","movies a touching , small-scale story of family responsibility and care in the community .","positive"
"149","restaurants","restaurants Product: Overall, I'm very happy with the Tropical Smoothie Cafe. The smoothies are always made right and are they have good breakfast wraps.\n\nService: Their service isn't horrible ....but... nothing spectacular for me to gush about. \n\nUPDATE on Service- 8/28/12- I went in to grab grub and a smoothie tonight . Sadly, I had the rudest cashier experience. The girl behind the counter acted like she was annoyed with taking my order, she didn't smile once, nor was she courteous in explaining the menu when I asked questions about it. I tried being chipper to see if it would improve the chicks piss poor attitude but I made zero progress. \n\nI understand that people might not like their jobs. But holy cow..... I feel that employees should display a personality that is somewhat helpful when a customer has a question. She was Rolling your eyes and sighing.... that isn't acceptable. After my order was placed, I then watched her sit behind the counter texting as her other coworkers (who were friendly) prepared my order. This will make me think twice about spending another dime here. Boo for poor service......","negative"
"150","movies","movies in fact , even better .","negative"
"151","tweets","tweets @user yes, I'm going out in Port Credit tomorrow. Maybe Toronto on Friday night and then The Kee on Saturday. I'm staying in Port Credit.""""","positive"
"152","restaurants","restaurants Okay :)... several months after I posted my review on Stingray Biltmore I recieved an email from one of their partners!  He offered me a $50.00 gift card and said he felt the problems I had experienced there had been rectified.  I, being a believer in 2nd chances, took a few friends to Stingray in hopes of a better experience.  I must say that the service wasn't AS bad (and it was REALLY bad the first time) but it was not great, and our bartender/server (as we sat at a booth in the bar) was definitely absent minded.  HOWEVER, the fact that one of their partners cared enough to take the time to read and respond to my email says a lot!!  If for nothing else, I can respect that and had to up the stars a bit.  I do think one of the partners or owners should find a way to eat there unnoticed, so they would recieve the same service as everyone else is actually getting there.","negative"
"153","restaurants","restaurants Oxtail chili cheese fries!! (Drops the mic)","negative"
"154","tweets","""tweets """"2nd movie for the night - Ghost Rider :\"""""""""""""""") #nowwatching ~""""""","neutral"
"155","restaurants","restaurants Ordered delivery to my hotel tonight.  Not sure why they didn't give me plates for my pizza.  Anyway the seafood pizza was decently tasty (not very hot when delivered and unfortunately I don't have a microwave in my hotel room).  No complaints with the seafood salad too.  For $9 I received a decent sized salad with shrimp and imitation crab. Took about 40 minutes for delivery which is totally acceptable.  \n\nThey should try using non-generic pizza boxes to promote their name.","negative"
"156","tweets","tweets Niki Lauda just confirmed to Sky that Alonso was released of contact on Thursday night","neutral"
"157","movies","movies `` the turntable is now outselling the electric guitar ... ''","negative"
"158","restaurants","restaurants This place is where dreams come true.  The seafood is oh so delicious.  Mmmmm... we had the snow crabs and shrimp with the hot trifecta sauce... and it was magical.  The corn was cooked in the sauce, so it was awesome.  The sides are good too, I live the corn bread, it's sweet and moist - almost like a bread pudding.  The raw oysters are awesome!  Absolutely perfect!  We'll be back every chance we get.","positive"
"159","restaurants","restaurants Great choice for elegant dining off the Strip.  I'd describe the menu as new American with a Southern influence as the menu featured items such as shrimp and grits, hoppin' John, and hush puppies.  If you want hot sauce, they only have Crystal's (no Tabasco).\nI really enjoyed my dish, and their foie gras was outstanding.  The service was excellent, and the atmosphere was relaxed and elegant.","positive"
"160","restaurants","restaurants Was hungry on the way out of PHX so stopped here.\n\nMargarita - yum.\n\nFood - came out cold.  Came back again was luke warm.  The guy next to me said hi steak was not that warm either.  Would move this review to four stars if they heated their plates!\n\nService: pretty good actually.  At least for me.\n\nJust get drinks and colder items like guac or salad.","neutral"
"161","restaurants","restaurants I go here for lunch with friends a few times a month.  Had various types of the Pho, all delicious.  The food quality is consistently good.  Vietnamese iced coffee is very good.  I'll continue going back for a long time.","positive"
"162","tweets","tweets Bold Prediction @user is the 1st shark victim in Sharknado 3 Oh Hell No","positive"
"163","tweets","tweets The Jets are 30th in points differential. Have the worst PD of any NFL team that's not from Florida.","neutral"
"164","movies","movies even if the ring has a familiar ring , it 's still unusually crafty and intelligent for hollywood horror .","positive"
"165","movies","movies soulless and -- even more damning -- virtually joyless , xxx achieves near virtuosity in its crapulence .","negative"
"166","tweets","tweets HBT @user David Wright on track to make his return next Monday","neutral"
"167","restaurants","restaurants So I went out to dinner with my neighbor and our kids. I was iffy about this place all together because I usually go to the original Garcia's on 35th ave in Encanto. Well, when we first got there, they sat us close to a whole bunch of people.. I'm sure that restaurant is bigger and they can spread us out a bit.. We gave him our order and what not and they brought the food back pretty fast. When I received my chimichanga enchilada style, they gave me like a teaspoon of sour cream and very little rice (which is my favorite :( ..) I'm used to restaurants giving a good heaping serving. Well not even halfway through my meal, I asked the man if he could give me a little more because they didn't give me much the first time. When I received my bill, he ended up charging me for more sour cream. I tried explaining to him that he gave me a tiny bit in the first place. He told me he needed to speak to his manager about it.. I'm like really dude, for some sour cream? Well he ended up taking 50 cents off the bill.. Seriously........50 cents? Would it really hurt the restaurant to give me more sour cream? This isn't a big issue because the food was okay.. The customer service just sucked and I won't be going back..","negative"
"168","tweets","tweets @user @user account to Kims MOTHER Kim was born 1976 she turned 39 July 11. Nicki will be 33 in 4 months. My accuracy &gt; urs","neutral"
"169","restaurants","restaurants its really no surprise that this place has GREAT buttermilk pancakes.\n\ngonna makes this quick: came here for brunch with a friend and we shared the salmon & california scrambler.  both were pretty decent.  i liked the california scrambler better tho, it had more kick to it.\n\ni was expecting a long line/wait for a saturday morning brunch, we were seated rather quickly.\n\ni'll tell u this, it sure beats ihop or dennys.","positive"
"170","tweets","tweets @user @user you will spend quite time in Italy.Do you want to see Milan? May be I can arrange some tkt for you. Milan Palermo?","neutral"
"171","tweets","tweets Ash.....\u002c You may say anything about her but she IS one of the prettiest women in India\u002c Happy Birthday Aishwarya Rai","positive"
"172","tweets","tweets I have not seen a good 3rd quarter from the Sacramento Kings in forever.","neutral"
"173","restaurants","restaurants Nice restaurant and bar, great seafood (try the lobster risotto), and scotch/cigar bar next door.","positive"
"174","tweets","tweets Scirea: leader, champion, gentleman. Juventus celebrates the life of a true great on the 26th anniversary of his...","positive"
"175","tweets","tweets @user Got Asiata @ start of WK2, let him get two good games and sent him in a trade for a '15 2nd, same guy just offrd him bk for 3rd""""","neutral"
"176","restaurants","restaurants Not only is this place disgusting when it comes to the taste and variety of food but its overpriced and the service absolutely sucks. I chose to come here with a few friends after work for some appetizers and drinks... it took the server over 15 minutes to even notice us. We ordered finally, everything at once because we weren't sure when they would be over next. luckily the drinks came in a timely manner, as did the food but that's what tops it all as to why this place is horrible. the food was REPULSIVE. the quesadilla was soggy, the cheese tasted almost moldy and swear I found a bug AND a hair in my food. I couldn't have been more disappointed. I left and i highly recommend everyone to do the same. you will not only be disappointed but you'll probably get sick.","negative"
"177","restaurants","restaurants Easily the best shabu-shabu restaurant in Las Vegas.  Location is not convenient (unless you live in Green Valley Ranch or MacDonald Ranch, but it is well worth the drive.  \n\nThey also offer wagyu shabu-shabu but I have not tried yet.  Their meat quality is very good, even on their standard beef order.  Very tender and enough marbling to be very tasty. \n\nFree refills on veggies is a huge plus.  I love their spicy dipping sauce... it's addicting.  They also serve Kawaba beer, which is delicious and is a rarity on restaurant beer menus.","positive"
"178","tweets","tweets The thought of the queue at Digi tomorrow is making me upset","neutral"
"179","movies","movies it never quite makes it to the boiling point , but manages to sustain a good simmer for most of its running time .","positive"
"180","restaurants","restaurants En ce 24 Ao\u00fbt 2014, quelle d\u00e9ception de se voir servir dans deux assiettes diff\u00e9rentes, la m\u00eame viande, mais avec une couleur compl\u00e8tement diff\u00e9rente et dont, surtout, l'une d'elle avait un go\u00fbt de crevettes...\nOn te rit presque au nez quand tu le fais remarquer...\nNouvelle assiette, pareil, troisi\u00e8me, et bien, t'as tout simplement plus trop d'app\u00e9tit...\nCe n'est pas la premi\u00e8re fois que je viens dans ce restaurant, mais je me dis qu'\u00e9tant dans une zone (tr\u00e8s) touristique, ils ne cherchent pas \u00e0 fid\u00e9liser...\nSauf que maintenant les sites d'avis sont nombreux et donc je vous le dis...\nN'Y ALLEZ PAS, SAUF SI VOUS VOULEZ N\u00c9GLIGER VOTRE SANT\u00c9 !!!\nDommage, le concept de trio de fondues (avec poulet congel\u00e9), pouvait quand m\u00eame \u00eatre sympa...\nM\u00eame pas un geste commercial, avec le caf\u00e9 gratuit...","negative"
"181","neutral","""tweets """"Carly Fiorina: Unlike Hillary Clinton","positive"
"182","movies","movies one of those based-on-truth stories that persuades you , with every scene , that it could never really have happened this way .","negative"
"183","restaurants","restaurants ***Bobby Flay's Mesa Grill showcases several good starters and entrees with generous portions, but the menu hardly changes; it is good option if you have never been, but if you have been to Mesa Grill, a return visit might leave you disappointed with the restaurant lacking the ambition to challenge itself and try new things (you cannot really blame the restaurant though given its popularity as well as customers' satisfaction with Mesa Grill's signature dishes)***\n\nI have been to Bobby Flay's Mesa Grill a few times and it consistently delivers tasty and well prepared food.  Unfortunately, the menu also just seems to never change.  That is the case with a lot of Las Vegas restaurants (for example, Picasso's tasting menu features two courses that have been there forever).  Still, almost the entire menu at Mesa Grill has remained the same since my first visit a long time ago.\n\nThe familiar menu has pros and cons.  What it has going for it is that a lot of the dishes are tried and true.  In addition, most guests come to Las Vegas rarely and would likely only dine at Mesa Grill once so the limited changes in the menu would not impact most customers.  On the other hand, the menu feels a tad dated; Mesa Grill does not really capitalize on the latest trends, progression in cooking techniques and popular protein cuts and produce.\n\nI started with their tiger shrimp with roasted garlic corn tamale.  It is a popular dish and for good reason.  The tamale was hearty and had a tasty and moist cornbread-like texture.  The shrimp was good and plump and the cilantro sauce was also nice though I personally would have preferred it to be spicier.\n\nFor my entree, I went with their New Mexican spice rubbed pork tenderloin, which was served with a bourbon and ancho chile sauce and a sweet potato tamale with crushed pecan butter.  Unlike the shrimp and corn tamale, this entree was incredibly spicy.  The pork had a rub that had a lot of heat (the sauce had some heat too).  There was nothing really there to cut the heat so it was the kind of dish you get tired and bored of eating (and may struggle to finish).\n\nThe pork tenderloin (a very underappreciated cut) was cooked very nicely here.  The pork was tender and had a good amount of moisture, which is rare given the limited amount of fat with this cut.  The sweet potato tamale had a noticeable sweet potato flavor, but it lacked the more tamale-like texture of the corn tamale from my starter.\n\nMy dessert was a sticky chocolate cake.  It was very similar to Mesa Grill's previous sticky toffee pudding.  The cake had a similar glaze too--warm and a mix of salty and sweet.  The cake itself was not that great--a standard grocery store-like cake (similar ordinary chocolate flavor and similar texture as what you would get at a Ralphs or Vons).  There was also just too much cake especially given that the ice cream was an almost ridiculously small portion.\n\nService was fine.  The staff was pleasant and the food came out at a quick pace.  I felt the staff could have been more attentive.\n\nPrices are actually not that bad at Mesa Grill.  Prices are very high, but that is common with most Las Vegas restaurants.  At least, they serve very substantial portions and the quality of ingredients is good.\n\nThe dining room is contemporary and showcases an open kitchen.  It is a very comfortable dining room.  Unfortunately, the restaurant is not completely closed in by glass as it may appear.  There are quite a few open areas where the large glass panes do not meet.  Given the proximity to the casino slot machines, cigarette smoke does waft in, which might create an undesirable dining experience if you are too close to the restaurant's outside wall.\n\nThere are definitely some good (and even great) things about Mesa Grill.  They have a few delicious items on their menu and most of the food is well prepared.  If you have never been to Mesa Grill, it is worth a visit; the restaurant also feels more worth the money than other celebrity chef backed restaurants in Las Vegas.  If you have been already though, Mesa Grill is not as exciting; the menu does not change much so it does kind of feel like the kitchen is really just going through the motions.\n\nMesa Grill is located in Caesars Palace.  Like most major hotels and casinos on The Strip, Caesars Palace offers both complimentary self and valet parking.","neutral"
"184","movies","movies a special kind of movie , this melancholic film noir reminded me a lot of memento ...","negative"
"185"," it was always special to go to The Cheesecake Factory in Chicago and wait your 2 hours for a table and la te da.  \n\nNow","""restaurants First I hate when people call it """"Cheesecake\"""" as in","negative"
"186","movies","movies ok arthouse .","negative"
"187","movies","movies for a long time the film succeeds with its dark , delicate treatment of these characters and its unerring respect for them .","positive"
"188","movies","movies witty , vibrant , and intelligent .","positive"
"189","neutral","""tweets """"Just want to listen to Iron Maiden's new album all day tomorrow","neutral"
"190","restaurants","restaurants I loved this place the first time I went. The second time it sucked. My steak was fatty and cold. My son ordered the lunch special and did not like anything but the Satay. The waitstaff was efficient to the point of being annoying. I would never go back.","negative"
"191","tweets","tweets Miles Presser Tidbits: Les Miles met with the media Wednesday evening to give the latest pr...","neutral"
"192","tweets","tweets @user @user HELP!! Bobby Jindal has just doomed Louisana.","neutral"
"193","neutral","""tweets """"In his bid to stop the Boko Haram insurgency President Muhammadu Buhari will visit one more country on August 1","neutral"
"194","restaurants","restaurants We have been hearing about the Penguin for a year and just never went. Made our first stop on Saturday and went back today (Monday) for more. Good service and a nice soft snow cone. They have lots of flavors to choose from. I guess our VIP card will fill up fast if we stick to this every other day schedule!","positive"
"195","restaurants","restaurants Stopped in for lunch today.. great service & food, even my meat & potatoes hubby was thrilled.\n\nWe had the sauteed edamame, very good, but the fire from the chilis was starting to get overwhelming when the food arrived - great timing.\n\nI had the special, a Loch Duarte Salmon sandwich and Just Fries.  First, the fries.. sheer perfection, and the pineapple ketchup was surprisingly delicious and perfect for such a hot day.  The salmon sandwich was nicely balanced, with the bacon being beautifully caramelized and giving a nice smoky crunch that kept the salmon from being overpowering.  I was expecting good, I got great instead.  \n\nI was stuffed when I left, and I had half a sandwich and over half the fries left.. made me want to cry to leave it behind, but couldn't squeeze in another bite and didn't want to deal with leftovers.\n\nHubby ordered the Ronin Burger and the Salt & Pepper Garlic fries.  First his fries.. he couldn't leave them alone.  As for the burger, he had ordered it medium and it arrived well done, but that didn't stop him from eating every single bite and practically moaning with ecstasy with each bite.  He didn't even care that there was no ketchup or mustard on his burger, he just knew he was in heaven.\n\nWe'll definitely be back.. and soon :D","positive"
"196","restaurants","restaurants If Bunny and I hadn't stayed at Aria prior to our stay at Vdara, my rating would most likely be higher. However because our last visit to Vegas was such a wonderful experience, Vdara paled in comparison to Aria. Don't get me wrong, I still enjoyed our vacation and had a great time, but no matter how much I tried to be positive, there seem to always be something missing.\n\nBeing that I'm not a huge gambler, it didn't really matter to me that Vdara didn't have a casino. With so many hotels in the vacinity, we were bound to find one anyway. The upside in not having a casino was that the hotel was smoke free. The lobby was quite small and there was only a cafe, which closed at 10, and a bar. Not having any restaurants wasn't too big of a day either since we could easily find somewhere to eat within the city center. \n\nIt was quite unique Vdara lacked a casino and restuarants, but the thing which bothered  me was there wasn't a gift shop. I know, going to Vegas was not like traveling to a foreign county or somewhere that not many  have been to. However, I like purchasing keychains, postcards and little knick knacks for some close friends. So I had to go to Elements, the gift store at Aria, to see if they sold any of Vdara's items. Unfortunately that was not the case, so I had settled on a few postcards of Cystals, the shopping center in the city center. Not exactly what I was looking for, but close enough.\n\nThe amenities were nice. We visited the fitness center and pool once. There were plenty of machines and equipment. Each treadmill and bicycle had a towel and water bottle. There was one main pool, as opposed to having mulitple pools, like at Aria. While sitting by the poolside at Vdara, you could hear the music from Aria's side.\n\nAside from the lack of restaurants, casino, hip pool area, the most important part of the hotel met our expectations. The rooms were very spacious, nice and clean. There would be buttons to press when we needed housekeeping, which would alert the front desk. One night, we even had a message on our phone from the front desk apologizing for not cleaning our room when in fact it had already been cleaned. If that's not great customer service, than I don't know what is.\n\nVdara would not be my first choice to stay at. However if there are some good deals again and the opportunity comes up, I wouldn't mind coming back.","positive"
"197","movies","movies just like igby .","negative"
"198","restaurants","restaurants From the very friendly greeting to....\n\n....many pieces of great advise this was a first class experience . \nMartini (Leech)was perfect.\nFood was excellent , wine was great (and not crazy expensive) and the service the best of what we experienced in Vegas.\nWill come back. Thank you for a great dinner.\nBy the way - very much consider sharing - as the food and portions invite one to do this.","positive"
"199","tweets","tweets Physics tomorrow is going to be a shit show","neutral"
"200","movies","movies a lot more dimensional and complex than its sunny disposition would lead you to believe .","positive"
"201","movies","movies an odd , haphazard , and inconsequential romantic comedy .","negative"
"202","tweets","tweets Muslims in Nepal we will live &amp; fight with each other don't want a 3rd party interference.....","neutral"
"203","movies","movies they ought to be a whole lot scarier than they are in this tepid genre offering .","negative"
"204","movies","movies a creepy , intermittently powerful study of a self-destructive man ... about as unsettling to watch as an exploratory medical procedure or an autopsy .","positive"
"205","restaurants","restaurants Scooptacular  is a local, neighborgood icecream shop in Laveen that also aims to engage Laveen community (they offer scholarships to kids in area, too). On top of ice-cream, they also have some limited selection of cafe items such as cakes, cupcakes, froyo, etc.\n\nMy friends got a $12 for $24 deal coupons and we came here for an early evening snacks pre dinner. Each of us tried variety of different icecreams and settled for 4 small cones/cups of variety of flavors such as Dark Chocolate Smores, Chocolate Covered Strawberry, Pistachio, Crayon Clay, etc.\n\nThe taste was great and the people behind this ice-cream parlor were friendly and helpful! With people walking in and out of store constantly, I could tell Scooptacular was definitely one of the favorite establishments within this community.\n\nParking is easy. The store is located in retail stripmall area, so you don't have to worry about it at all.","positive"
"206","restaurants","restaurants I am late in writing this review, as it was about a year ago that I got my hair cut at Cinema.  My stylist was Shiloh, and though she seemed friendly and nodded along with the requests that I made, I ended up very unhappy with the cut.  It was noticeably lopsided (I must have missed it at the salon, maybe because of how she'd styled it, but my roommate could see it as soon as I got home), and the layers were incredibly choppy and not well-blended (the one thing that I stressed as my pet peeve.)  To the salon's credit, I did not let them know that I was unhappy and did not give them a chance to fix it, which I probably should have. \n\nA few weeks later, I went to another salon not too far away and had a FAR superior experience.  While combing through my hair they concurred that the cut was sloppy, and gave me what I had been looking for in the first place.","negative"
"207","restaurants","restaurants The food is decent but the service has been just ok every time i've been there.  The food isn't plated well but hey it's still good.  We do continue to go there once in awhile but not as often as some other place we regular.  One thing I must say is that they will validate your parking so take advantage of that.","negative"
"208","restaurants","restaurants Krispy Kreme if you have been in Arizona @ least 10 years you remember going to Tempe Mall & going to the Krispy Kreme store & getting a hot glazed donut fresh from the oven or fresh donut holes. \nWhat's the point of doing Krispy Kreme if they are not fresh, instead you get hours old trucked in donuts.\n\nSo I was @ this location the day of the grand opening, hence comes the nightmare. Below is my letter to the CEO:\n\n05-18-2009\n\nTo whom it may concern, or the CEO of Krispy Kreme\n\nI guess this has to do with my KK story, so KK recently opened a location near my apartment on Indian School Rd. in Phoenix, so I was there at their grand opening & got the GPS unit and the T shirt, & license plate holder & sunscreen & did the treasure hunt & got the years worth of free coffee and 52 weeks of free donuts. So every time I pick up a dozen for myself or someone else I tell them my story about how I camped out in front of the store at 4:30am and drove all over the valley looking for the free donuts and coffee to get all the stuff I got. So it has been great...until recently.\n\nSo I have been going into store #866 which is the store I received all these prizes at and have been getting my free donuts and coffee occasionally and also have talked with several of the store managers who have allowed me to pay the difference between the regular dozen and mixed dozen so I can enjoy all your donuts not just the plain glazed donuts, and I don't mind paying the extra cash out of pocket so I can enjoy all your donuts at a minimal cost, and KK is not taking a total loss on donuts by just giving them to me for free, it was also explained that due to the fact that I might not get a dozen donuts every week, I can get multiple donuts and they will stamp my card accordingly until I get my 52 dozen.\n\nSo the problem that I have had is several of your regular employees specifically Madelena which is the name on my current receipt which I am assuming is the name of the employee I dealt with since she was not wearing a name tag when I went into the store who is there almost every morning early before the manager is there and also this older white women that works with her have made it quite difficult for me to get any donuts at times.  \n\nFirst off stating that they won't let me pay the difference which I have worked out with several managers at this location, stating several different reasons one they can not authorize it if the manager isn't there, secondly the managers that approved that deal supposedly don't work at that location any more, and seemingly any excuse they can think of, even though I have done this at one other location in the valley. \n\nSecondly they are telling me that I can not get more then a dozen donuts at a time, even though I have missed several weeks, because the card says only a dozen per week on it. So if I go in two days in a row and they happen to be there from the day before I was there they will tell me that I can not use the card because I already got my donuts for the week. Which in turn I just drive out of my way to another location, if I really want donuts that day. \n\nIt has turned into quite a hassle with these two individuals, who seem to be on a power trip of some sort, and I feel quite embarrassed when they tell me in front of other customers that I can not use the perks given to me, it tends to be an unnecessary and embarrassing scene.\n\n I don't know what their problem is KK is winning all the way around, if I get a mixed dozen, and get to talk about how great you are to all my friends and colleagues who eat your donuts it is publicity and advertising all year round or at least till I go through my 52 dozen. Plus I pay the extra for the mixed donuts and KK ends up getting money in the till from me at the end of the day. Not everyone enjoys just regular donuts over and over for 52 weeks, and since I AM PAYING for the difference in cost why shouldn't I be able to do this. All I can say is several times, these two particular employees have made it difficult to enjoy my perks that KK has given me. Is there anything that can be done so I can get my donuts and not get hassled every time I go in to this location? \n\nPerry B.\n\nP.S. I emailed this almost two months ago via the contact on the website and never received a response.\n\n\nKrispy Kreme response about a month later:\n\nDear Mr. B\n\nThank you for your email regarding your local Krispy Kreme's promotion. We appreciate the time you took to share your feedback.\nWe are committed to satisfying our customers and strive to meet the highest expectations placed upon us. We have forwarded your message to the appropriate personnel for their review. The management staff here at Krispy Kreme is always interested in customer feedback. We recognize that our success is measured by the satisfaction of our customers. Please accept our apology for any inconvenience this matter may have caused you.  We look forward to serving you again in the future.\n\nSincerely, Shaun Wilkins\nKK","negative"
"209","restaurants","restaurants We made it to Brunch and the line was ridiculous!! But I had already come to accept that Vegas was just code for lines everywhere. Anywho..\n\nThe food was good. I wish there was a little more of a selection in each cuisine, but I was spoiled by going to the Bacchanal a few days earlier..and this was also Brunch sooo maybe that's why. Their BBQ pork buns in the Asian section were so tasty!! I also tried some kind of beef, I don't know, the cook was hard to hear. But it was juicy and delicious!\n\nMy bf and I were lucky enough to get seating out in the garden room area with all the pretty flowers. The service was pretty good. \n\nOverall, it was a nice brunch and we did stuff our faces. I wouldn't eat that candied apple though, unless you were looking to break some teeth! :P","neutral"
"210","movies","movies what 's not to like about a movie with a ` children 's ' song that includes the line ` my stepdad 's not mean , he 's just adjusting ' ?","negative"
"211","movies","movies dull , a road-trip movie that 's surprisingly short of both adventure and song .","positive"
"212","tweets","tweets Who's going to see me at gay pride tomorrow in AUSTINNNNN?!?!","neutral"
"213","tweets","tweets ppl are saying starlight stage ios will be out on the 15th bitch where","neutral"
"214","tweets","tweets so theres a rumor that Frank Ocean's new album might drop the 20th or something","neutral"
"215","tweets","tweets @user The incubation period for HIV may last up to 6 months, and may be mistaken for other diseases before the person becomes aware.""""","neutral"
"216","tweets","tweets @user I wouldn't mind meeting up one day - picking the Bentley up today but we're always in Chelsea on a Sat.","neutral"
"217","tweets","tweets Huge project due Friday and all I can make myself worry about is whether I'll get 5 stars in this fashion show on Kim Kardashian Hollywood","positive"
"218","movies","movies a fifty car pileup of cliches .","negative"
"219","restaurants","restaurants I've been working with Jason for about 15 years.  He is an outstanding person, honest, kind, hardworking and ethical.  \n\nI recommend my clients to Jason because, I know that he will do everything, legally, within his power to get my clients loans done.  He has been able to get loans done for clients that I thought might not even be possible.  He has superior timing with staying in touch with buyers and cooperating real estate agents.  He gets documents to title well ahead of the game.  He is friendly and always has a positive attitude.  He just makes the entire process so much less stressful than it is with other loan officers.\n\nI know when my clients go to sign their final papers there will be not last minute surprises when Jason does their loans. He has already gone over the process and what their loan will entail in detail with them.  They always have great praise for Jason. \n\nJason is in the Top 1% Mortgage Originators in America for 2012 not because, he takes any deal and slams it through. It's because, he is exceptional at what he does and people go back to him again and again and also send their friends and families.\n\nYou won't be disappointed when you use Jason.  I doubt you would ever think of using another loan officer again!","positive"
"220","restaurants","""restaurants A friend was told that he had to leave the restaurant because he was speaking Spanish and it was an """"English Only dining area.\"""" This place is foul. See the picture added above. It is so disappointing to know that when Arizona takes 2 steps forward an establishment like this brings it 5 steps back. Disgraceful.""","negative"
"221","movies","movies starts as an intense political and psychological thriller but is sabotaged by ticking time bombs and other hollywood-action cliches .","negative"
"222","restaurants","restaurants I had a great time @ Romeo's Euro Cafe for his 3rd Tuesday, 3 wine pairing courses which included a salad, a main dish & the dessert that even impressed me, all for $30\n   I recommend doing this experience, we had a great time. The ambiance, the people combined with good food and wine was like having dinner with friends. We walked in as a two top but left as part of a large group that filled this little cafe. I am looking forward to next month!","positive"
"223","restaurants","restaurants I think the restaurant is pleasing to the eyes and the original art work is very nice.  The food was very good with a ecletic variety and a tasting menu choice.   I had a very good beet salad and the beef was excellently prepared with great flavor.  The cocktails are definitely a must here.  However, I gave it a three star rating b/c the service for the price of the food was unimpressive.  We were a party of six and our server treated us like she knew she would grat the bill and she did, not a great move for us to actually return to the place.","positive"
"224","tweets","tweets I want to attend Sam Smith's concert at MOA Arena on November.","neutral"
"225","tweets","tweets Sam Smith and Kasabian have been the highlight of #VFest today. Looking forward to Jessie Ware tomorrow","positive"
"226","restaurants","restaurants This is THE place to go for dosa. The buffet is always fresh. The restaurant is clean, family friendly and the staff is very accomodating. I love South Indian cuisine and we continue to return to this restaurant with regularity. Always leave happy and satisfied. Delicious, home-style dishes. Very tasty!!","positive"
"227","tweets","tweets We will be starting off the night tomorrow for Laidback Luke and Gina Turner hope to see you all there!! :)","positive"
"228","restaurants","restaurants For AZ this is as good as Korean food gets!!  Go if you need your Korean fix and have some Japanese rolls or food if you are craving both.","positive"
"229","tweets","tweets I like Taylor Swift as much as the next man but Bad Blood may be the single worst song ever created in the history of mankind.","negative"
"230","tweets","tweets Seth Rollins Leaves Hotel with Cops on Saturday Night   #News #WWE","neutral"
"231","movies","movies it 's as if de palma spent an hour setting a fancy table and then served up kraft macaroni and cheese .","negative"
"232","restaurants","restaurants Girlfriend and I went to this show on 6/30/11. Straight to the point - neither of us were entertained by Gordie Brown.\n\nThe 'humor' of the show was hard to find. He was so ADD and all over the place that any jokes he may have stumbled into got lost in his redbull infused ramblings. Nothing was given enough time to develop, except the strange ethel ann or something skit he did for way too long. I'm not even sure what he was going on about, totally over my head. \n\nHe just doesn't have stage presence or that knack of connecting to the audience. The guy worked hard, he was sweating up a storm, but it was totally wasted as his humor is dated (seriously more cheney shooting someone jokes? You haven't thought of anything else in years?)\n\nThe best part of the show was the asian tourists sitting next to us. The old lady snuck in some funions in her bag and was giggling and clapping away. All the movement she did must have disturbed something deep inside her because a belch of epic proportions came out of that little woman. It stunk. My girlfriend's eyes started to water it was so putrid. We couldn't stop laughing. Gordie Brown should hire her for every performance, it was the only thing we remembered.","negative"
"233","restaurants","restaurants Let me preface by saying, I hate Vegas. I only go there when absolutely forced. Last year, I had to stay at Mandalay Bay. To me, this was similar - a huge compound you basically never need to leave. Rooms: Excellent quality and comfort. Nothing was missing or malfunctioning. Spacious, with glorious beds - we slept very well. Pool: Best get your butt down by 8:01 to stick a towel on a chair if you hope to tan. I went down at 9 and barely managed to find a spot. The pool itself is excellent, with areas to sit all around the edge, and only 3 1/2 feet deep, so nice for kids. Food: Plenty of it and good, everywhere we ate, from room service to a restaurant. Service: Everyone we dealt with was nice, friendly and helpful. Kids: We were there with our 5th grader. This resort is not really kid-friendly, but for Vegas, it's not kid-UNFRIENDLY. (Translation: Your kids will get inhale a lot of secondhand smoke, but they won't see stripper poles in the lobby.) As a hotel, I would rate this very good, but I kind of get the impression for Vegas this might just be standard, hence the 3 rating.","positive"
"234","movies","movies while dutifully pulling on heartstrings , directors dean deblois and chris sanders valiantly keep punching up the mix .","positive"
"235","movies","movies freundlich 's made -lrb- crudup -rrb- a suburban architect , and a cipher .","negative"
"236","restaurants","restaurants It is always hard finding a healthy place to eat that is quick and delicious. Cafe Zupas fills that quota.\n\nTheir price is very reasonable and cheaper than other places like panera or corner bakery.  They have a good price on a combo deal for $7.99\n\nI usually pick a sandwich and half soup.  My favorite soup there is Roasted Red Pepper and Lobster soup and my favorite sandwich is the turkey bacon avocado.\n\nThe place is setup like a cafeteria style where you order in line and your food will be given to you at the cash register once it is done and you go find a table to sit down on.\n\nWhen the place is busy a worker will help you find a table and they also clean up your mess for you when you are done eating.\n\nTry stopping by and giving this place a chance","neutral"
"237","tweets","tweets Harper doesn't want to see you leave unless you're stretchered off. #brutal","neutral"
"238","restaurants","restaurants Kinda helpful. mostly just wanted to sell me on a plan so he told me to check my credit, and that they use soft inquiries (don't show up on credit reports). that was not the case. It showed up on my credit reports. Maybe he believed that it was a soft inquiry and was not educated correctly. either way, these guys hurt my credit report and score.","negative"
"239","negative","""tweets """"OMIGOD! You are sooo good at stupid. So if I didn't call you","neutral"
"240","restaurants","restaurants I swear I already wrote a review for Short Leash but I guess not. Everywhere I go where food trucks are present, Short Leash always seems to be there. They always have the longest line too. My coworkers and I try to make it out to the food trucks every 3rd Thursday in front of the Whole Foods off of Raintree Dr. They always get Short Leash and after seeing them order the corn dogs every time, I caved and had to see what all the hype was about. Let me tell you, their jalapeno and cheese corn dog is the best I've ever had. I was a little skeptical because I'm not a huge spicy food person but I was told that it was pretty mild (which it is). The batter definitely made it, it was nice and crunchy (not soggy like your usual corn dog). I may have to try one of their dogs next time but the corn dog was so good I don't know if I can stray away. If you do decide to make a custom dog, you can put on as many toppings as you want without an extra charge. I think that's pretty neat since places usually charge you for every little extra thing.","positive"
"241","movies","movies often messy and frustrating , but very pleasing at its best moments , it 's very much like life itself .","positive"
"242","restaurants","restaurants Visiting Scottsdale for a few days and found this place on Yelp. Decided to give it a try on a Sunday morning. I was not disappointed one bit. I was told when we arrived that the wait would be about 30 minutes. They were right on the mark. It took the waitress a little long to get to us initially, but once she got to us she was very attentive. The food came out super fast. I had the traditional Eggs Benedict and my wife had the BC Signature French Toast. While the Eggs Benedict was great, the Signature French Toast was to die for. I highly recommend this place for breakfast and the prices are reasonable. The restaurant was really fantastic.","positive"
"243","tweets","tweets @user could you and JD comment on what it may take to get Kris Bryant out of his current batting funk?","neutral"
"244"," = (The...""","""tweets """"These five music videos I have posted on my wall tonight (12-4): = Here Comes The Sun","neutral"
"245","restaurants","restaurants Based on Yelp reviews, we dined at this restaurant recently on a double date. The building itself is adorable. Maybe used to be an old house? It's cozy and you feel like you will be served some home cookin' with a twist. Our appetizer of spinach artichoke dip was delicious but the meal declined after the beginning. My husband and I both ordered the chile relleno. The description looked fantastic but the polenta was bland and the chile itself (for not being heavily fried) was very greasy and left me wanting. One of our friends ordered the crab cakes which he described as fine. \n\nToward the end of our meal, a gnat was discovered floating in a Manhattan at our table. Our server was notified, she took the drink away after asking if our friend wanted a replacement (he declined) and we waited for our check. The drink was still included on the check and the waitress seemed a bit surprised when he asked for it to be removed. \n\nI think the reason I was so disheartened about this experience was we still ended up paying about $70 for our meal (just for myself and my hubs.) Unfortunately, Coronado is not worth the food, price or overall experience.","negative"
"246","restaurants","restaurants Great spot for a decent real breakfast. \nNext door to my good friend at Quickdraw tattoo","positive"
"247","restaurants","restaurants I stopped in to give them a heads up that me and some friends would be stopping by the next day on a bike ride (2pm on a Saturday), to which the manager flat out said we were not welcome. Huge blow and they missed out. I'd say better luck next time, but you not only lost me as a customer, but you lost all of our business that day and for the future.","negative"
"248","movies","movies a disappointment for a movie that should have been the ultimate imax trip .","negative"
"249","neutral","""tweets """"just realised... trip simmons skye may and coulson woulda made more girls than boys... then they got rid of jemma","positive"
"250","neutral","""tweets """"Iron Maiden have premiered the video for """"""""Speed of Light","neutral"
"251","restaurants","restaurants If you're one of those people that enjoys finding unsuspecting, delicious, hole in the wall places... you will LOVE Gaucho. Settled in an unsuspecting part of the Strip District, it is a restaurant full of vibrant food, and people to match.\n\nDon't expect to sit inside, there are only about 5 or 6 seats to choose from. I got the El  Pavo sandwich with grilled corn and it cost me about $14. Not bad!\n\nThe staff seemed excited to see us and were genuinely happy to be there. They checked up on us outside to make sure we were happy with everything. \n\nI didn't get to take a picture-- I was too busy enjoying the meal :)\n\nTL;DR -- Great food, Great staff. Food with integrity. A must go-to in Pittsburgh!","positive"
"252","tweets","tweets So... I may go play some ME3 now.... Mainly just trying to level up since I promoted all classes and the only ones above 15 are adept...","neutral"
"253","tweets","tweets It was Prince George's 2nd birthday today! Isn't he a cutie? Is your little one's birthday soon? Not sure what to...","positive"
"254"," has declared that he is not losing sleep ...""","""tweets """"Fall out of Dar es Salaam draw: Super Eagles manager","neutral"
"255","movies","movies a film with contemporary political resonance illustrated by a winning family story .","positive"
"256","tweets","tweets @user sunday #FNS  The debate did greatly change who I was seriously  considering for the nominee. I now love Carly Fiorina.","positive"
"257","movies","movies believability was n't one of the film 's virtues .","positive"
"258","movies","movies a prolonged extrusion of psychopathic pulp .","neutral"
"259","restaurants","restaurants Oh Chelsea's your a tricky little spot, you have tasty tuna tacos (by far the best fish taco I've had in phoenix) but that little tuna delight cost 18$ which is no big thang except that I work within walking distance of the place and 18$ for a lunch taco dish is straight baller status. The outside patio is great and the service is what it is, Its a good corporate lunch spot but stay away when it comes to dinner, its kinda boring, OH YEAH IF YOU DRIVE BY THIS PLACE THEY PUT SOME CRAZY TASTY SMELLS IN THE AIR SO BE STRONG AND KEEP DRIVING YOUR WALLET WILL THANK YOU.","positive"
"260","movies","movies the most surprising thing about this film is that they are actually releasing it into theaters .","negative"
"261","movies","movies if mostly martha is mostly unsurprising , it 's still a sweet , even delectable diversion .","positive"
"262","positive","""tweets """"Amazing day in Lechlade with everyone","positive"
"263","tweets","tweets @user Great 2nd Screen analysis! Can I brief you on Jinni semantic discovery & smart social recommendations? Going to CES?","positive"
"264","tweets","tweets @user @user are having @user day Saturday. Want to go? Avs prospect Michael Clarke plays for Windsor.","neutral"
"265","movies","movies noyce has worked wonders with the material .","negative"
"266","tweets","""tweets """"So Aston Villa have a \""""""""""""""""must win\"""""""""""""""" game against Norwich City tomorrow lunchtime.  MUST WIN - how the mighty have fallen.""""""","neutral"
"267","tweets","tweets At the 10th Annual Cloud Expo @user","neutral"
"268","movies","movies the fourth in a series that i 'll bet most parents had thought -- hoped !","negative"
"269","tweets","tweets @user I finally saw Ant-Man on Tuesday I really enjoyed it, the movie was so good &amp; entertaining &amp; I enjoyed the Spider-Man reference""""","positive"
"270","tweets","tweets ...just like an electable leader of the Labour Party who isn't Tony Blair...","neutral"
"271","tweets","tweets I like that Bellucci is making Murray work for it in this 3rd set! #usopen @user @user","neutral"
"272","movies","movies the story itself is actually quite vapid .","negative"
"273","movies","movies the movie is well done , but slow .","negative"
"274","tweets","tweets Can Cate Blanchett win her 3rd Oscar with TRUTH? Check out her acclaimed performance today &amp; see for yourself","positive"
"275","restaurants","restaurants Been here several times for lunch and had the pizza. Today my friend & I decided to try the sandwiches. Very disappointing! I had the Roast Beef & my friend had the Turkey. Both were lackluster and smothered with slimy roasted red peppers. If you go to Humble Pie, go for the pizza (and the Happy Hour!)","neutral"
"276","movies","movies it 's refreshing to see a movie that embraces its old-fashioned themes and in the process comes out looking like something wholly original .","positive"
"277","restaurants","restaurants I ate here because reviews were pretty good and I LOVE Chinese food.This place is awful. I noticed the waterchest nuts had mold, after eating half the plate. Then got food poisoning. Hooray! Will never eat here again. Gross!! Worst place I have ever eaten and that says a lot.","negative"
"278","restaurants","restaurants My boyfriend & I were desperate. We needed to eat something before we saw the Matsuri. So we ended up eating here. Yes, it's vegas and food is usually over priced. But at least over priced for good food! Anyway, we got a 20% discount check for this place and it still ended up overly expensive.\n\nRainbow Roll: $14\n\nAnd my bf got some kind of soup for $16.\n\nAnd we ordered soju (she told us there would be tiramisu soju but it ended up being a regular flavor soju). The soju is $18.\n\nThey included the gratuity tip to the check, it came out to be $50. Superrr expensive for pricey food. For $50, I would have went to the WYNN Buffet instead!\n\nAnyways, the food wasn't terrible but it wasn't delicious either. It was your average conveyor belt sushi. If you can, avoid this place and go somewhere with better quality of food.\n\nWill not be coming back.\n\nYes, this restaurant is extremely dead and it was on the 4th or 5th floor. And the escalators weren't working. Such a dead and ridiculous hotel. The line for check in were never-ending, the front desk to the bars in the back. It was hard to maneuver in this hotel. \n\nNo, Thanks. PASS.","negative"
"279","restaurants","restaurants V Bar was cool! My friends and I found it wandering around the Venetian/Palazzo. We had wanted to take a break from the hard-core Vegas clubs and decided to just bar/lounge hop around our hotel. \n\nHas a good ratio of sitting to standing, comfy little booths and tables. I was a bit confused on if people actually ever dance or just kind of sit and bop around haha. They were playing good music and there was a decent amount of open space but no one was really making any moves to dance. It's a pretty small venue but I think it serves its purpose of just being a fun place to drink and hang out pretty well. \n\nWe didn't get anything to drink, just kind of hung out and talked for like 15 minutes. \n\nAs we were leaving to check out the Act Nightclub and wander around, one of the bouncers/promoters promised us a bottle of champagne if we came back at like 11:30. We didn't make it back so I'll never know if we actually would've gotten it, but it was a pretty awesome offer nonetheless.","negative"
"280","restaurants","restaurants I can't give the place 5 stars since it is a buffet although a very, very, good buffet.  Cost was $55 per person with tax on a Sunday.  \n\nLot to choose from: Seafood, Meat Carving, Mexican, Italian, Japanese, Salad Bar, Chinese, and a four sided dessert bar that is situated off to the side in it's own section.\n\nSeafood...king crab legs...hot out of the pot with melted butter.  Freshly shucked oysters and oyster shooters.  Great Scalloped Potatoes with Truffle Oil...you can really taste the truffle oil.  Various small pots of soups..corn chowder...shrimp \u00e9touff\u00e9e...Roasted Fish was very good...\n\nSushi...Maguro/Tuna, Sake/Salmon, also a great Poke that comes in little bowls of 4 to 5 pieces.  Had to go back for multiple bowls.\n\nDessert Bar...Chocolate Creme Br\u00fbl\u00e9e, Various Chocolate Parfaits, and a Watermelon Mint Granitee.  There is so much to choose from that I had to limit myself.\n\nGreat stuff.....","positive"
"281","restaurants","restaurants Can't say anything bad about Target.  Great prices, similar to Walmart, you might pay a few more dollars for things but its worth it.  Target is clean, not as busy and lines arent out the door!  The staff is kind and willing to walk you to the product you are looking for.  The only complaint I have is the bathrooms were not up to par.  The stalls were messy and smelt pretty bad.","negative"
"282","neutral","""tweets """"I'm going to Paramore at Rock Im Park in Nuremburg","neutral"
"283","restaurants","restaurants Wow - totally awful customer service, which seems occur regularly at this store.  Wasn't in looking for a tablet with my 11 year old.  Waited 15 minutes for a sales associate - none to be found.  There were 2 horsing around at the security desk - but didn't want to break up their fun. Waited in line for geek squad Oy to be told that a tablet was the responsibility if the mobile dept - naturally they were too busy to assist.  We were all set to spend $500.","negative"
"284","movies","movies a technically well-made suspenser ... but its abrupt drop in iq points as it races to the finish line proves simply too discouraging to let slide .","negative"
"285","tweets","tweets @user the voting closed on 20th. Lady Gaga was placed at no. 2","neutral"
"286","movies","movies ... manages to fall closer in quality to silence than to the abysmal hannibal .","positive"
"287","movies","movies in a 102-minute film , aaliyah gets at most 20 minutes of screen time .","negative"
"288","positive","""tweets """"Today in Beatles History (May 26","neutral"
"289","restaurants","""restaurants STAY AWAY!\nOur party of six arrived on time at 6:45 PM for our reservation. We ordered drinks and one of our attendees was served an improperly opened (cracked) bottle of beer which caused his lip to bleed. The evening went down hill from there. We ordered dinners and waited over an hour....... the salads never did arrive. """"Joe\"""" our waiter said that he complained to the kitchen twice and they told him not to bother them again with our order. After another 30 minutes we paid our bill and left. We will NEVER AGAIN go to this restaurant.""","negative"
"290","movies","movies a relentless , bombastic and ultimately empty world war ii action flick .","negative"
"291","restaurants","restaurants One of my biggest pet peeves about moving to a new city is having to find new personal service providers, and I especially dislike finding a new hair stylist. I'm a big fan of Aveda products, so I usually stick to Aveda salons and, for the most part, have found success in the strategy.\n\nTrue pretty much fit the mold of other Aveda salons I've been to- a modern, warm, earthy feeling to the interior and the signature scents of Aveda products. My stylist, Norma, was super sweet and friendly, but was pretty fresh out of cosmetology school which made me a tad nervous.\n\nMy cut and color requirements are pretty basic and Norma did a fine job, though my hair was significantly drier after receiving partial highlights than it had ever been before. Nothing was mentioned about the dryness, no offer of a hydrating treatment or anything, so I'm assuming it went unnoticed.\n\nThe one thing that seriously irked me about this place is that they require a credit card to hold the appointment. When I made my appointment, the receptionist flatly explained that the full amount of my cut and color would be charged in the event of a no-show. I've never had to provide a credit card to hold a hair appointment before and it was pretty annoying to be treated like someone who would flake before I even had a chance to prove myself as a customer (and I have NEVER flaked on a hair appointment, EVER).","positive"
"292","movies","movies aggressive self-glorification and a manipulative whitewash .","negative"
"293","tweets","tweets An IRA rollover may make sense whether you're leaving one job for another or retiring altogether","negative"
"294"," New York with President","""tweets """"Register today to attend a FREE! Super Saturday","neutral"
"295","movies","movies as lively an account as seinfeld is deadpan .","positive"
"296","tweets","""tweets """"I may be a bit slow on the uptake but I am sure David Bowie sang """"""""Ground Control to Major TOM""""""""??? and not """"""""Captain Tim""""""""???""""""","neutral"
"297","restaurants","restaurants The food took awhile to come, but it was decent.  We had the Dr. Pepper Short Ribs and the Dr. Pepper Baby Back Ribs.  The meat was cooked well but it was not seasoned well.  The chili macaroni cheese was not very memorable either.  The server was attentive and the manager did drop by to check on the table which was nice.  But we suspect this may be because it was low season.","negative"
"298","tweets","tweets @user ill be in Brownsville by Wednesday night so it\u2019s all good :)","neutral"
"299","movies","movies in terms of execution this movie is careless and unfocused .","negative"
"300","movies","movies diane lane works nothing short of a minor miracle in unfaithful .","positive"
"301","restaurants","restaurants Went there for lunch on a Sunday afternoon. Was given a menu saying here are our lunch specials. We then try to order from the menu and they say that menu side we ordered from is only for the weekday but it wasn't even mentioned in person or on the menu itself. So we order the 'specials' anyway for regular price because it took long enough to have the waitress take our order in the first place. I ordered a grilled cheese sandwich only to be told a few minutes later that they couldn't make those on the weekends? So I ordered the chicken fried chicken dinner. Yuck. The chicken was too well done, the corn was soggy and the potatoes had a weird taste probably due to the gravy. Will not be returning.","negative"
"302","restaurants","restaurants I am pretty picky when it comes to my sweets, but Nothing Bundt Cakes never disappoints! I work at a retail store where we are always hosting parties for our clients. The owner and staff have been so helpful and have helped us to come up with creative ways of catering to our different parties. They have everything from bundtinis, bundtlets, and big bundt cakes, and I have tried them all! My recommendations... the red velvet or chocolate chocolate chip, their cream cheese frosting is AMAZING!","positive"
"303","movies","movies it 's better than the phantom menace .","negative"
"304","restaurants","restaurants This lovely little desert shop looks amazing and is located in the awesome new Aria city center. There are so many deserts to choose from, but I decided to try the yogurt mixed with fresh strawberries to counter the 100+ degree Vegas heat. OMFG best yogurt with fresh strawberries! The cashier even recommended the flavor, calling it the best Amore Patisserie had to offer, and he was so right. I did try a few other chocolate flavors, which were good, but I agree the yogurt is the best. It is on the pricey side, compared to that of Golden Spoon or Yogurtland, BUT they serve you enough yogurt/gelato to satisfy three people.","positive"
"305","movies","movies i ca n't remember the last time i saw an audience laugh so much during a movie , but there 's only one problem ... it 's supposed to be a drama .","negative"
"306","restaurants","restaurants Love this place!! You can never go wrong here!!! Order the Mulas with flower tortillas and Al Pastor.","positive"
"307","restaurants","restaurants El Segundo Sol has great food, drinks and atmosphere. I really enjoy going to this place when I am in town. I love the guacamole and fresh made chips! Yum! The service might not be the best I have ever had, but I would definitely recommend this place for a quick bite to eat, lunch or dinner!","positive"
"308","restaurants","restaurants Read about this place on Yelp Monday and dropped by the next day to try it out! \n\nThe baos were delicious, tender in the dough and crispy in the skin (for those of you who avoid the skins for health reasons, they only put one piece of it on there to give the bao some crunchiness). More meat was in the chicken than the duck, but both were fantastic and well worth the wait! The seasoning isn't overpowering and all the ingredients complement each other (I especially enjoyed the cilantro). As I found out first hand in person as well as on Yelp, you are discouraged from taking your food to go unless you live close by to the establishment. At first I asked to take it to go because it seemed like there was no where to sit, but Jenny talked me into sitting at the bar. I wasn't in a hurry to go anywhere and I figured, why not. The food is less likely to get soggy and it won't be necessary to reheat it.\n\nI highly recommend ordering the combao- trust me you won't regret it! Because if you order just one, you'll be like me and wish you had ordered it upfront.","positive"
"309","restaurants","restaurants Awesome drunk food after a night at Marquee!!!  Super busy but worth wait!!","positive"
"310","movies","movies third time 's the charm ... yeah , baby !","positive"
"311","tweets","tweets New project at Straw Hat Pizza 1653 Industrial Pkwy. Hayward just in time for the Floyd Mayweather vs Andre Berto fight September 12","neutral"
"312","restaurants","restaurants Offensively bad. I have never had worse Indian food. The rice tasted gross and was not basmati. Everything else was flavorless and not recognizable as Indian food. The naan was stale. My boyfriend and I went for the buffet today and left after fifteen minutes, unable to find something remotely good. I've had better and fresher tasting Indian food from the Whole Foods food bar or from a box. If you want delicious authentic Indian food that go to Bombay or Curry House.  Avoid this place at all costs.","negative"
"313","restaurants","restaurants No. Re-Model was horrific. Poorly micromanaged..What was a classy room with private subdivisions is now an open mess hall of plenty of rude players. Bad Management as well. if your local, the walk from Parking garage is annoying at best. Placed under and to the side of the escalator to club tao you will feel like a character from ' people under the stairs... are you kidding me,, of all that space in those gigantic hotels you place the poker room there. Expect to see some drunken fights and overpaid prostitues spilling out from the club above you at all hours.","negative"
"314","restaurants","restaurants Ken and his team have done several upholstery repairs for me on my cars and motorcycle seat and the work and efforts made to make me happy were never ending. I am very happy with the work and care put in to the results. I would not hesitate recommending them. They were also extremely fair in pricing.","positive"
"315","restaurants","restaurants Horrible 7$ grown up grilled cheese!!!!!!!!!! I felt like I got ripped off!! I wanted to complian but said oh well. Sonic has better Grilled cheese for half the price!","negative"
"316","tweets","tweets @user it has been more than a week, and as usual, no updates about my nokia in it's 2nd long hibernation in ur service center :)","neutral"
"317","tweets","tweets If you think  the Browns should or will trade Manziel you're an idiot. Aaron Rodgers sat behind Favre for multiple years.","positive"
"318","restaurants","restaurants This place was fantastic and the service was fabulous! I had the tomato gin soup, which is one of their house specialty. I almost locked my bowl clean. Our group had the mahi mahi, the soy-citrus salmon, the perfectly grilled salmon, and he balsamic ribeye. Everything was perfectly cooked and absolutely delicious! The white chocolate brownie was mouth wetting and a great finish to the meal. Our waiter was very attentive and helped us with our decisions and what to order. His recommendations on food and beverages was perfect!","positive"
"319","movies","movies any movie that makes hard work seem heroic deserves a look .","negative"
"320","movies","movies while this one gets off with a good natured warning , future lizard endeavors will need to adhere more closely to the laws of laughter","positive"
"321","movies","movies evelyn 's strong cast and surehanded direction make for a winning , heartwarming yarn .","positive"
"322","positive","""tweets """"Accidental Google searches lead to the funniest finds! Happy Friday","positive"
"323","tweets","tweets @user Quieter. My sis, brother in law and habibti are going back to Ireland this afternoon ;/ Tennis doubles sounds fun! Enjoy! #Juice!""""","positive"
"324","tweets","tweets @user well Lexus is taking us all to six flags next Sunday so I had to do it now so I could go on over there lol","neutral"
"325","tweets","tweets All I want for my 16th birthday are Taylor Swift tickets. No party\u002c just tickets.","positive"
"326","movies","movies really dumb but occasionally really funny .","negative"
"327","movies","movies if festival in cannes nails hard - boiled hollywood argot with a bracingly nasty accuracy , much about the film , including some of its casting , is frustratingly unconvincing .","negative"
"328","tweets","tweets LOOK it's National Hot Dog Day! Yay! Some restaurants are giving great deals on HOT DGS on July 23rd!","positive"
"329"," especially because the food here is not on the cheaper side. \n\nFor dinner we had - \n\nNew England Fry - Clams and Calamari \nCaramelized Sea Scallops\nGrass-fed Filet Mignon \nSide of their well known Kale and Anaheim pepper Mac & Cheese\n\nI will tell you","""restaurants There are a few things that will make me give five stars. The main reason being - they have some of the best pan seared scallops I've had anywhere. \n\nThis is a family owned business and you can definitely tell they use fresh ingredients. Always a plus. \nI had heard a lot of hype about this place, but I'm usually not to keen on the """"new hip\"""" place. I hate going to newer restaurants when they're busy and just crowed with people. Of course","positive"
"330","tweets","tweets 5.a.m. trolling the Dan Ryan with a HUGE stink face! Why?  #BLACK FRIDAY = Kendrick Lamar +J Cole   Now that was an inspirational moment!","positive"
"331","tweets","tweets It's crazy how I listened to Frank Ocean again for the first time since 9th grade &amp; it's like I time skipped from 9th grade to now wtf","neutral"
"332","tweets","tweets Fancy this Paul Dunne at the open at 40/1 would make it a good Monday","neutral"
"333","movies","movies beautifully directed and convincingly acted .","positive"
"334","restaurants","restaurants Nice French like restaurant with decent vegetarische options - I was a traveler but nevertheless always love German beer wherever - the place is right by the Ettlingen train station so a bit hard to find.","neutral"
"335","restaurants","restaurants Sign up for their newsletters. Their specials are no joke, man. Last week I got a 60-minute massage PLUS a free foot treatment for $40. What?! Yeah. \n\nThe foot treatment was no more than 10 minutes, but still the 60-minute massage alone is worth the $40. \n\nThe foot treatment happens right after the massage. You're still in the same room, on the same table. I got a Sugar Kiss treatment (it was around Valentine's day), so he pretty much gave me a lubed up sugar foot rub and then wiped off the sugar after. The foot treatments change all the time. Sometimes coconut, sometimes jizz. Just kidding. \n\nSo iono if they have like only entry level masseurs, but my guy last time was decent. I got no complaints. (Plus when you review day spas, salons, or any biz where you work with one technician, you gotta be careful to review the biz, not the technician. But my guy was good. Just sayin'.) \n\nAll of the employees I've encountered are warm and friendly. Some of the other customers seemed to have a real intimate rapport with the employees. Parking is never a problem. \n\nWhen you book your appointment, make sure you mention the email special. Some of the other emails specials are like a 60-minute facial with free add-on (giggle). \n\nI'ma start making massages a regular thang suckas! Sorry, I'm kinda hyped ...","neutral"
"336","movies","movies funny in a sick , twisted sort of way .","negative"
"337","restaurants","restaurants On my second day working in Charlotte, I was much better prepared.   I'd scoped out the local shops and restaurants and decided to get myself a sandwich for lunch at Dean & Deluca.\n\nWhile I've never actually been to the original Dean & Deluca in New York City, I've been to their Napa Valley location several times and it is quite and impressive store:  a colorful aisle with fresh vegetables and fruits, an aromatic display of various cheeses, and a beautiful display of breads and pastries it makes my mouth water just thinking about it.\n\nThis Charlotte location is tiny in comparison, but they made me a beautiful Italian sandwich to go and, while it was somewhat pricey at $9, the sandwich was ample enough to allow me to eat only half and save the rest for the next day.    The bread was nice and fresh and the tomato, mozzarella and charcuterie on the sandwich made for a beautiful lunch.    I would highly recommend you try their sandwiches!","positive"
"338","movies","movies does n't add up to much .","negative"
"339","movies","movies suffice to say its total promise is left slightly unfulfilled .","negative"
"340","movies","movies if it were any more of a turkey , it would gobble in dolby digital stereo .","negative"
"341","neutral","""tweets """"Hope Cong leaders Sonia","positive"
"342","movies","movies does n't come close to justifying the hype that surrounded its debut at the sundance film festival two years ago .","negative"
"343","restaurants","restaurants It was alright.  Would not return.  There are so many better steakhouses in Las Vegas.","negative"
"344","tweets","tweets Conor McGregor's next fight is announced for December. Starting now that's like 6 months of loading up the band wagon again..  #kickboxing","neutral"
"345","restaurants","restaurants I was last here in 2007 for my buddy's bachelor party at Mandalay Bay, and this place seemed to be the morning hangover medicine. I swear I have the exact same waitress today, in 2014... So I guess it's a good sign they can keep people employed.\n\nOverall, it's a fancy version of a diner in a resort, and the food is fine. Nothing here to bitch about unless one is just being a bitch. It is what it is, so just shut up and eat, and go back to gambling already.","negative"
"346","restaurants","restaurants They may not be the cheapest, but they treat me and all of my animals very well.","positive"
"347","restaurants","restaurants Great food and Great Service. (Dum) Biryani is really good.","positive"
"348"," and the staff knows a good bit of their clientele by name which is impressive since this 52 floor building has a lot of coffee addicts.  On occasions that my syrups have tasted off","""restaurants This is my """"home\"""" Starbucks store","positive"
"349","restaurants","restaurants The American love affair of  breakfast =  eggs has always frustrated me. It's my living version of the  Monty Python spam song. Trying to substitute eggs in most places leads to the kind of look that could be expected had you asked them to reassemble an already cracked egg and push it  into the hen's vent for the next diner.  -\n\nSo I didn't even try .\n\nI ordered a open face chili burger and hashbrowns. They'd run out of biscuits, yep that's why there's no five.  No biscuits and gravy is as acceptable as unsweetened ice tea.. never:)\n\nThe dish that arrived was a housing project! I am no stranger to the x3 hash browns at the Waffle Hut ( I take my  bitch there after all ) but I couldn't  clear my plate and nor could my wife finish hers .  We're seriously thinking about splitting a plate between us next time. \n\nCoffee service was constant, almost religiously so.  This is a real breakfast , for a really fair price and I look forward to visiting again.","negative"
"350","restaurants","restaurants I had my doubts.\nSome family and I had found ourselves in Phoenix somewhat unexpectedly, and when looking for places to eat I turned to yelp. There appeared to be some doubt among my relatives as to the wisdom of trusting people on the internet.\n\nThis was not helped when we pulled up and realized that the restaurant is in a strip mall attached to a gas station. Luckily, we went in. We then spent the next hour having not only the best pizza I've tasted in AZ, but some of the most entertaining service of my life.\n\nA real treat.","positive"
"351","movies","movies harris is supposed to be the star of the story , but comes across as pretty dull and wooden .","negative"
"352","neutral","""tweets """"India vs West Indies 4th ODI at Dharamsala: Ajinkya Rahane out for 68: Oct 17","neutral"
"353","restaurants","restaurants when i worked in retail my paycheck was spent before i got paid. therefore, i relied heavily on coupons and splitting meals w all of my other poor college friends.\n\nwell, i hit the jackpot. $15 coupon for a FEAST. the picture on the coupon showed everything we would get: a huge steak, shrimp, and lobster PLUS 2 sides. there were 3 of us- this was PLENTY. \n\nit was prom night too so we were initally fooled with how popular it was. popular for prom girls with light up clear shoes (not even lying), if that says anything about the crowd for you...\n\nour waitress stops by our booth and just stares at us. one of my friend kinda looks around at me and our other friend, then back at the waitress. 'ill have a diet coke?'\n\nthen our waitress writes it down and doesn't say anything but looks at my other friend.\n\ni lost it and started laughing. why isn't she talking to us? this is so weird. \n\nwe ended up asking for a different waitress, then found out the coupon was a big fat liar. you didn't get all of that. it just says you do but you don't. the food ended up being nasty. probably one of the worst meals ive ever had. \n\nas we're leaving susy talks a lot waitress trips over my friend and it was all too awkward bc i couldn't control laughing. \n\nawful food, awful service, AND the bathrooms were some of the grossest i had ever been in. \n\nif wal-mart ran a restaurant, this would be it.","negative"
"354","restaurants","restaurants I met up with my indian friend here for the lunch buffet.\n\nIf you get the tendori chicken while it's fresh it can't be beat.  They have this deep fried veggie ball that when paired with the chutnay is magicial.  The naan is always fresh and amazing.\n\nThe only problem is it's a buffet and most everything had been sitting out for a while.  The rice was old, the chicken marsala was over salted, and the goat was still chewy with many splintered bones.  \n\nKheer is amazing.  But you needed to asj for gulab.  If they have it you won't be dissappointed.","positive"
"355","movies","movies an ambitiously naturalistic , albeit half-baked , drama about an abused , inner-city autistic teen .","neutral"
"356","restaurants","restaurants DO NOT BUY ROUNDTRIP TICKETS. Ride from the airport was fine. I scheduled my return trip and they insisted on picking me up 1.5 hours before they needed to. I called 1 hour prior to my trip to confirm, and they said I was on the schedule. I was supposed to be picked up at 1pm....I called at 1:20 and was told the driver was 3 minutes away. I called again at 1:30 and they said I was the next stop (which was a lie) I sat outside in the rain and 40 degree weather for an HOUR after I was supposed to be picked up, throughout which time 6 other airport shuttles came by and would have taken me to the airport a heck of a lot faster.","negative"
"357","tweets","tweets I've been waiting for winter break since the Monday we came back from Thanksgiving break!","neutral"
"358","restaurants","restaurants I have come to this bar twice now, with very different experiences one was fantastic and the second was fairly disappointing.\nThe first time I came with a friend of mine and we were greeted by one of the friendliest bartenders I've ever met in my life a super super nice Filipino man who's name escapes me at the moment. (Though he may also be identified by his handlebar mustache.) We drank we quietly sang alone to music when the other patrons left, and the cocktails were delicious and creative.\nThen the second occasion a few weeks later: I entered the bar, as another woman was leaving. I took the only available seat (roughly 8-10 seats) an moved it away a touch to identify I wasn't the woman that the two fellows next to me were with. Then I waited... The entire bar (including the two guys) had a complete turn over. Each seat was abandoned and reoccupied before I was acknowledged. He greeted any other patron that entered but not me. Finally he happened to notice my disgruntled (haven't looked away from him for minutes on end) facial expression to which he said he assumed I was with those other people (because new people come into a bar sit with people and don't need a drink...) he handed me a menu and after a few stares I realized I just couldn't bring myself to overpay (it wasn't over paying with the other bartender he was worth it) for a drink from a man that couldn't identify the difference between a brunette in her 40's and a blonde in her 20's...","negative"
"359","restaurants","restaurants For my first time getting my feet done . I must say my experience was very pleasant. My nail tech POOH was highly experienced n educational on foot care. Guys if looking to get a good service ask for POOH, she the best.","positive"
"360","tweets","tweets Found out that Monster Hunter 4 on the 3DS has online so I guess I may end up playing it?","neutral"
"361","movies","movies while somewhat less than it might have been , the film is a good one , and you 've got to hand it to director george clooney for biting off such a big job the first time out .","positive"
"362","restaurants","restaurants Amelie's has such a mind-numblingly large selection that I had no idea what to get when looking at their pastry case.  I eventually got a little bit of this, and a little bit of that, and was later shocked at how much I just spent. :)\n\nThe only problems?  It's way the heck up in NoDa, and the Jamon sandwich was toasted and had Dijon mustard on it.  Blasphemy!","neutral"
"363","restaurants","restaurants This is a good stop for a burger and a beer.  This place has a blue collar neighborhood feel to it.  That works for me, but probably not a place to take a date.  Beer selection is limited, but they should have something for everyone.  Coors, miller light, deep canyon amber, some German pils (can't remember the name), and summer shandy on tap.  Decent prices and made to order food.  Burger is good, but I prefer the 5 guys (fresh jalapenos!) or Chuckbox (salad bar with burger fixins).  If you are in the neighborhood and are hungry this is a good call.  If you are looking for something beyond a burger or something out of the fryer, probably not the place.","neutral"
"364","tweets","tweets Aww Kina Grannis sang 'Mr. Sun' for all the Filipinos who suffered from floods! @user <3","neutral"
"365","restaurants","restaurants Chris was terrific..hostess beautiful and skilled as quickly recognized I did care for the table and chairs me another. ise roll definitely recommended..miso soup was just good enough...\n\nAmbiance is good deep inside ..not on the outside...prices: consistent w vegas","positive"
"366","restaurants","restaurants I love donuts. I make it a point to find good donut shops when I travel, that's how much I love donuts. So when I heard Fractured Prune had opened up of course I had to go check it out. I loved the concept of customized donuts. Even more I loved the fact that they serve their donuts hot. But that's where my love for Fracture Prune ended. \n\nMy boyfriend and I got a few different flavors to try out. All of them were way too sugary sweet. I ate one and felt like I was sinking into a sugar coma. And it left kind of a bad aftertaste. But the worst part was how I felt later. I reacted to these donuts as if I ate MSG. When I eat MSG I get super crabby and that's exactly what happened after I ate these donuts. No thanks!\n\nAnd they were expensive - $2.00 a donut. I'll stick with the cheaper and better tasting donuts from Bosa.","positive"
"367","movies","movies the dramatic crisis does n't always succeed in its quest to be taken seriously , but huppert 's volatile performance makes for a riveting movie experience .","negative"
"368","movies","movies but , for that , why not watch a documentary ?","positive"
"369","movies","movies you see robin williams and psycho killer , and you think , hmmmmm .","neutral"
"370","tweets","tweets I think FashionPulis is just using Toni Gonzaga para mas marami magbasa ng site niya. Parang every month may false story siya about Toni !","positive"
"371","restaurants","""restaurants Very quaint little place.  Seats 24 people inside so if you're having a party, it's best to get it to go.  I had the 1/2 rack of Ribs platter which came with Garlic Mashed Potatoes and a side salad.  The platter was served with a roll as well.  The size of the side salad was great and it even had different lettuce types and carrot matchsticks.  The Garlic Mashed was very tasty but there wasn't a lot - perhaps a small ice cream scoop (like, tiny child size).  That's great for portion control!  The ribs were very tender and the sauce was a sweet, fruity vinegary Barbeque.  I found it overwhelming with a small bite but then as I noshed on, it was very good.  My husband got the 1/2 chicken and it was fantastic!  The chicken was moist there was a touch of char and the sauce was quite elegant with the meat.  The creamy coleslaw was quite tasty, in fact, if you're a person who loved your mom's creamy coleslaw from the 1960's (it was actually based off a Miracle Whip recipe) then this is the one for you.  Next time I return, I'm trying a sandwich, with cole slaw and the biscuits (""""tastes like a funnel cake\"""" says the server).  NOTE: If you share a plate there is a $4 surcharge.""","positive"
"372","restaurants","restaurants Greatest bar ever with the greatest people ever.  I was coming here 4 nights a week and am sad to be moving away tomorrow.  I really can't say enough good things about this place, everything is exceptional.  It's a real shame to read some of the poor reviews below, and as someone who made Papi's his second home, I've only seen the best so far.  Wish you guys nothing but the best in 2014, and I'll be back in a few months!","positive"
"373","negative","""tweets """"Just a quick note- Hulk Hogan was a bad wrestler anyway. C'mon now","neutral"
"374","movies","movies visually , ` santa clause 2 ' is wondrously creative .","neutral"
"375","movies","movies but even with the two-wrongs-make-a-right chemistry between jolie and burns ... this otherwise appealing picture loses its soul to screenwriting for dummies conformity .","positive"
"376","restaurants","""restaurants Itty Bitty MadHouse Coffee Review\n\n- On a cold Sunday night, the boypren and I dropped by for something hot to warm us up.\n- 12 ounce red velvet mocha with almond milk for me.  Americano coffee for him.\n- The drinks hit the spot.\n- Funky little coffee house at Desert Inn and Durango in the Von's shopping plaza.\n- They have hookahs here!\n- Keith Haring theme is kinda retro and very cool.\n- I'll be back to try the """"Michael Jackson\"""" drink:  white chocolate and regular chocolate coffee drink.\n- I'm a fan of the red velvet mocha.""","neutral"
"377","tweets","tweets This booth had a sign that said Frank ocean may have disappointed you but we promise we won't lmaoooo","negative"
"378"," Blood pressure weight and height and simple history questions like allergy to meds and my medical history ","""restaurants ROB REVIEWS\nThank you for reading !!\n\nBronchitis and flu symptoms\n\nI called in first and asked if when they screen someone is it primarily -i describe my symptoms and you prescribe me what you """"think \"""" i need. Or do you have the technology or ability to further test me and get to the root of the issue the women was polite and said yes we can chest x ray for pneumonia we can strep test you we can send work out to a lab. She was very cordial  . I also asked if a doctor was on staff or a nurse practitioner she said both but the nurse practitioner would see me and she is very experienced and worked for Maricopa County Burn Unit . So i said OK.\n\n Keep in mind i didn't ask her about my symptoms or her medical advice when you do this they will always and anywhere you call not oblige and ask you to just come in. So i asked the questions the right way\n\nI Arrived for bronchitis and flu symptoms on a Sunday at 12:40 noon. There was about 7 families in front of me. I almost went somewhere else but stayed because of the positive reviews. We all know how unpleasant a sub-par urgent care can be its like flushing money down the toilet.\n\nThe front desk was welcoming and friendly. gave me some short paperwork as a first time patient to fill out . Painless. Than i paid my FEE which is 95.00 for non insurance or 50.00 for insurance carrier.  The chest x-rays were 15 per shot if needed.\n\nSo i got my receipt and sat.\n\nThe waiting room is spacious with leather chairs and two couches. It was clean and there is a play area for the kiddos. There bathroom was easily accessible was clean and large very nice. \n\nIt did take a while because there was 7 families in front of me i was prepared to wait and i saw about 3-4 families leave as i was waiting i also slept on the couch a bit i was so fatigued and sick . There is a small separate waiting area still exposed to the main area but with a bit of privacy i sat there as soon as a family went back! :)\n\nI layed there sick and in and out of sleep lol. The staff didn't bother me! A+ for me i was ant bothering anyone and there was plenty of seating elsewhere for others in main area.\n\nAs people were taken back i could hear the nurse apologizing for the wait. To each person A+. At 2:05 1 hour 25 mins i was up YAY. (once again i was prepared to wait cause i knew walking in that they were busy; ive spent  40 minutes in non busy pediatrics for my kids. and i did have the choice not to wait and go elsewhere as well). \n\nAnyhow I got an apology as well I was taken back and the nurse took my vitals. Oxygen level","negative"
"379","restaurants","""restaurants We went here when it was the slow season...you know when the snow birds flee Phoenix. The place is small ( I mean cramped)  inside and not much to write home about.... The life size centurion is what drew me in....just kidding but it is pretty cool) and it has a good size patio to relax and eat. At 5pm we were the only people there. Now, normally I would order a drink and move along to the next venue when a place is empty. Our server was the Chef himself. Again, slow season, slow business. He waits on you, grabs your vino, cooks your food and serves. There was one other staff member there but he took care of us personally. The menu looked delicious and the food was beyond my expectations. Never judge a book by its cover! We ordered a truffle pizza and a chorizo pizza which was beyond good! It's sinfully good! Chef Eric has a gift for sure and of course he does....he's from Chicago like me and my fellow dinner patron. Not only is he from Chicago but from my hometown where his mother taught Latin at our high school. Who I totally remember! It really is a small world. So I found myself liking this place more and more! Honestly, this place has good people with good backgrounds, a solid work ethic and great food. This is a great addition to downtown Phoenix and Roosevelt Row. Put this on your list as a """"must try\""""and be sure to take a picture of the centurion out front for me! Buon Appetito!""","positive"
"380","movies","movies a faster paced family flick .","positive"
"381"," and I really like how it's served with wedges of tomatoes and a couple of cornichon (?) pickles.  We always ask for warm","""restaurants It's been close to a year since we've last visited Byblos.  The lamb shanks here are so delicious, and they are served over brown rice studded with nuts.  I never have to twist my Mom's arm to dine here.  We both love the tomato bisque (""""to die for\"""")","positive"
"382","restaurants","restaurants just to be fair, the pricing at this place is the best and is what drew me here in the first place: \n\n-- The Excalibur has a 2-for-1 buffet special every day between 2  - 6 pm for $17.99. (Special not valid with any other offer, Children's prices not included. Not available during holiday periods.)\n\n-- PLUS -- $25 all day buffet pass... \n\nnow for the review, 2 star is a bit harsh since I usually factor in the pricing for the value calculation. We were walking around the strip hungry and it's nearing 2pm, saw the ad above and decided it's actually cheaper than eating at the food court. \n\nhowever, if I have a choice for another buffet on the strip next time, I probably would not have bothered to come here, the food is below LV standards and I am glad that I only paid 1/2 price for it (2-for-1 deal)... \n\noverall, though, I still have to admit that it's cheaper to eat here than at the food court for fast food, though not sure about if the calorie count is worth it...","neutral"
"383","movies","movies but when it does , you 're entirely unprepared .","negative"
"384"," nail art and pedicure).\n\nI've always been a very generous tipper and that just irked me that they would do that to me when I was giving them business! \n\nI'm never going back even though it's in a very convenient location and do NOT recommend this place.""","""restaurants I went to this place 3 times for gel manicure and pedicure with nail art.  I also had an eyebrow wax, lip and underarm wax which were just OK at best so I didn't get waxing done again.  The first two times were pleasant enough that I kept coming back.  I even brought a friend for manicure and pedicure the 2nd time I was there.\n\nHowever, the 3rd time was weird.  They never did a thorough job cleaning anything.  They would rub lotion on your skin while there's still debris from them filing your nails down, the UV machines were sticky when you put your hands in them to dry gel polish (which they never apologized for), substantial cuticles are left behind, etc.\n\nEven with those quirks, I went back because my nail tech was very nice.  The manager, a very serious and cranky looking hairy Asian man, literally gave me the creeps the last time I was there.\n\nThere were 2 or 3 other customers while I was there.  He came out of some back room looking very sleepy, walks straight up to the station I was at with my nail tech and just stares without saying a word.  That went on for about 3 minutes until I couldn't take it anymore and said jokingly, """"Are you learning how to do nails from her (referring to the tech working on myself)?\"""".  He grumpily said \""""no\""""","negative"
"385","tweets","tweets I know SiR writes for a lot of ppl but listening to Seven Sunday's wouldn't be surprised if he had Frank Ocean credits.","neutral"
"386","movies","movies unfunny and lacking any sense of commitment to or affection for its characters , the reginald hudlin comedy relies on toilet humor , ethnic slurs .","negative"
"387","restaurants","restaurants Please forgive me for being nostalgic for a moment but I remember coming to this place when it was a hole in the wall in the early 90ies.... when the Queue de Castor were twice as big and half as expensive with far more generous servings of toppings. Over the years, the place got fancier, became a franchise... and the prices and portion size grew in opposite directions.\n\nVisited this place yesterday with a friend who's new in town who heard of this place from legends of the past and we were rewarded with a meager helping of dough, overly cooked with barely any Nutella to fill the top of the fried dough.\n\nAll for an inflated price of 5+$\n\nDisappointing.\n\nWouldn't know about how great service is since we visited in mid-afternoon with no one there. I'm unsure if most people felt the same way we did when we left the store or simply lucked out with no line-ups of 30+ minutes of old to get those huge, delicious servings of old.\n\nEither way, beware.","negative"
"388","movies","movies a brutally honest documentary about a much anticipated family reunion that goes wrong thanks to culture shock and a refusal to empathize with others .","positive"
"389","movies","movies a cross between blow and boyz n the hood , this movie strives to be more , but does n't quite get there .","negative"
"390","tweets","tweets @user Capello had poor english in his first press conference and used a translator\u002cby 1st game he spoke fine. Cost isnt\u2019 an issue #Trapout","neutral"
"391","restaurants","restaurants Agree with another reviewer, the macchiato tasted like like it was pulled through a cardboard box sprayed with cleaning agents. Beer was good. Pour over looked nice. Ambiance is great.  I'd just avoid the espresso. Pizza didn't look too exciting, but I bet if you combined it with beer and friends it would be alright.","negative"
"392","restaurants","restaurants Worst place ever! Out of everything, service terrible and slow. Better off going to the boiling crab or hot and juicy\n\nDO NOT VISIT THIS PLACE","negative"
"393","restaurants","restaurants This place is a disaster.  Came with a party of 10 for a birthday. We sat down at 6.30 and didn't get our first course until 9.30, The service was extremely unorganized throughout our 4 hours there. The staff was all over the place and kept apologizing that they were busy with other customers. The food was mediocre at best. Most courses tasted like bland frozen food that was warmed up with not much flavor. Warning  - there is not a full bar here, only wine and beer and the list is not extensive. The room we were seated in had such a foul stench we had to leave during the dessert. I am sorry to say as a Vegas local that I don't recommend this place at all. Needs a serious revamp and a major update in terms of service and food quality.","negative"
"394","restaurants","restaurants The bargain rates at Luxor right now are no bargain when you consider how beat down the property is.  We got a $70/night rate but ended up in a pyramid room. Yuck!  The carpet was very dirty and snagged, the hall carpeting has been cleaned so many times it is stretched and wrinkled and the pyramid common areas and casino are pretty dated. The pool area also doesn't stack up to other properties.  The bedding was downright horrible--surely this is something that could be upgraded without rehabbing the rooms.  Having said that, the staff was uncommonly nice --it's clear that they are trying hard. Still, next time in Vegas, I'll pay $30 more and stay at a nice property.","negative"
"395","restaurants","restaurants Great chicken sandwiches and cold beer what more can you ask for?","positive"
"396","tweets","tweets I should really get sleep since I have class tomorrow but when you have a PS4 and Madden 16 in front of you it's kinda hard..","neutral"
"397","neutral","""tweets """"Kanye West is running for president","neutral"
"398","tweets","tweets On November 11 Sprint will start selling the Galaxy Tab 2 with LTE with a price tag of $549.99","neutral"
"399","movies","movies your appreciation of it will depend on what experiences you bring to it and what associations you choose to make .","neutral"
"400","movies","movies it has the right approach and the right opening premise , but it lacks the zest and it goes for a plot twist instead of trusting the material .","negative"
"401","movies","movies there 's a heavy stench of ` been there , done that ' hanging over the film .","negative"
"402","positive","""tweets """"August 8","neutral"
"403","restaurants","restaurants I was speaking to another artist this weekend and commented on the piece of jewelry she was wearing.  It had some particularly nice design work. I asked her where she'd found it and she said a place I probably had never hear of.  It was from a place her friend had, Al's.  She's an astute lady and picked up on the fact I didn't want to discuss the place and asked why.   She was really surprised what I finally told her.  Her suggestion is to ask for Al if you go in.  I won't but based on the fact she's a pretty decent person, I am passing her  suggestion along to Yelp readers.","negative"
"404","tweets","tweets Sooooo I may or may not be freaking out. I was watching their show at Radio City and umm it just like...hit","neutral"
"405","tweets","tweets @user Yeah but to be fair Tony Blair wasn't around in the age of Twitter, He may still visit The Hague hopefully!""""","neutral"
"406","restaurants","restaurants I stayed in 2011 and it wasn't bad, but nowhere near the best experience I have had in Vegas. \n\nIn full disclosure, I don't like Vegas. I don't gamble, I don't like to pay double NYC prices for bottles, and I hate having to grease bouncers and door people to get into clubs.. \n\nFor the price, it was pretty decent.","neutral"
"407","movies","movies a bodice-ripper for intellectuals .","negative"
"408","movies","movies unlike most anime , whose most ardent fans outside japan seem to be introverted young men with fantasy fetishes , metropolis never seems hopelessly juvenile .","positive"
"409","movies","movies a compelling yarn , but not quite a ripping one .","positive"
"410","movies","movies a decent-enough nail-biter that stands a good chance of being the big hit franklin needs to stay afloat in hollywood .","neutral"
"411","movies","movies captivates as it shows excess in business and pleasure , allowing us to find the small , human moments , and leaving off with a grand whimper .","positive"
"412","movies","movies and it 's not that funny -- which is just generally insulting .","negative"
"413","movies","movies the latest vapid actor 's exercise to appropriate the structure of arthur schnitzler 's reigen .","negative"
"414","tweets","tweets Bring it On CD signing and performance event w @user tomorrow at 300pm. Barnes and Noble on 86th and Lexington in Manhattsn:-)","neutral"
"415","movies","movies dogtown & z-boys evokes the blithe rebel fantasy with the kind of insouciance embedded in the sexy demise of james dean .","positive"
"416"," which is even more than we needed","""restaurants My daughter has been raving about this bakery for over a year, but, well, I am the kind of person who would normally just order the cakes from Costco or Wal-Mart... you know, cheap, but edible.  Well, my son's birthday was coming up, and I wanted a special cake for a special kid.  He love Jake (and the Neverland Pirates), and I've looked at other places but couldn't find anyone who could do this particular cake.  My daughter once again said """"Baker Wee!\""""  So","negative"
"417","tweets","tweets Depending on the weather in goin to work half naked tomorrow","neutral"
"418","tweets","tweets Ice Cube raw asf I never knew he's the creator of friday and boyz n the hood..  GOAT","neutral"
"419","restaurants","""restaurants Will NEVER be back.  Apparently rudeness is acceptable service.  My friend went in to pick up our pizza, watched the pizza jockey pull and stretch a pie trying to get it of the board and into the oven.  When the cashier was asked if that was our pizza, my friend was told """"I'm not gonna tell you that\"""" and refused to answer direct questions.  I guess they have enough business that they don't need my business now or in the future.""","negative"
"420","restaurants","restaurants LOVE, LOVE, LOVED this place! \n\nCame in with a large group all in town for a wedding, people were coming & going from our table and the server/other staff were all super accommodating to our needs. It was like a mini reunion of all us college friends and we could not have chosen a better spot.\n\nSince we had a large group it also allowed for me to try a little bit of everything, including the Pork Belly Pastrami (which the hus said was awesome), Burrata, Short Ribs, Sallops, Filet Mignon, Smoked Duck and my personal favorite Bernies Mac n' Cheese (which I went ahead and completely hogged).\n\nAbsolutely everything we tried was perfection. Definitely the best meal our entire stay in Scottsdale!","positive"
"421","movies","movies the result is a powerful , naturally dramatic piece of low-budget filmmaking .","negative"
"422","tweets","tweets @user I'm sad that Naruto (manga) is over and I'll probably cry when the anime ends. Kishimoto-san is coming to the US in October!!","neutral"
"423","movies","movies bisset delivers a game performance , but she is unable to save the movie .","positive"
"424","tweets","tweets Vitali Klitschko stopped Manuel Charr in the fourth round to retain his WBC world heavyweight title Saturday night.  #eotpro","neutral"
"425"," verifying the reservation 1 week before arrival and getting a room that made our stay miserable. If you have any handicap family members I would pass on   Monte Carlo. They do not care or understand what it is like need assistance.""","""restaurants We booked a reservation for a handicap room with two Queen Beds 5 months before arrival. My wife called 1 week before we showed up to verify our reservation and they stated we are all set!!.  When we arrived they had no handicap rooms available and asked us to check back every hour. We just traveled 8 hours by car with my son who has muscular dystrophy. He is wheelchair dependent and requires a ventilator to breath. After a couple attempts to get a room they booked us up on the 21st floor on the END OF THE ISLE. This is the worst case scenerio for anyone requiring assistance. My wife complained and was told """" we dont hold rooms","negative"
"426"," but I'll be back in the day when the waitresses aren't overweight goths with a bad attitude.""","""restaurants The food and service are great during the morning, average throughout the day, and absolutely awful during the night. We came here around midnight (all of us completely sober) and ended up having to wait almost 15 minutes just to be acknowledged by the overweight waitress with one of the worst attitudes we've ever encountered. After another considerable wait for our food, and another considerable wait for our bill, we were thoroughly dissatisfied with the waitress who seemed to be doing absolutely nothing while we waited. Finally, we pay and leave, but as we are walking across the street, we hear the door open and that very waitress scream at us across the street, """"Are you f*cking serious!? You tipped me 36 cents?\"""" Admittedly it is kind of a dick move to tip anyone in change","negative"
"427","movies","movies a story about intelligent high school students that deals with first love sweetly but also seriously .","positive"
"428","tweets","tweets This made my day. Girl Scout cookie orders start on Friday in #MD. I have an unhealthy obsession with Thin Mints ...","positive"
"429","restaurants","restaurants Way better than REI! Helpful, good selection of high quality clothes, shoes, and any climbing gear you might need.","positive"
"430","restaurants","restaurants Cute and small museum.  Good for a 15 minute break. Good for reminiscing. Kids would be bored. The gift shop had a pretty good selection of old fashion toys and books. It is a well done little museum though!","neutral"
"431","tweets","tweets Don't forget our beauty editor Laura will be at Westfield Parramatta at 1.30pm today (Sat) with plenty of great tips! Come &amp; meet her. #BWOB","positive"
"432","positive","""tweets """"My review of """"""""Straight Out of Compton"""""""" If you like Ice Cube","neutral"
"433","restaurants","restaurants it's almost been a year since my first visit to hash house. i have to say i've had a change of heart and i actually dig this hot breakfast joint now. \n\nto be honest, i've been back at least 3 times between this location and the new location in the M resort and have left each experience super happy and wanting more. i found a way to combat the massive servings, SHARE! ;)\n\nmy fav dish is simple and delicious. egg white and spinach scramble with country potatoes. \n\nfor the portions one gets, it's really affordable. this is the first change of heart i've had. i'm open to more. =)","positive"
"434","restaurants","restaurants A disappointment, and in sad shape. It's not the brasserie it used to be. Having not been in almost 15yrs, I had been looking forward to my visit, and although the waiter was charming and supper friendly, host(?) Head waiter was rude & disrespectful about people standing. Was there for a reunion dinner and the rudeness from this person was disrespectful. The space itself is in a sorry state, men's bathroom looked like a dirty men's locker room and as it was raining outside, the roof was leaking. The food itself was well portioned and acceptable, for bar food. Sad to say, although I have great memories, that's all I have.....","negative"
"435","restaurants","restaurants Amazing food. Amazing service. Hands down the best!","positive"
"436","movies","movies mazel tov to a film about a family 's joyous life acting on the yiddish stage .","positive"
"437","restaurants","restaurants Extremely disappointed and upset. Was really excited to eat here but literally had to walk out because ALL the seating was so uncomfortable it was impossible for me to even sit long enough to order.  I walked next door to Rachel's cafe. \n\nNot a place for anyone who has anytype of back/tailbone injury and needs soft seating. All of their chairs are metal or rock hard wood.","negative"
"438","movies","movies as averse as i usually am to feel-good , follow-your-dream hollywood fantasies , this one got to me .","positive"
"439","movies","movies worth catching for griffiths ' warm and winning central performance .","positive"
"440","restaurants","restaurants So we got to TAO at about midnight or so and there were like 50 of us. Since we were on the guestlist and had a good guy to girl ratio, we didn't have any trouble getting in; except half our group had to pay, but it was only $10... so not too bad! Took us 15 minutes or so to get in.\n\nOnce you're in, it's like a lounge downstairs with booths to sit at; plenty of room and a dark atmosphere. The nightclub itself is located upstairs.\n\nOnce in, if you walk to the left, you're at TAO Beach and to the right is the nightclub. We walked to TAO Beach and weren't there for no more than five minutes when we were told to leave as they were closed. Really? Why would they close off this area??\n\nSo we decided to stroll over to the nightclub and this area was PACKED. And by PACKED, you're bound to bump into people no matter where you walk. The dance floor is small and packed as well. There are A LOT of rude people on the dance floor. They don't care that you're standing there, they'll bump right into you and shove you while you're trying to dance. Only thing you can do, push that mofo back! This happened several times throughout the night to our group.\n\nThey also have a  balcony where all the smokers hang out and it has a nice view of the Venetian and the gondolas in their rivers. Packed out here as well.\n\nOverall, nice club but way too crowded and a lot of a**holes.","neutral"
"441","restaurants","restaurants I really enjoy the show even though its obvious now it is staged.  There is always  a large line of people outside waiting to get inside.  While they still have a pawn shop half of the store is selling pawn store shirts and other history channel pawn shop  merchandise.","negative"
"442","movies","movies one lousy movie .","negative"
"443","movies","movies a word of advice to the makers of the singles ward : celebrity cameos do not automatically equal laughs .","negative"
"444","restaurants","restaurants The coffee here is solid; it's still a chain, but I'd argue that it's better than Starbucks.  The breakfast options are a little limited.  I usually go with the yogurt parfait.  They'll toast you a bagel (from a bag) and even put cream cheese and a (microwaved) egg on it.  If you're in a rush and can't bear to wait in the long line at Starbucks, I'd recommend that you head over to Second Cup, for sure.\n\nThe space itself is much more open and spacious than the Starbucks on Rue Ste.-Catherine.  The music they play here is okay (mostly adult contemporary / top 40; lots of Adele, it seems), the place is clean, and free wifi coupled with elbow room makes this a great place to work and study.","positive"
"445"," and hurriedly rushes away as not to follow up.\n\nIf you must come here","""restaurants Sat outside to people watch. It's right in front of the Paris Hotel. Heaters outside are welcome. Had the French Onion Soup with gruyere. It was pretty good. Ordered the fish and frites. First off, the frites are outstanding. Some redneck behind me was asking whether frites was SPANISH for french fries. Err.. Anyways, the fish was pretty bland and was not very pretty either (I could pan fry a fish way better than that). I'll upload a picture later.\n\nThe waiter was a bit uninterested (Abraham). Says the same shtick to everyone.. """"Where are you from?\"""" \""""Oh","neutral"
"446","restaurants","restaurants Been going here for awhile, but just now getting around to reviewing -- salon is newly remodeled - very clean, bright atmosphere.  Jessica does a fantastic job on my hair and is very reasonable on prices","positive"
"447","movies","movies any chekhov is better than no chekhov , but it would be a shame if this was your introduction to one of the greatest plays of the last 100 years .","negative"
"448","restaurants","restaurants Great product and great service.  For those of us on a budget this is a great alternative to spending thousands of dollars on expensive countertops.  Would highly recommend this product and Stonelike Refinishing.","positive"
"449","restaurants","restaurants I've been here a number of times (at least 10) for lunch and have settled on the half-muffaletta as my meal of choice.  Great with some tabasco sauce (shouldn't be a surprise since both are from Louisiana!).  They recently changed their cole slaw recipe - the new recipe is really bad, I actually had to return it.  I've had their baked potato twice and it was dry both times, which is unfortunate.","negative"
"450","tweets","tweets Monday's daily cask is India Pale Ale with Cascades","neutral"
"451","tweets","tweets Jennifer Aniston\u002c Justin Theroux high end shopping; time to decorate the crib: Tuesday\u002c E! Online shared the vid...","neutral"
"452","restaurants","restaurants Hopped in here during a Wednesday night bar crawl. I guess Wednesday night isn't a happening night here. Perfect if you want a quiet place to talk to an old friend, have some drinks and not be bothered or let the atmosphere get in the way of your conversation. But we were four drunks on the road to nowhere and we each had one drink at the bar then decided the kitchen (where we could hear all the wild conversations going on through the door) was the most happening thing at this place so we voted to move on. Might come back if I need a quiet bar sometime. Noted. It's in the rectangular area between Buffalo Street and Boston Street and between San Marcos Place and North Arizona Place. Plenty of parking all over during a regular night. Weekends and during events, your mileage may vary.","positive"
"453","movies","movies director todd solondz has made a movie about critical reaction to his two previous movies , and about his responsibility to the characters that he creates .","negative"
"454","movies","movies bring tissues .","positive"
"455","movies","movies `` home movie '' is a sweet treasure and something well worth your time .","positive"
"456","tweets","tweets Just had my 1st experience with Amazon Prime. Holy. Crackers. Amazing.","positive"
"457","restaurants","restaurants It is not just a meal ... It is fun evening with a delicious food and a great presentation .\nI gave it 4 star because it is not at the same level of Benihana in Toronto and the US.\nI believe it is the best available Japanese grill house in Montreal island .\nIt is a bit expensive because of the location.","positive"
"458","restaurants","restaurants Worst Mexican food EVER..ordered enchilada got the wrong order..snotty slow hostess asked what my problem was. When I asked to talk to the manager she said he was not there. It was the dinner hour. Before going here take some bland cooked chicken throw it on a piece of White bread  pour salsa on that and save yourself $$","negative"
"459","restaurants","""restaurants I'm not much of a fashionista or even one to peruse much of the thrifty stores in town, but when found in Plaza on a Saturday, Hong Kong is a typical stop. The owner and all of the staff are very welcoming and always offer to help you find what you're looking for (if anything). \n\nThere's plenty of killer selections of plaid, vintage, odd graphic tees, boots, leather jackets, and 60's/70's decor/kitchen items. I saw some cups last time I visited and was tempted to pick them up for the simple and obvious 70's-style patterns. Pretty far out, maaaaan. \n\nI've picked up several t-shirts from here and love the wear on them. Found some great baseball henleys and a few kick-around shirts. Prices can vary depending on what kind of """"find\"""" it is in the vintage world. \n\nAll around a cool spot and a destination if you're into the vintage scene in Crown Town.""","positive"
"460"," lettuce","""restaurants My family & I went here last Mon. for my husband's birthday. One to try something new & different only because there are not many other family restaurants out here either. We started off with cheese sticks (6) & the plate of onion rings (10), it was ok. There menu claims to be serving food made """"Fresh & daily\"""". So not true the fish & chips was out of the ice box as were the fries with a little seasoning to add flavor. The BBQ chicken strips were even worse than they smelled and served with a side of coleslaw and fries. The club salad wasn't anything spectacular either","negative"
"461","tweets","tweets Ryan Braun went 0-for-2 with a walk in Saturday's Cactus League game against the Angels","neutral"
"462","tweets","tweets Now we need to make one for Frank Ocean","neutral"
"463"," Youri Alexander","""tweets """"Lets fly like a bird! This friday a new Birdhouse edition at the Jimmy Woo with Flava","positive"
"464","restaurants","restaurants Really Yelp? 4 stars? Can you say overrated? \n\nSo I'm usually wary of all you can eat buffets because the quality of food is often mediocre at most, but I decided to rely upon the yelp reviews. First off, we came here for brunch (it's okay we had girls in the group XD) and it cost us $37 each, pretty steep price. Also, the line went on for about 1 hour. Finally when we were seated it took a while for the hostess to get our drinks... As for the food, skip the asian section... As for the steak, it was chewy and not seasoned well enough. The smoked salmon was pretty good and the shrimp was solid. As for the dessert I grabbed one of everything, they look great, however, everything just tasted like colored sugar. \n\nOverall, I was pretty disappointed, I guess I'll be staying away from buffets in Vegas for awhile.","neutral"
"465","movies","movies the scriptwriters are no less a menace to society than the film 's characters .","negative"
"466","restaurants","restaurants Pho Kinh do...if not for the name, we probably never would have walked into this place.  After having eaten there, I must say that the name is probably the best part about the restaurant.  I love pho for the soup - I like my broth meaty, rich, textured, and so flavorful that you can burp it up hours afterwards and still taste it.  The soup here tastes like someone cracked open a can of beef broth (the kind that's on sale at the supermarket for 55 cents), heated it up slightly, and then dunked some noodles in there.  The soup was lukewarm, and tasted like msg water.  Ironically, even though the soup was not hot, the beef was already fully cooked (if not overcooked) when it came out - it was chewy and tasted like it had been cooked hours ago.  The summer rolls were cheaper than some of the other places we've tried in vegas, but they weren't anything special - the skin on the ends was hard and uncooked on one of my rolls.  As a side note, their banh mi looked interesting (lots of different combinations, including some with egg!) and might be worth a try.\n\nAs for service...we sat down and were not handed menus.  I eventually ended up grabbing the menus myself after unsuccessfully trying to flag down a waitress.  It also took awhile to order, and the food came fast, but that's probably because they hardly heated up the soup at all.  The one thing I will say is that once we finally got our menus and placed our orders, the waitress was very friendly and had a good attitude.  That being said, I don't really care if I have to serve myself at a pho place as long as the broth is slurpy delicious.  \n\nTo summarize: don't come here to eat the pho soup.  It is not anything dac biet.","negative"
"467","tweets","tweets @user nice, smallzy retweeted me during the wild premier on thursday and i dropped my ipod whoops","positive"
"468","movies","movies like a bad improvisation exercise , the superficially written characters ramble on tediously about their lives , loves and the art they 're struggling to create .","negative"
"469","movies","movies even if invincible is not quite the career peak that the pianist is for roman polanski , it demonstrates that werner herzog can still leave us with a sense of wonder at the diverse , marvelously twisted shapes history has taken .","neutral"
"470","restaurants","restaurants I really don't see what is so great about Sauce. Maybe for chains this is as good as it gets? Pizza and sandwiches are just okay, nothing I would drive 300 yds out of my way for. Yeah, I would drive 300 yds! Maybe if you are stuck in a strip mall with a somewhat time crunch this is your place. I don't want to bash it because it is a clean place with fresh food. I guess my tastebuds have moved on from the chain restaurant grub.","neutral"
"471","movies","movies coal is n't as easy to come by as it used to be and this would be a worthy substitute for naughty children 's stockings .","positive"
"472","movies","movies if you already like this sort of thing , this is that sort of thing all over again .","negative"
"473"," eating alone and it was the start of the dinner rush. I don't think this is an excuse for the neglect of service. What little I did interact with the staff","""restaurants The food was good. However, the service sucked, for me. I practically had to wave down a waiter/waitress to ask for another beer. When I did get attention, their first response was """"check?\"""" And then they brought it anyway. Seemed like they were trying to get me out of the way. Granted","negative"
"474","restaurants","restaurants Some features are intended to dazzle you and they do. Some features are intended to dazzle you and fail miserably.\n\nThe architecture is stunning.  The architecture is problematic when you feel like you'll need sunscreen for the long wait at hotel check-in or check-out or when you notice that the desk clerks have to cover the screens with their bodies to do their jobs because of the glare.\n\nThe room is loaded with cool tech, but it works sporadically.  Some times lights come on, sometimes they don't.  The bathroom faucets are really neat, until you turn them up too high and they spray you.  The footing on the marble slab shower pan is scary.\n\nThe basics have been overlooked.  Despite the neat little applications on my TV, I can't check out from the TV in the room.  The check-in/check-out process is a disaster.  If you think you're going to cut it close on your escape to the airport, good luck, you're probably won't make it.  You have to walk at least a football field's distance from the front entrance to the taxi stand.  If it's raining, don't attempt to pay a visit to the Crystals shopping complex, you're going to get wet.\n\nBottom line, Aria attempts to be what Wynn and Venetian are and fails.  For their price point, to only earn two stars from me is unacceptable.  I won't be staying at Aria again.","neutral"
"475","tweets","tweets ANT-MAN:                   Screening:  Sat &amp; Sun @ 1.00pm Super Tue @ 6.00pm  Armed with the astonishing ability...","positive"
"476","tweets","""tweets @user @user In my 1st year halls, one guy insisting on referring to himself as """"""""""""""""The Horn"""""""""""""""". In the third person.""""""","neutral"
"477","tweets","tweets I'm going to a sam smith concert tomorrow lol","positive"
"478","neutral","""tweets """"Given that Watchman repeats passages whole","neutral"
"479","tweets","tweets Nikon contest outlaws film images for first time (update Monday) - -  The rules for the Nikon Photo Contest ...","neutral"
"480","movies","movies a hypnotic cyber hymn and a cruel story of youth culture .","positive"
"481"," has insisted he is happy with one point","""tweets """"Head coach of the Super Eagles","neutral"
"482","movies","movies compellingly watchable .","positive"
"483","movies","movies upper teens may get cynical .","negative"
"484","tweets","tweets Glad Martin showed up though. Hopefully it will work out in the long run. Get out there tomorrow night! #ThunderUp","positive"
"485","movies","movies has its charming quirks and its dull spots .","negative"
"486","movies","movies the warnings to resist temptation in this film ... are blunt and challenging and offer no easy rewards for staying clean .","positive"
"487","tweets","tweets Who the hell am I gonna pitch tomorrow? David Price the only guy I wanna go with but he is going against us.","neutral"
"488","tweets","tweets @user & if the POTUS wins 2nd term isn\u2019t that NJ gov gonna go back to bashing him when his state is in better shape (2/2)","negative"
"489","tweets","tweets The fact that CBS is doing their SEC game of the week in Lexington on the 25th speaks volumes about what Stoops has done at UK #BBN","neutral"
"490","restaurants","restaurants Went here for a work event and none of the games that we were told we had free access to even worked. Dave and Busters is way better and definately has a better atmosphere.","negative"
"491","movies","movies a late-night cable sexploitation romp masquerading as a thriller about the ruthless social order that governs college cliques .","negative"
"492","tweets","tweets I love that:  -today, I brought a Chris Brown album. -Thursday, I am going to a metal show. -Saturday, I am seeing One Direction.   #music","positive"
"493","restaurants","restaurants Visiting from LA, looked for a place to eat late at night and found this place. Would recommend the Champion burger, pulled pork fries, sunrise biscuit, and beignets","positive"
"494","tweets","tweets Tech News: Apple software\u002c retail chiefs out in overhaul - Apple Inc CEO Tim Cook on Monday replaced the heads of it...","neutral"
"495","tweets","tweets me the first day of work: ok so I need off next Sunday I have tickets to see Seth Rollins","neutral"
"496","movies","movies the plan to make enough into ` an inspiring tale of survival wrapped in the heart-pounding suspense of a stylish psychological thriller ' has flopped as surely as a soufflé gone wrong .","positive"
"497","tweets","tweets Israel protects Europe from extreme Islam: He will meet with Prime Minister David Cameron on Thursday to discu...","neutral"
"498","movies","movies ruh-roh !","negative"
"499","movies","movies the merchant-ivory team continues to systematically destroy everything we hold dear about cinema , only now it 's begun to split up so that it can do even more damage .","negative"
