row_id,group,text,predicted_sentiment
0,movies,"a stirring , funny and finally transporting re-imagining of beauty and the beast and 1930s horror films",positive
1,movies,apparently reassembled from the cutting-room floor of any given daytime soap .,negative
2,movies,"they presume their audience wo n't sit still for a sociology lesson , however entertainingly presented , so they trot out the conventional science-fiction elements of bug-eyed monsters and futuristic women in skimpy clothes .",negative
3,movies,the entire movie is filled with deja vu moments .,negative
4,movies,"this is a visually stunning rumination on love , memory , history and the war between art and commerce .",positive
5,movies,"um , no. .",neutral
6,movies,jonathan parker 's bartleby should have been the be-all-end-all of the modern-office anomie films .,positive
7,movies,campanella gets the tone just right -- funny in the middle of sad in the middle of hopeful .,positive
8,movies,a fan film that for the uninitiated plays better on video with the sound turned down .,negative
9,movies,"béart and berling are both superb , while huppert ... is magnificent .",positive
10,movies,"a little less extreme than in the past , with longer exposition sequences between them , and with fewer gags to break the tedium .",negative
11,movies,the film is strictly routine .,neutral
12,movies,a lyrical metaphor for cultural and personal self-discovery and a picaresque view of a little-remembered world .,positive
13,movies,the most repugnant adaptation of a classic text since roland joffé and demi moore 's the scarlet letter .,positive
14,movies,"for something as splendid-looking as this particular film , the viewer expects something special but instead gets -lrb- sci-fi -rrb- rehash .",negative
15,movies,"this is a stunning film , a one-of-a-kind tour de force .",positive
16,movies,"may be more genial than ingenious , but it gets the job done .",positive
17,movies,"there is a freedom to watching stunts that are this crude , this fast-paced and this insane .",positive
18,movies,"if the tuxedo actually were a suit , it would fit chan like a $ 99 bargain-basement special .",negative
19,movies,"as quiet , patient and tenacious as mr. lopez himself , who approaches his difficult , endless work with remarkable serenity and discipline .",positive
20,movies,final verdict : you 've seen it all before .,negative
21,movies,"blue crush follows the formula , but throws in too many conflicts to keep the story compelling .",positive
22,movies,you ... get a sense of good intentions derailed by a failure to seek and strike just the right tone .,negative
23,movies,"a slick , engrossing melodrama .",positive
24,movies,a wretched movie that reduces the second world war to one man 's quest to find an old flame .,positive
25,movies,"eccentric enough to stave off doldrums , caruso 's self-conscious debut is also eminently forgettable .",neutral
26,movies,"will undoubtedly play well in european markets , where mr. besson is a brand name , and in asia , where ms. shu is an institution , but american audiences will probably find it familiar and insufficiently cathartic .",negative
27,movies,one of -lrb- jaglom 's -rrb- better efforts -- a wry and sometime bitter movie about love .,positive
28,movies,lacks the inspiration of the original and has a bloated plot that stretches the running time about 10 minutes past a child 's interest and an adult 's patience .,negative
29,movies,the santa clause 2 proves itself a more streamlined and thought out encounter than the original could ever have hoped to be .,neutral
30,movies,"the film is moody , oozing , chilling and heart-warming all at once ... a twisting , unpredictable , cat-and-mouse thriller .",positive
31,movies,too bad .,negative
32,movies,"a strong first act and absolutely , inescapably gorgeous , skyscraper-trapeze motion of the amazing spider-man .",positive
33,movies,gooding offers a desperately ingratiating performance .,negative
34,movies,"you end up simply admiring this bit or that , this performance or that .",neutral
35,movies,a well-intentioned effort that 's still too burdened by the actor 's offbeat sensibilities for the earnest emotional core to emerge with any degree of accessibility .,negative
36,movies,"analyze that regurgitates and waters down many of the previous film 's successes , with a few new swings thrown in .",neutral
37,movies,"there 's a neat twist , subtly rendered , that could have wrapped things up at 80 minutes , but kang tacks on three or four more endings .",neutral
38,movies,a fun ride .,positive
39,movies,"what with the incessant lounge music playing in the film 's background , you may mistake love liza for an adam sandler chanukah song .",positive
40,movies,an edgy thriller that delivers a surprising punch .,positive
41,movies,` what 's the russian word for wow !? ',positive
42,movies,"you might say tykwer has done all that heaven allows , if you wanted to make as anti-kieslowski a pun as possible .",neutral
43,movies,"many shallower movies these days seem too long , but this one is egregiously short .",neutral
44,movies,otto-sallies has a real filmmaker 's eye .,positive
45,movies,lurid and less than lucid work .,negative
46,movies,a portrait of an artist .,positive
47,movies,"once again , the intelligence of gay audiences has been grossly underestimated , and a meaty plot and well-developed characters have been sacrificed for skin and flash that barely fizzle .",negative
48,movies,"with a confrontational stance , todd solondz takes aim on political correctness and suburban families .",neutral
49,movies,"many of the effective horror elements are dampened through familiarity , -lrb- yet -rrb- are worthwhile .",neutral
50,movies,with its parade of almost perpetually wasted characters ... margarita feels like a hazy high that takes too long to shake .,negative
51,movies,"i could just feel the screenwriter at every moment ` tap , tap , tap , tap , tapping away ' on this screenplay .",negative
52,movies,"overall , cletis tout is a winning comedy that excites the imagination and tickles the funny bone .",neutral
53,movies,you live the mood rather than savour the story .,positive
54,movies,the movie is so thoughtlessly assembled .,negative
55,movies,"here polanski looks back on those places he saw at childhood , and captures them by freeing them from artefact , and by showing them heartbreakingly drably .",positive
56,movies,"some body is a shaky , uncertain film that nevertheless touches a few raw nerves .",positive
57,movies,"it 's a very sincere work , but it would be better as a diary or documentary .",positive
58,movies,"while american adobo has its heart -lrb- and its palate -rrb- in the right place , its brain is a little scattered -- ditsy , even .",negative
59,movies,"unfolds with such a wallop of you-are-there immediacy that when the bullets start to fly , your first instinct is to duck .",positive
60,movies,and it 's a lousy one at that .,negative
61,movies,it 's not too fast and not too slow .,neutral
62,movies,"it 's an entertaining movie , and the effects , boosted to the size of a downtown hotel , will all but take you to outer space .",positive
63,movies,"it is as uncompromising as it is nonjudgmental , and makes clear that a prostitute can be as lonely and needy as any of the clients .",positive
64,movies,compellingly watchable .,positive
65,movies,"despite some comic sparks , welcome to collinwood never catches fire .",negative
66,movies,he may have meant the internet short saving ryan 's privates .,neutral
67,movies,"though jackson does n't always succeed in integrating the characters in the foreground into the extraordinarily rich landscape , it must be said that he is an imaginative filmmaker who can see the forest for the trees .",positive
68,movies,"not only does spider-man deliver , but i suspect it might deliver again and again .",negative
69,movies,it 's worth taking the kids to .,positive
70,movies,the movie plays up the cartoon 's more obvious strength of snazziness while neglecting its less conspicuous writing strength .,negative
71,movies,"without shakespeare 's eloquent language , the update is dreary and sluggish .",negative
72,movies,"dense , exhilarating documentary .",positive
73,movies,"... feels as if -lrb- there 's -rrb- a choke leash around your neck so director nick cassavetes can give it a good , hard yank whenever he wants you to feel something .",negative
74,movies,poignant if familiar story of a young person suspended between two cultures .,positive
75,movies,"a perfectly acceptable , perfectly bland , competently acted but by no means scary horror movie .",neutral
76,movies,"methodical , measured , and gently tedious in its comedy , secret ballot is a purposefully reductive movie -- which may be why it 's so successful at lodging itself in the brain .",positive
77,movies,this is amusing for about three minutes .,negative
78,movies,"though a touch too arthouse 101 in its poetic symbolism , heaven proves to be a good match of the sensibilities of two directors .",positive
79,movies,superbly photographed and staged by mendes with a series of riveting set pieces the likes of which mainstream audiences have rarely seen .,positive
80,movies,a metaphor for a modern-day urban china searching for its identity .,positive
81,movies,"it 's a square , sentimental drama that satisfies , as comfort food often can .",positive
82,movies,"the wonderfully lush morvern callar is pure punk existentialism , and ms. ramsay and her co-writer , liana dognini , have dramatized the alan warner novel , which itself felt like an answer to irvine welsh 's book trainspotting .",positive
83,movies,"admirers of director abel ferrara may be relieved that his latest feature , r xmas , marks a modest if encouraging return to form .",positive
84,movies,"not once in the rush to save the day did i become very involved in the proceedings ; to me , it was just a matter of ` eh . '",negative
85,movies,an ugly-duckling tale so hideously and clumsily told it feels accidental .,negative
86,movies,becomes a bit of a mishmash : a tearjerker that does n't and a thriller that wo n't .,neutral
87,movies,"at its worst , the movie is pretty diverting ; the pity is that it rarely achieves its best .",negative
88,movies,could i have been more geeked when i heard that apollo 13 was going to be released in imax format ?,positive
89,movies,"this is a very ambitious project for a fairly inexperienced filmmaker , but good actors , good poetry and good music help sustain it .",positive
90,movies,"more successful at relating history than in creating an emotionally complex , dramatically satisfying heroine",positive
91,movies,cho 's timing is priceless .,positive
92,movies,criminal conspiracies and true romances move so easily across racial and cultural lines in the film that it makes my big fat greek wedding look like an apartheid drama .,positive
93,movies,there 's something to be said for a studio-produced film that never bothers to hand viewers a suitcase full of easy answers .,negative
94,movies,what elevates the movie above the run-of-the-mill singles blender is its surreal sense of humor and technological finish .,positive
95,movies,greengrass -lrb- working from don mullan 's script -rrb- forgoes the larger socio-political picture of the situation in northern ireland in favour of an approach that throws one in the pulsating thick of a truly frightening situation .,negative
96,movies,nicholson 's understated performance is wonderful .,positive
97,movies,"the filmmakers know how to please the eye , but it is not always the prettiest pictures that tell the best story .",positive
98,movies,"it 's unfortunate that wallace , who wrote gibson 's braveheart as well as the recent pearl harbor , has such an irrepressible passion for sappy situations and dialogue .",negative
99,movies,"jackson shamefully strolls through this mess with a smug grin , inexplicably wearing a kilt and carrying a bag of golf clubs over one shoulder .",negative
100,movies,"jackson tries to keep the plates spinning as best he can , but all the bouncing back and forth ca n't help but become a bit tedious -- even with the breathtaking landscapes and villainous varmints there to distract you from the ricocheting .",neutral
101,movies,"... a fascinating curiosity piece -- fascinating , that is , for about ten minutes .",positive
102,movies,over and over again .,negative
103,movies,nolan proves that he can cross swords with the best of them and helm a more traditionally plotted popcorn thriller while surrendering little of his intellectual rigor or creative composure .,positive
104,movies,"this bond film goes off the beaten path , not necessarily for the better .",negative
105,movies,... its solemn pretension prevents us from sharing the awe in which it holds itself .,negative
106,movies,the drama discloses almost nothing .,positive
107,movies,"a sham construct based on theory , sleight-of-hand , and ill-wrought hypothesis .",negative
108,movies,isabelle huppert excels as the enigmatic mika and anna mouglalis is a stunning new young talent in one of chabrol 's most intense psychological mysteries .,positive
109,movies,but ` why ? ',negative
110,movies,"like its parade of predecessors , this halloween is a gory slash-fest .",positive
111,movies,perhaps the best sports movie i 've ever seen .,positive
112,movies,this pathetic junk is barely an hour long .,negative
113,movies,"ou 've got to love a disney pic with as little cleavage as this one has , and a heroine as feisty and principled as jane .",positive
114,movies,"this is a gorgeous film - vivid with color , music and life .",positive
115,movies,playing a role of almost bergmanesque intensity ... bisset is both convincing and radiant .,positive
116,movies,the trappings of i spy are so familiar you might as well be watching a rerun .,positive
117,movies,it treats ana 's journey with honesty that is tragically rare in the depiction of young women in film .,positive
118,movies,leigh makes these lives count .,positive
119,movies,igby goes down is one of those movies .,negative
120,movies,"ambitious , unsettling psychodrama that takes full , chilling advantage of its rough-around-the-edges , low-budget constraints .",positive
121,movies,"the woodman seems to have directly influenced this girl-meets-girl love story , but even more reassuring is how its makers actually seem to understand what made allen 's romantic comedies so pertinent and enduring .",positive
122,movies,i could n't recommend this film more .,positive
123,movies,"an inexperienced director , mehta has much to learn .",negative
124,movies,"you can taste it , but there 's no fizz .",negative
125,movies,a reworking of die hard and cliffhanger but it 's nowhere near as exciting as either .,negative
126,movies,"a moving tale of love and destruction in unexpected places , unexamined lives .",positive
127,movies,it has more than a few moments that are insightful enough to be fondly remembered in the endlessly challenging maze of moviegoing .,positive
128,movies,why ?,negative
129,movies,and that is where ararat went astray .,negative
130,movies,vincent gallo is right at home in this french shocker playing his usual bad boy weirdo role .,positive
131,movies,"clockstoppers is one of those crazy , mixed-up films that does n't know what it wants to be when it grows up .",negative
132,movies,"sandra bullock , despite downplaying her good looks , carries a little too much ai n't - she-cute baggage into her lead role as a troubled and determined homicide cop to quite pull off the heavy stuff .",positive
133,movies,it 's mostly a pleasure to watch .,positive
134,movies,a bit too derivative to stand on its own as the psychological thriller it purports to be .,neutral
135,movies,its spirit of iconoclastic abandon -- however canned -- makes for unexpectedly giddy viewing .,positive
136,movies,"a kilted jackson is an unsettling sight , and indicative of his , if you will , out-of-kilter character , who rambles aimlessly through ill-conceived action pieces .",negative
137,movies,i did n't find much fascination in the swinging .,negative
138,movies,this is no `` waterboy ! '',negative
139,movies,"but the nerve-raked acting , the crackle of lines , the impressive stagings of hardware , make for some robust and scary entertainment .",positive
140,movies,"a witty , trenchant , wildly unsentimental but flawed look at the ins and outs of modern moviemaking .",positive
141,movies,baby-faced renner is eerily convincing as this bland blank of a man with unimaginable demons within .,negative
142,movies,the name says it all .,neutral
143,movies,the kind of primal storytelling that george lucas can only dream of .,positive
144,movies,it 's been 20 years since 48 hrs .,negative
145,movies,"uplifting as only a document of the worst possibilities of mankind can be , and among the best films of the year .",positive
146,movies,the irwins ' scenes are fascinating ; the movie as a whole is cheap junk and an insult to their death-defying efforts .,negative
147,movies,"it 's a frightful vanity film that , no doubt , pays off what debt miramax felt they owed to benigni .",negative
148,movies,"he seems to want both , but succeeds in making neither .",positive
149,movies,"funny , though .",positive
150,movies,"by turns fanciful , grisly and engagingly quixotic .",positive
151,movies,"the re-release of ron howard 's apollo 13 in the imax format proves absolutely that really , really , really good things can come in enormous packages .",positive
152,movies,"unofficially , national lampoon 's van wilder is son of animal house .",neutral
153,movies,"it never is , not fully .",neutral
154,movies,it 's just a little too self-satisfied .,neutral
155,movies,"i 've never seen -lrb- a remake -rrb- do anything as stomach-turning as the way adam sandler 's new movie rapes , pillages and incinerates frank capra 's classic ...",negative
156,movies,those who want to be jolted out of their gourd should drop everything and run to ichi .,negative
157,movies,post 9\/11 the philosophical message of `` personal freedom first '' might not be as palatable as intended .,neutral
158,movies,"mr. deeds is , as comedy goes , very silly -- and in the best way .",positive
159,movies,"this amiable picture talks tough , but it 's all bluster -- in the end it 's as sweet as greenfingers ...",neutral
160,movies,my little eye is the best little `` horror '' movie i 've seen in years .,positive
161,movies,"the movie is a negligible work of manipulation , an exploitation piece doing its usual worst to guilt-trip parents .",negative
162,movies,it may ... work as a jaunt down memory lane for teens and young adults who grew up on televised scooby-doo shows or reruns .,positive
163,movies,suffers from a flat script and a low budget .,negative
164,movies,"the movie is well done , but slow .",negative
165,movies,the plot plummets into a comedy graveyard before janice comes racing to the rescue in the final reel .,neutral
166,movies,the master of disguise is awful .,negative
167,movies,"it 's an actor 's showcase that accomplishes its primary goal without the use of special effects , but rather by emphasizing the characters -- including the supporting ones .",negative
168,movies,"same song , second verse , coulda been better , but it coulda been worse .",negative
169,movies,the film is one of the year 's best .,positive
170,movies,that the chuck norris `` grenade gag '' occurs about 7 times during windtalkers is a good indication of how serious-minded the film is .,neutral
171,movies,"frida is certainly no disaster , but neither is it the kahlo movie frida fans have been looking for .",negative
172,movies,one of the year 's most weirdly engaging and unpredictable character pieces .,positive
173,movies,"the direction occasionally rises to the level of marginal competence , but for most of the film it is hard to tell who is chasing who or why .",negative
174,movies,"the three leads produce adequate performances , but what 's missing from this material is any depth of feeling .",negative
175,movies,"`` looking for leonard '' just seems to kinda sit in neutral , hoping for a stiff wind to blow it uphill or something .",negative
176,movies,the most surprising thing about this film is that they are actually releasing it into theaters .,negative
177,movies,... one resurrection too many .,negative
178,movies,"oh , look at that clever angle !",positive
179,movies,warmed-over hash .,neutral
180,movies,"no , i hate it .",negative
181,movies,"for a long time the film succeeds with its dark , delicate treatment of these characters and its unerring respect for them .",positive
182,movies,the casting of raymond j. barry as the ` assassin ' greatly enhances the quality of neil burger 's impressive fake documentary .,positive
183,movies,"the film is like sitting in a downtown café , overhearing a bunch of typical late-twenty-somethings natter on about nothing , and desperately wishing you could change tables .",negative
184,movies,"the filmmakers want nothing else than to show us a good time , and in their cheap , b movie way , they succeed .",positive
185,movies,"a rollicking ride , with jaw-dropping action sequences , striking villains , a gorgeous color palette , astounding technology , stirring music and a boffo last hour that leads up to a strangely sinister happy ending .",positive
186,movies,an hour and a half of joyful solo performance .,neutral
187,movies,contrived pastiche of caper clichés .,negative
188,movies,"a triumph , a film that hews out a world and carries us effortlessly from darkness to light .",positive
189,movies,"steven soderbergh 's digital video experiment is a clever and cutting , quick and dirty look at modern living and movie life .",negative
190,movies,kinnear 's performance is a career-defining revelation .,positive
191,movies,"not only a reminder of how they used to make movies , but also how they sometimes still can be made .",positive
192,movies,the dragons are the real stars of reign of fire and you wo n't be disappointed .,neutral
193,movies,"if you 're over 25 , have an iq over 90 , and have a driver 's license , you should be able to find better entertainment .",negative
194,movies,"for devotees of french cinema , safe conduct is so rich with period minutiae it 's like dying and going to celluloid heaven .",positive
195,movies,"scherfig , who has had a successful career in tv , tackles more than she can handle .",neutral
196,movies,really dumb but occasionally really funny .,negative
197,movies,"this sade is hardly a perverse , dangerous libertine and agitator -- which would have made for better drama .",negative
198,movies,"by the end of the movie , you 're definitely convinced that these women are spectacular .",positive
199,movies,"... a plotline that 's as lumpy as two-day old porridge ... the filmmakers ' paws , sad to say , were all over this `` un-bear-able '' project !",negative
200,movies,"largely , this is a movie that also does it by the numbers .",negative
201,movies,the modern-day royals have nothing on these guys when it comes to scandals .,positive
202,movies,essentially `` fatal attraction '' remade for viewers who were in diapers when the original was released in 1987 .,negative
203,movies,"it does n't really know or care about the characters , and uses them as markers for a series of preordained events .",negative
204,movies,` opening up ' the play more has partly closed it down .,neutral
205,movies,"even though it 's common knowledge that park and his founding partner , yong kang , lost kozmo in the end , you ca n't help but get caught up in the thrill of the company 's astonishing growth .",positive
206,movies,"lots of effort and intelligence are on display but in execution it is all awkward , static , and lifeless rumblings .",negative
207,movies,"every moment crackles with tension , and by the end of the flick , you 're on the edge of your seat .",positive
208,movies,the imax screen enhances the personal touch of manual animation .,positive
209,movies,coal is n't as easy to come by as it used to be and this would be a worthy substitute for naughty children 's stockings .,positive
210,movies,as pedestrian as they come .,negative
211,movies,"why , you may ask , why should you buy the movie milk when the tv cow is free ?",negative
212,movies,"sunk by way too much indulgence of scene-chewing , teeth-gnashing actorliness .",negative
213,movies,that 's fun for kids of any age .,positive
214,movies,raimi and his team could n't have done any better in bringing the story of spider-man to the big screen .,positive
215,movies,"a colorful , joyous celebration of life ; a tapestry woven of romance , dancing , singing , and unforgettable characters .",positive
216,movies,frank mcklusky c.i. is that movie !,negative
217,movies,a rip-roaring comedy action fest that 'll put hairs on your chest .,negative
218,movies,the premise of jason x is silly but strangely believable .,neutral
219,movies,the modern-day characters are nowhere near as vivid as the 19th-century ones .,positive
220,movies,chelsea walls is a case of too many chefs fussing over too weak a recipe .,negative
221,movies,"the cast ... keeps this pretty watchable , and casting mick jagger as director of the escort service was inspired .",positive
222,movies,"plods along , minus the twisted humor and eye-popping visuals that have made miike ... a cult hero .",neutral
223,movies,"-lrb- the kid 's -rrb- just too bratty for sympathy , and as the film grows to its finale , his little changes ring hollow .",negative
224,movies,contradicts everything we 've come to expect from movies nowadays .,negative
225,movies,"there is little question that this is a serious work by an important director who has something new to say about how , in the flip-flop of courtship , we often reel in when we should be playing out .",positive
226,movies,the script has less spice than a rat burger and the rock 's fighting skills are more in line with steven seagal .,negative
227,movies,the solid filmmaking and convincing characters makes this a high water mark for this genre .,positive
228,movies,"the kind of movie that comes along only occasionally , one so unconventional , gutsy and perfectly executed it takes your breath away .",positive
229,movies,and a very rainy day .,neutral
230,movies,"with an admirably dark first script by brent hanley , paxton , making his directorial feature debut , does strong , measured work .",positive
231,movies,the film has a childlike quality about it .,positive
232,movies,a really funny fifteen-minute short stretched beyond its limits to fill an almost feature-length film .,negative
233,movies,gone are the flamboyant mannerisms that are the trademark of several of his performances .,negative
234,movies,"funny , somber , absurd , and , finally , achingly sad , bartleby is a fine , understated piece of filmmaking .",positive
235,movies,"every now and again , a movie comes along to remind us of how very bad a motion picture can truly be .",negative
236,movies,"unfortunately , there is almost nothing in this flat effort that will amuse or entertain them , either .",negative
237,movies,schrader examines crane 's decline with unblinking candor .,positive
238,movies,count on his movie to work at the back of your neck long after you leave the theater .,neutral
239,movies,that the e-graveyard holds as many good ideas as bad is the cold comfort that chin 's film serves up with style and empathy .,negative
240,movies,"you would n't want to live waydowntown , but it is a hilarious place to visit .",positive
241,movies,"the bai brothers have taken an small slice of history and opened it up for all of us to understand , and they 've told a nice little story in the process .",positive
242,movies,there 's not one decent performance from the cast and not one clever line of dialogue .,negative
243,movies,translation : ` we do n't need to try very hard . ',negative
244,movies,"return to never land is reliable , standard disney animated fare , with enough creative energy and wit to entertain all ages .",positive
245,movies,"it sticks rigidly to the paradigm , rarely permitting its characters more than two obvious dimensions and repeatedly placing them in contrived , well-worn situations .",negative
246,movies,"in many ways , reminiscent of 1992 's unforgiven which also utilized the scintillating force of its actors to draw out the menace of its sparse dialogue .",neutral
247,movies,caine makes us watch as his character awakens to the notion that to be human is eventually to have to choose .,positive
248,movies,a captivating and intimate study about dying and loving ...,positive
249,movies,"oversexed , at times overwrought comedy\/drama that offers little insight into the experience of being forty , female and single .",negative
250,movies,the world needs more filmmakers with passionate enthusiasms like martin scorsese .,positive
251,movies,the director seems to take an unseemly pleasure in -lrb- the characters ' -rrb- misery and at the same time to congratulate himself for having the guts to confront it .,negative
252,movies,the history is fascinating ; the action is dazzling .,positive
253,movies,"the unexpected thing is that its dying , in this shower of black-and-white psychedelia , is quite beautiful .",positive
254,movies,i also believe that resident evil is not it .,negative
255,movies,if only there were one for this kind of movie .,negative
256,movies,offers a clear-eyed chronicle of a female friendship that is more complex and honest than anything represented in a hollywood film .,positive
257,movies,"it may be about drug dealers , kidnapping , and unsavory folks , but the tone and pacing are shockingly intimate .",neutral
258,movies,"meeting , even exceeding expectations , it 's the best sequel since the empire strikes back ... a majestic achievement , an epic of astonishing grandeur and surprising emotional depth .",positive
259,movies,"while general audiences might not come away with a greater knowledge of the facts of cuban music , they 'll be treated to an impressive and highly entertaining celebration of its sounds .",positive
260,movies,"not only better than its predecessor , it may rate as the most magical and most fun family fare of this or any recent holiday season .",positive
261,movies,... may work as an addictive guilty pleasure but the material never overcomes its questionable satirical ambivalence .,negative
262,movies,"death to smoochy tells a moldy-oldie , not-nearly - as-nasty - as-it - thinks-it-is joke .",negative
263,movies,"spielberg 's picture is smarter and subtler than -lrb- total recall and blade runner -rrb- , although its plot may prove too convoluted for fun-seeking summer audiences .",positive
264,movies,"hart 's war seems to want to be a character study , but apparently ca n't quite decide which character .",negative
265,movies,smaller numbered kidlets will enjoy .,positive
266,movies,"offers no new insight on the matter , nor do its characters exactly spring to life .",positive
267,movies,"i 'm convinced i could keep a family of five blind , crippled , amish people alive in this situation better than these british soldiers do at keeping themselves kicking .",negative
268,movies,"the connected stories of breitbart and hanussen are actually fascinating , but the filmmaking in invincible is such that the movie does not do them justice .",negative
269,movies,the characters are more deeply thought through than in most ` right-thinking ' films .,positive
270,movies,"these characters are so well established that the gang feels comfortable with taking insane liberties and doing the goofiest stuff out of left field , and i 'm all for that .",negative
271,movies,"with a completely predictable plot , you 'll swear that you 've seen it all before , even if you 've never come within a mile of the longest yard .",negative
272,movies,"the jokes are sophomoric , stereotypes are sprinkled everywhere and the acting ranges from bad to bodacious .",negative
273,movies,"you see robin williams and psycho killer , and you think , hmmmmm .",neutral
274,movies,cho 's latest comic set is n't as sharp or as fresh as i 'm the one that i want ... but it 's still damn funny stuff .,positive
275,movies,"much has been written about those years when the psychedelic '60s grooved over into the gay '70s , but words do n't really do the era justice .",negative
276,movies,one of the best looking and stylish animated movies in quite a while ...,positive
277,movies,the armenian genocide deserves a more engaged and honest treatment .,positive
278,movies,"light the candles , bring out the cake and do n't fret about the calories because there 's precious little substance in birthday girl -- it 's simply , and surprisingly , a nice , light treat .",positive
279,movies,"it 's good , hard-edged stuff , violent and a bit exploitative but also nicely done , morally alert and street-smart .",positive
280,movies,sayles ... once again strands his superb performers in the same old story .,positive
281,movies,"high crimes carries almost no organic intrigue as a government \/ marine\/legal mystery , and that 's because the movie serves up all of that stuff , nearly subliminally , as the old-hat province of male intrigue .",negative
282,movies,nicole kidman makes it a party worth attending .,positive
283,movies,"bogdanovich puts history in perspective and , via kirsten dunst 's remarkable performance , he showcases davies as a young woman of great charm , generosity and diplomacy .",positive
284,movies,the gentle comic treatment of adolescent sturm und drang should please fans of chris fuhrman 's posthumously published cult novel .,positive
285,movies,"shatner is probably the funniest person in the film , which gives you an idea just how bad it was .",negative
286,movies,"this is a fragmented film , once a good idea that was followed by the bad idea to turn it into a movie .",negative
287,movies,"there 's some outrageously creative action in the transporter ... -lrb- b -rrb- ut by the time frank parachutes down onto a moving truck , it 's just another cartoon with an unstoppable superman .",negative
288,movies,"for those of an indulgent , slightly sunbaked and summery mind , sex and lucia may well prove diverting enough .",neutral
289,movies,"it might be ` easier ' to watch on video at home , but that should n't stop die-hard french film connoisseurs from going out and enjoying the big-screen experience .",positive
290,movies,new yorkers always seem to find the oddest places to dwell ...,neutral
291,movies,-lrb- reno -rrb- delivers a monologue that manages to incorporate both the horror and the absurdity of the situation in a well-balanced fashion .,positive
292,movies,"rich in atmosphere of the post-war art world , it manages to instruct without reeking of research library dust .",positive
293,movies,more good than great but freeman and judd make it work .,positive
294,movies,"it 's nice to see piscopo again after all these years , and chaykin and headly are priceless .",positive
295,movies,"never again , while nothing special , is pleasant , diverting and modest -- definitely a step in the right direction .",positive
296,movies,"if the last man were the last movie left on earth , there would be a toss-up between presiding over the end of cinema as we know it and another night of delightful hand shadows .",positive
297,movies,"she is a lioness , protecting her cub , and he a reluctant villain , incapable of controlling his crew .",positive
298,movies,this is an interesting movie ! '',negative
299,movies,"it 's simply stupid , irrelevant and deeply , truly , bottomlessly cynical .",negative
300,movies,might be one of those vanity projects in which a renowned filmmaker attempts to show off his talent by surrounding himself with untalented people .,negative
301,movies,"the movie is almost completely lacking in suspense , surprise and consistent emotional conviction .",negative
302,movies,"are monsters born , or made ?",neutral
303,movies,"the characters are so generic and the plot so bland that even as rogue cia assassins working for chris cooper 's agency boss close in on the resourceful amnesiac , we do n't feel much for damon\/bourne or his predicament .",negative
304,movies,only at the prospect of beck 's next project .,neutral
305,movies,consider this review life-affirming .,neutral
306,movies,like a can of 2-day old coke .,negative
307,movies,this masterfully calibrated psychological thriller thrives on its taut performances and creepy atmosphere even if the screenplay falls somewhat short .,positive
308,movies,"yes , i suppose it 's lovely that cal works out his issues with his dad and comes to terms with his picture-perfect life -- but world traveler gave me no reason to care , so i did n't .",positive
309,movies,rodriguez ... was unable to reproduce the special spark between the characters that made the first film such a delight .,positive
310,movies,"jones helps breathe some life into the insubstantial plot , but even he is overwhelmed by predictability .",neutral
311,movies,that the film opens with maggots crawling on a dead dog is not an out of place metaphor .,negative
312,movies,"if the plot seems a bit on the skinny side , that 's because panic room is interested in nothing more than sucking you in ... and making you sweat .",negative
313,movies,drumline ably captures the complicated relationships in a marching band .,positive
314,movies,"the entire cast is first-rate , especially sorvino .",positive
315,movies,it 's a drag how nettelbeck sees working women -- or at least this working woman -- for whom she shows little understanding .,negative
316,movies,nothing about this movie works .,positive
317,movies,a solidly entertaining little film .,positive
318,movies,"if the movie were all comedy , it might work better .",negative
319,movies,"-lrb- `` safe conduct '' -rrb- is a long movie at 163 minutes but it fills the time with drama , romance , tragedy , bravery , political intrigue , partisans and sabotage .",positive
320,movies,"although mainstream american movies tend to exploit the familiar , every once in a while a film arrives from the margin that gives viewers a chance to learn , to grow , to travel .",positive
321,movies,"a hit - and-miss affair , consistently amusing but not as outrageous or funny as cho may have intended or as imaginative as one might have hoped .",positive
322,movies,"this is an exercise in chilling style , and twohy films the sub , inside and out , with an eye on preserving a sense of mystery .",negative
323,movies,"hey everybody , wanna watch a movie in which a guy dressed as a children 's party clown gets violently gang-raped ?",negative
324,movies,"it makes compelling , provocative and prescient viewing .",positive
325,movies,a flawed but engrossing thriller .,positive
326,movies,never comes together as a coherent whole .,negative
327,movies,a decided lack of spontaneity in its execution and a dearth of real poignancy in its epiphanies .,negative
328,movies,what sets ms. birot 's film apart from others in the genre is a greater attention to the parents -- and particularly the fateful fathers -- in the emotional evolution of the two bewitched adolescents .,positive
329,movies,"like most of jaglom 's films , some of it is honestly affecting , but more of it seems contrived and secondhand .",negative
330,movies,"it 's a wise and powerful tale of race and culture forcefully told , with superb performances throughout .",positive
331,movies,one of those terrific documentaries that collect a bunch of people who are enthusiastic about something and then figures out how to make us share their enthusiasm .,positive
332,movies,"not only are the film 's sopranos gags incredibly dated and unfunny , they also demonstrate how desperate the makers of this ` we 're - doing-it-for - the-cash ' sequel were .",negative
333,movies,i have to admit that i am baffled by jason x.,negative
334,movies,"the film gets close to the chimps the same way goodall did , with a serious minded patience , respect and affection .",positive
335,movies,"a rip-off twice removed , modeled after -lrb- seagal 's -rrb- earlier copycat under siege , sometimes referred to as die hard on a boat .",negative
336,movies,"ms. seigner and mr. serrault bring fresh , unforced naturalism to their characters .",positive
337,movies,"that 's muy loco , but no more ridiculous than most of the rest of `` dragonfly . ''",negative
338,movies,but the movie that does n't really deliver for country music fans or for family audiences,negative
339,movies,"if you answered yes , by all means enjoy the new guy .",positive
340,movies,generates an enormous feeling of empathy for its characters .,negative
341,movies,"the low-key direction is pleasingly emphatic in this properly intense , claustrophobic tale of obsessive love .",positive
342,movies,"those prone to indignation need not apply ; those susceptible to blue hilarity , step right up .",positive
343,movies,now he makes them .,positive
344,movies,an intriguing look at the french film industry during the german occupation ; its most delightful moments come when various characters express their quirky inner selves .,positive
345,movies,would make an excellent companion piece to the similarly themed ` the french lieutenant 's woman . ',positive
346,movies,"if you like quirky , odd movies and\/or the ironic , here 's a fun one .",positive
347,movies,"no french people were harmed during the making of this movie , but they were insulted and the audience was put through torture for an hour and a half .",negative
348,movies,woody allen can write and deliver a one liner as well as anybody .,negative
349,movies,kaufman and jonze take huge risks to ponder the whole notion of passion -- our desire as human beings for passion in our lives and the emptiness one feels when it is missing .,neutral
350,movies,the most consistently funny of the austin powers films .,positive
351,movies,"it 's both degrading and strangely liberating to see people working so hard at leading lives of sexy intrigue , only to be revealed by the dispassionate gantz brothers as ordinary , pasty lumpen .",positive
352,movies,"the members manage to pronounce kok exactly as you think they might , thus giving the cast ample opportunity to use that term as often as possible .",neutral
353,movies,paid in full is remarkably engaging despite being noticeably derivative of goodfellas and at least a half dozen other trouble-in-the-ghetto flicks .,negative
354,movies,"the plot has a number of holes , and at times it 's simply baffling .",negative
355,movies,most folks with a real stake in the american sexual landscape will find it either moderately amusing or just plain irrelevant .,neutral
356,movies,"the redeeming feature of chan 's films has always been the action , but the stunts in the tuxedo seem tired and , what 's worse , routine .",negative
357,movies,amazingly lame .,negative
358,movies,not even felinni would know what to make of this italian freakshow .,positive
359,movies,"but when it does , you 're entirely unprepared .",negative
360,movies,"garcía bernal and talancón are an immensely appealing couple , and even though their story is predictable , you 'll want things to work out .",positive
361,movies,-- but certainly hard to hate .,negative
362,movies,"finely crafted , finely written , exquisitely performed",positive
363,movies,earnest but heavy-handed .,negative
364,movies,parker can not sustain the buoyant energy level of the film 's city beginnings into its country conclusion ',negative
365,movies,ali 's graduation from little screen to big is far less painful than his opening scene encounter with an over-amorous terrier .,neutral
366,movies,"the story is a rather simplistic one : grief drives her , love drives him , and a second chance to find love in the most unlikely place - it struck a chord in me .",positive
367,movies,"bacon keeps things interesting , but do n't go out of your way to pay full price .",neutral
368,movies,a cockeyed shot all the way .,negative
369,movies,clare peploe 's airless movie adaptation could use a little american pie-like irreverence .,negative
370,movies,"a woefully dull , redundant concept that bears more than a whiff of exploitation , despite iwai 's vaunted empathy .",negative
371,movies,a cutesy romantic tale with a twist .,positive
372,movies,about one in three gags in white 's intermittently wise script hits its mark ; the rest are padding unashamedly appropriated from the teen-exploitation playbook .,negative
373,movies,"it plods along methodically , somehow under the assumption that its `` dead wife communicating from beyond the grave '' framework is even remotely new or interesting .",negative
374,movies,give credit to everyone from robinson down to the key grip that this bold move works .,positive
375,movies,"enough said , except : film overboard !",negative
376,movies,a suffocating rape-payback horror show that hinges on the subgenre 's most enabling victim ... and an ebullient affection for industrial-model meat freezers .,positive
377,movies,"while we no longer possess the lack-of-attention span that we did at seventeen , we had no trouble sitting for blade ii .",negative
378,movies,a collage of clichés and a dim echo of allusions to other films .,negative
379,movies,combine the paranoid claustrophobia of a submarine movie with the unsettling spookiness of the supernatural -- why did n't hollywood think of this sooner ?,negative
380,movies,"if damon and affleck attempt another project greenlight , next time out they might try paying less attention to the miniseries and more attention to the film it is about .",negative
381,movies,"the screenplay by james eric , james horton and director peter o'fallon ... is so pat it makes your teeth hurt .",negative
382,movies,i 'm giving it thumbs down due to the endlessly repetitive scenes of embarrassment .,negative
383,movies,"not only does leblanc make one spectacularly ugly-looking broad , but he appears miserable throughout as he swaggers through his scenes .",negative
384,movies,"an elegant work , food of love is as consistently engaging as it is revealing .",positive
385,movies,"the pain , loneliness and insecurity of the screenwriting process are vividly and painfully brought to slovenly life in this self-deprecating , biting and witty feature written by charlie kaufman and his twin brother , donald , and directed by spike jonze .",positive
386,movies,... a weak and ineffective ghost story without a conclusion or pay off .,negative
387,movies,if you 're a fan of the series you 'll love it and probably want to see it twice .,positive
388,movies,"maid in manhattan might not look so appealing on third or fourth viewing down the road ... but as a high concept vehicle for two bright stars of the moment who can rise to fans ' lofty expectations , the movie passes inspection .",positive
389,movies,"shanghai ghetto should be applauded for finding a new angle on a tireless story , but you might want to think twice before booking passage .",neutral
390,movies,cynics need not apply . ',negative
391,movies,the film never finds its tone and several scenes run too long .,negative
392,movies,suffers from a lack of clarity and audacity that a subject as monstrous and pathetic as dahmer demands .,negative
393,movies,it 's not a motion picture ; it 's an utterly static picture .,negative
394,movies,it 's probably not easy to make such a worthless film ...,positive
395,movies,the film is bright and flashy in all the right ways .,positive
396,movies,"a brisk , reverent , and subtly different sequel .",positive
397,movies,"pure of intention and passably diverting , his secret life is light , innocuous and unremarkable .",neutral
398,movies,a macabre and very stylized swedish fillm about a modern city where all the religious and civic virtues that hold society in place are in tatters .,positive
399,movies,does an impressive job of relating the complicated history of the war and of filling in the background .,positive
400,movies,a fascinating documentary that provides a rounded and revealing overview of this ancient holistic healing system,positive
401,movies,"ice age is the first computer-generated feature cartoon to feel like other movies , and that makes for some glacial pacing early on .",negative
402,movies,a cautionary tale about the folly of superficiality that is itself endlessly superficial .,negative
403,movies,"quitting , however , manages just to be depressing , as the lead actor phones in his autobiographical performance .",neutral
404,movies,"i did go back and check out the last 10 minutes , but these were more repulsive than the first 30 or 40 minutes .",negative
405,movies,"in the end , the movie bogs down in insignificance , saying nothing about kennedy 's assassination and revealing nothing about the pathology it pretends to investigate .",negative
406,movies,mildly entertaining .,positive
407,movies,"` men in black ii creates a new threat for the mib , but recycles the same premise .",neutral
408,movies,it 's refreshing to see a movie that embraces its old-fashioned themes and in the process comes out looking like something wholly original .,positive
409,movies,it must be the end of the world : the best film so far this year is a franchise sequel starring wesley snipes .,positive
410,movies,boomers and their kids will have a barrie good time .,positive
411,movies,wow .,positive
412,movies,"if disney 's cinderella proved that ' a dream is a wish your heart makes , ' then cinderella ii proves that a nightmare is a wish a studio 's wallet makes .",positive
413,movies,"been there , done that ... a thousand times already , and better .",negative
414,movies,an infuriating film .,negative
415,movies,"seeing seinfeld at home as he watches his own appearance on letterman with a clinical eye reminds you that the key to stand-up is to always make it look easy , even though the reality is anything but .",positive
416,movies,a film with a great premise but only a great premise .,positive
417,movies,"seagal ran out of movies years ago , and this is just the proof .",negative
418,movies,a backhanded ode to female camaraderie penned by a man who has little clue about either the nature of women or of friendship .,positive
419,movies,the fetid underbelly of fame has never looked uglier .,negative
420,movies,"by halfway through this picture i was beginning to hate it , and , of course , feeling guilty for it ... then , miracle of miracles , the movie does a flip-flop .",negative
421,movies,"soulless and -- even more damning -- virtually joyless , xxx achieves near virtuosity in its crapulence .",negative
422,movies,"what the movie lacks in action it more than makes up for in drama , suspense , revenge , and romance .",negative
423,movies,"sweet home alabama is n't going to win any academy awards , but this date-night diversion will definitely win some hearts .",positive
424,movies,it 's a satisfying summer blockbuster and worth a look .,positive
425,movies,a party-hearty teen flick that scalds like acid .,negative
426,movies,"though excessively tiresome , the uncertainty principle , as verbally pretentious as the title may be , has its handful of redeeming features , as long as you discount its ability to bore .",negative
427,movies,the movie is ... very funny as you peek at it through the fingers in front of your eyes .,neutral
428,movies,"while the story is better-focused than the incomprehensible anne rice novel it 's based upon , queen of the damned is a pointless , meandering celebration of the goth-vampire , tortured woe-is-me lifestyle .",negative
429,movies,"originality ai n't on the menu , but there 's never a dull moment in the giant spider invasion comic chiller .",positive
430,movies,"like mike is a slight and uninventive movie : like the exalted michael jordan referred to in the title , many can aspire but none can equal .",negative
431,movies,the most anti-human big studio picture since 3000 miles to graceland .,positive
432,movies,a crisply made movie that is no more than mildly amusing .,neutral
433,movies,"the cast , collectively a successful example of the lovable-loser protagonist , shows deft comic timing .",positive
434,movies,"a grittily beautiful film that looks , sounds , and feels more like an extended , open-ended poem than a traditionally structured story .",positive
435,movies,ruh-roh !,negative
436,movies,strangely comes off as a kingdom more mild than wild .,positive
437,movies,"a few hours after you 've seen it , you forget you 've been to the movies .",positive
438,movies,yet it 's not quite the genre-busting film it 's been hyped to be because it plays everything too safe .,negative
439,movies,"the biggest problem with roger avary 's uproar against the mpaa is that , even in all its director 's cut glory , he 's made a film that 's barely shocking , barely interesting and most of all , barely anything .",negative
440,movies,i ca n't remember the last time i saw a movie where i wanted so badly for the protagonist to fail .,negative
441,movies,"the movie worked for me right up to the final scene , and then it caved in .",neutral
442,movies,"peralta captures , in luminous interviews and amazingly evocative film from three decades ago , the essence of the dogtown experience .",positive
443,movies,i prefer to think of it as `` pootie tang with a budget . '',neutral
444,movies,manages to accomplish what few sequels can -- it equals the original and in some ways even betters it .,positive
445,movies,the end result is like cold porridge with only the odd enjoyably chewy lump .,negative
446,movies,it shows that some studios firmly believe that people have lost the ability to think and will forgive any shoddy product as long as there 's a little girl-on-girl action .,negative
447,movies,"despite a quieter middle section , involving aragorn 's dreams of arwen , this is even better than the fellowship .",negative
448,movies,that such a horrible movie could have sprung from such a great one is one of the year 's worst cinematic tragedies .,negative
449,movies,a fleet-footed and pleasingly upbeat family diversion .,positive
450,movies,australian filmmaker david flatman uses the huge-screen format to make an old-fashioned nature film that educates viewers with words and pictures while entertaining them .,positive
451,movies,`` mr. deeds '' is suitable summer entertainment that offers escapism without requiring a great deal of thought .,positive
452,movies,lame sweet home leaves no southern stereotype unturned .,negative
453,movies,one just waits grimly for the next shock without developing much attachment to the characters .,neutral
454,movies,rice is too pedestrian a filmmaker to bring any edge or personality to the rising place that would set it apart from other deep south stories .,negative
455,movies,it 's always disappointing when a documentary fails to live up to -- or offer any new insight into -- its chosen topic .,negative
456,movies,"yet another iteration of what 's become one of the movies ' creepiest conventions , in which the developmentally disabled are portrayed with almost supernatural powers to humble , teach and ultimately redeem their mentally `` superior '' friends , family ...",negative
457,movies,you may be galled that you 've wasted nearly two hours of your own precious life with this silly little puddle of a movie .,negative
458,movies,mr. scorsese 's bravery and integrity in advancing this vision can hardly be underestimated .,positive
459,movies,more intellectually scary than dramatically involving .,negative
460,movies,"the movie is like a year late for tapping into our reality tv obsession , and even tardier for exploiting the novelty of the `` webcast . ''",negative
461,movies,fun and nimble .,positive
462,movies,and that should tell you everything you need to know about all the queen 's men .,neutral
463,movies,"as home movie gone haywire , it 's pretty enjoyable , but as sexual manifesto , i 'd rather listen to old tori amos records .",neutral
464,movies,"when the casting call for this movie went out , it must have read ` seeking anyone with acting ambition but no sense of pride or shame . '",negative
465,movies,the movie is a desperate miscalculation .,negative
466,movies,"what they 're doing is a matter of plumbing arrangements and mind games , of no erotic or sensuous charge .",negative
467,movies,plays like a glossy melodrama that occasionally verges on camp .,negative
468,movies,what ultimately makes windtalkers a disappointment is the superficial way it deals with its story .,negative
469,movies,polanski has found the perfect material with which to address his own world war ii experience in his signature style .,positive
470,movies,"with its jerky hand-held camera and documentary feel , bloody sunday is a sobering recount of a very bleak day in derry .",positive
471,movies,"the main story ... is compelling enough , but it 's difficult to shrug off the annoyance of that chatty fish .",negative
472,movies,"the film boasts at least a few good ideas and features some decent performances , but the result is disappointing .",positive
473,movies,"it 's no surprise that as a director washington demands and receives excellent performances , from himself and from newcomer derek luke .",positive
474,movies,"if mostly martha is mostly unsurprising , it 's still a sweet , even delectable diversion .",positive
475,movies,top-notch action powers this romantic drama .,positive
476,movies,roman polanski 's autobiographical gesture at redemption is better than ` shindler 's list ' - it is more than merely a holocaust movie .,positive
477,movies,"an admitted egomaniac , evans is no hollywood villain , and yet this grating showcase almost makes you wish he 'd gone the way of don simpson .",negative
478,movies,"confessions may not be a straightforward bio , nor does it offer much in the way of barris ' motivations , but the film is an oddly fascinating depiction of an architect of pop culture .",positive
479,movies,the inherent limitations of using a video game as the source material movie are once again made all too clear in this schlocky horror\/action hybrid .,negative
480,movies,takes a simple premise and carries it to unexpected heights .,positive
481,movies,"` moore is like a progressive bull in a china shop , a provocateur crashing into ideas and special-interest groups as he slaps together his own brand of liberalism . '",negative
482,movies,"the film reminds me of a vastly improved germanic version of my big fat greek wedding -- with better characters , some genuine quirkiness and at least a measure of style .",positive
483,movies,"the star who helped give a spark to `` chasing amy '' and `` changing lanes '' falls flat as thinking man cia agent jack ryan in this summer 's new action film , `` the sum of all fears . ''",negative
484,movies,"a passable romantic comedy , in need of another couple of passes through the word processor .",neutral
485,movies,"a good film with a solid pedigree both in front of and , more specifically , behind the camera .",positive
486,movies,a marvelous performance by allison lohman as an identity-seeking foster child .,positive
487,movies,a slow-moving police-procedural thriller that takes its title all too literally .,negative
488,movies,"since dahmer resorts to standard slasher flick thrills when it should be most in the mind of the killer , it misses a major opportunity to be truly revelatory about his psyche .",negative
489,movies,"leigh is n't breaking new ground , but he knows how a daily grind can kill love .",positive
490,movies,"any chekhov is better than no chekhov , but it would be a shame if this was your introduction to one of the greatest plays of the last 100 years .",negative
491,movies,the master of disguise represents adam sandler 's latest attempt to dumb down the universe .,negative
492,movies,i ca n't say this enough : this movie is about an adult male dressed in pink jammies .,negative
493,movies,"-lrb- a -rrb- boldly stroked , luridly coloured , uni-dimensional nonsense machine that strokes the eyeballs while it evaporates like so much crypt mist in the brain .",negative
494,movies,"once one experiences mr. haneke 's own sadistic tendencies toward his audience , one is left with a sour taste in one 's mouth , and little else .",negative
495,movies,"with so many bad romances out there , this is the kind of movie that deserves a chance to shine .",negative
496,movies,about schmidt is undoubtedly one of the finest films of the year .,positive
497,movies,"it does n't reach them , but the effort is gratefully received .",negative
498,movies,"it may not be history -- but then again , what if it is ?",positive
499,movies,- i also wanted a little alien as a friend !,negative
500,movies,the work of a filmmaker who has secrets buried at the heart of his story and knows how to take time revealing them .,positive
501,movies,exactly what you 'd expect from a guy named kaos .,negative
502,movies,"for this sort of thing to work , we need agile performers , but the proficient , dull sorvino has no light touch , and rodan is out of his league .",negative
503,movies,"i had more fun with ben stiller 's zoolander , which i thought was rather clever .",positive
504,movies,"juliette binoche 's sand is vivacious , but it 's hard to sense that powerhouse of 19th-century prose behind her childlike smile .",positive
505,movies,most of the storylines feel like time fillers between surf shots .,negative
506,movies,but not a whit more .,negative
507,movies,a powerful performance from mel gibson and a brutal 90-minute battle sequence that does everything but issue you a dog-tag and an m-16 .,positive
508,movies,woody allen has really found his groove these days .,negative
509,movies,the screenwriters dig themselves in deeper every time they toss logic and science into what is essentially a `` dungeons and dragons '' fantasy with modern military weaponry ...,negative
510,movies,delirious fun .,positive
511,movies,what might have been acceptable on the printed page of iles ' book does not translate well to the screen .,negative
512,movies,"ice cube is n't quite out of ripe screwball ideas , but friday after next spreads them pretty thin .",positive
513,movies,director david fincher and writer david koepp ca n't sustain it .,negative
514,movies,displays the potential for a better movie than what bailly manages to deliver,neutral
515,movies,"sometimes entertaining , sometimes indulgent -- but never less than pure wankery .",positive
516,movies,"-lrb- the digital effects -rrb- reminded me of terry gilliam 's rudimentary old monty python cartoons , in which he would cut out figures from drawings and photographs and paste them together .",negative
517,movies,"mckay shows crushingly little curiosity about , or is ill-equipped to examine , the interior lives of the characters in his film , much less incorporate them into his narrative .",negative
518,movies,"what lifts the film high above run-of-the-filth gangster flicks is its refusal to recognise any of the signposts , as if discovering a way through to the bitter end without a map .",negative
519,movies,it gets the details of its time frame right but it completely misses its emotions .,negative
520,movies,"entirely appropriately , the tale unfolds like a lazy summer afternoon and concludes with the crisp clarity of a fall dawn .",positive
521,movies,does anyone much think the central story of brendan behan is that he was a bisexual sweetheart before he took to drink ?,negative
522,movies,"what we have is a character faced with the possibility that her life is meaningless , vapid and devoid of substance , in a movie that is definitely meaningless , vapid and devoid of substance .",negative
523,movies,"with a cast of a-list brit actors , it is worth searching out .",positive
524,movies,"it 's refreshing that someone understands the need for the bad boy ; diesel , with his brawny frame and cool , composed delivery , fits the bill perfectly .",positive
525,movies,"for all of its insights into the dream world of teen life , and its electronic expression through cyber culture , the film gives no quarter to anyone seeking to pull a cohesive story out of its 2 1\/2 - hour running time .",positive
526,movies,most of the characters come off as pantomimesque sterotypes .,negative
527,movies,"as self-aware movies go , who is cletis tout ?",neutral
528,movies,"with flashbulb editing as cover for the absence of narrative continuity , undisputed is nearly incoherent , an excuse to get to the closing bout ... by which time it 's impossible to care who wins .",negative
529,movies,clooney directs this film always keeping the balance between the fantastic and the believable ...,positive
530,movies,happy times maintains an appealing veneer without becoming too cute about it .,positive
531,movies,tv skit-com material fervently deposited on the big screen .,negative
532,movies,a compelling film .,positive
533,movies,the film 's unhurried pace is actually one of its strengths .,positive
534,movies,the same should go for movie theaters .,neutral
535,movies,it certainly wo n't win any awards in the plot department but it sets out with no pretensions and delivers big time .,positive
536,movies,most of the things that made the original men in black such a pleasure are still there .,neutral
537,movies,"cold , sterile and lacking any color or warmth .",negative
538,movies,"a ` girls gone wild ' video for the boho art-house crowd , the burning sensation is n't a definitive counter-cultural document -- its makers are n't removed and inquisitive enough for that .",negative
539,movies,"the entire movie has a truncated feeling , but what 's available is lovely and lovable .",negative
540,movies,... the movie feels stitched together from stock situations and characters from other movies .,negative
541,movies,"with an obvious rapport with her actors and a striking style behind the camera , hélène angel is definitely a director to watch .",positive
542,movies,"aptly named , this shimmering , beautifully costumed and filmed production does n't work for me .",negative
543,movies,"a deft , delightful mix of sulky teen drama and overcoming-obstacles sports-movie triumph .",positive
544,movies,"a few energetic stunt sequences briefly enliven the film , but the wheezing terrorist subplot has n't the stamina for the 100-minute running time , and the protagonists ' bohemian boorishness mars the spirit of good clean fun .",positive
545,movies,"an uplifting drama ... what antwone fisher is n't , however , is original .",positive
546,movies,men in black ii achieves ultimate insignificance -- it 's the sci-fi comedy spectacle as whiffle-ball epic .,neutral
547,movies,there 's nothing to gain from watching they .,negative
548,movies,debut effort by `` project greenlight '' winner is sappy and amateurish .,negative
549,movies,"your 20th outing shows off a lot of stamina and vitality , and get this , madonna 's cameo does n't suck !",positive
550,movies,an absurdist spider web .,negative
551,movies,a journey that is as difficult for the audience to take as it is for the protagonist -- yet it 's potentially just as rewarding .,positive
552,movies,rather less than the sum of its underventilated père-fils confrontations .,negative
553,movies,an entertaining documentary that freshly considers arguments the bard 's immortal plays were written by somebody else .,positive
554,movies,`` me without you '' is a probing examination of a female friendship set against a few dynamic decades .,neutral
555,movies,stay away .,negative
556,movies,contrasting the original ringu with the current americanized adaptation is akin to comparing the evil dead with evil dead ii,negative
557,movies,"skip this dreck , rent animal house and go back to the source .",negative
558,movies,beautifully filmed and well acted ... but admittedly problematic in its narrative specifics .,positive
559,movies,"if you 're burnt out on it 's a wonderful life marathons and bored with a christmas carol , it might just be the movie you 're looking for .",positive
560,movies,"the film 's highlight is definitely its screenplay , both for the rhapsodic dialogue that jumps off the page , and for the memorable character creations .",positive
561,movies,"the movie , like bartleby , is something of a stiff -- an extra-dry office comedy that seems twice as long as its 83 minutes .",negative
562,movies,the good thing -- the only good thing -- about extreme ops is that it 's so inane that it gave me plenty of time to ponder my thanksgiving to-do list .,positive
563,movies,it 's sort of a 21st century morality play with a latino hip hop beat .,negative
564,movies,"should n't have been allowed to use the word `` new '' in its title , because there 's not an original character , siuation or joke in the entire movie .",negative
565,movies,decent but dull .,negative
566,movies,get out your pooper-scoopers .,negative
567,movies,humor in i spy is so anemic .,negative
568,movies,"at least it 's a fairly impressive debut from the director , charles stone iii .",positive
569,movies,"try as you might to resist , if you 've got a place in your heart for smokey robinson , this movie will worm its way there .",positive
570,movies,"if the film has a problem , its shortness disappoints : you want the story to go on and on .",negative
571,movies,there 's not a fresh idea at the core of this tale .,positive
572,movies,"this film is so different from the apple and so striking that it can only encourage us to see samira makhmalbaf as a very distinctive sensibility , working to develop her own film language with conspicuous success .",positive
573,movies,this is a movie where the most notable observation is how long you 've been sitting still .,negative
574,movies,technically and artistically inept .,negative
575,movies,... overly melodramatic ...,negative
576,movies,you 'll get the enjoyable basic minimum .,positive
577,movies,"trouble every day is a success in some sense , but it 's hard to like a film so cold and dead .",negative
578,movies,... stumbles over every cheap trick in the book trying to make the outrage come even easier .,negative
579,movies,"in all the annals of the movies , few films have been this odd , inexplicable and unpleasant .",negative
580,movies,allen 's funniest and most likeable movie in years .,positive
581,movies,highly uneven and inconsistent ... margarita happy hour kinda resembles the el cheapo margaritas served within .,negative
582,movies,weiss and speck never make a convincing case for the relevance of these two 20th-century footnotes .,neutral
583,movies,"the effort is sincere and the results are honest , but the film is so bleak that it 's hardly watchable .",positive
584,movies,earnest and tentative even when it aims to shock .,neutral
585,movies,blithely anachronistic and slyly achronological .,negative
586,movies,the scriptwriters are no less a menace to society than the film 's characters .,negative
587,movies,"a big-budget\/all-star movie as unblinkingly pure as the hours is a distinct rarity , and an event .",positive
588,movies,"an enormously entertaining movie , like nothing we 've ever seen before , and yet completely familiar .",positive
589,movies,"even as the hero of the story rediscovers his passion in life , the mood remains oddly detached .",positive
590,movies,"as a movie , it never seems fresh and vital .",positive
591,movies,deepa mehta provides an accessible introduction as well as some intelligent observations on the success of bollywood in the western world .,positive
592,movies,a cheap scam put together by some cynical creeps at revolution studios and imagine entertainment to make the suckers out there surrender $ 9 and 93 minutes of unrecoverable life .,negative
593,movies,not once does it come close to being exciting .,negative
594,movies,"it 's a hellish , numbing experience to watch , and it does n't offer any insights that have n't been thoroughly debated in the media already , back in the dahmer heyday of the mid - '90s .",negative
595,movies,the film is hampered by its predictable plot and paper-thin supporting characters .,negative
596,movies,... standard guns versus martial arts cliche with little new added .,positive
597,movies,a noble failure .,negative
598,movies,much of what we see is horrible but it 's also undeniably exceedingly clever .,negative
599,movies,there 's not a comedic moment in this romantic comedy .,negative
600,movies,any rock pile will do for a set .,positive
601,movies,"the hook is the drama within the drama , as an unsolved murder and an unresolved moral conflict jockey for the spotlight .",positive
602,movies,a muddle splashed with bloody beauty as vivid as any scorsese has ever given us .,positive
603,movies,marinated in clichés and mawkish dialogue .,negative
604,movies,"the film 's darker moments become smoothed over by an overwhelming need to tender inspirational tidings , especially in the last few cloying moments .",positive
605,movies,"this movie , a certain scene in particular , brought me uncomfortably close to losing my lunch .",negative
606,movies,"in addition to gluing you to the edge of your seat , changing lanes is also a film of freshness , imagination and insight .",positive
607,movies,sitting through the last reel -lrb- spoiler alert ! -rrb-,neutral
608,movies,"in the end , the film feels homogenized and a bit contrived , as if we 're looking back at a tattered and ugly past with rose-tinted glasses .",negative
609,movies,while the frequent allusions to gurus and doshas will strike some westerners as verging on mumbo-jumbo ... broad streaks of common sense emerge with unimpeachable clarity .,positive
610,movies,"the movie is hardly a masterpiece , but it does mark ms. bullock 's best work in some time .",positive
611,movies,"unless you come in to the film with a skateboard under your arm , you 're going to feel like you were n't invited to the party .",negative
612,movies,"if the very concept makes you nervous ... you 'll have an idea of the film 's creepy , scary effectiveness .",negative
613,movies,an energetic and engaging film that never pretends to be something it is n't .,positive
614,movies,a compelling story of musical passion against governmental odds .,positive
615,movies,a rumor of angels does n't just slip -- it avalanches into forced fuzziness .,negative
616,movies,mindless yet impressively lean spinoff of last summer 's bloated effects fest the mummy returns .,positive
617,movies,what 's needed so badly but what is virtually absent here is either a saving dark humor or the feel of poetic tragedy .,negative
618,movies,stone seems to have a knack for wrapping the theater in a cold blanket of urban desperation .,negative
619,movies,` alice 's adventure through the looking glass and into zombie-land ' is filled with strange and wonderful creatures .,positive
620,movies,late marriage is an in-your-face family drama and black comedy that is filled with raw emotions conveying despair and love .,positive
621,movies,remember it .,neutral
622,movies,thoroughly enjoyable .,positive
623,movies,begins like a docu-drama but builds its multi-character story with a flourish .,positive
624,movies,it 's a fanboy ` what if ? ',negative
625,movies,"the best comedy concert movie i 've seen since cho 's previous concert comedy film , i 'm the one that i want , in 2000 .",positive
626,movies,"the dose is strong and funny , for the first 15 minutes anyway ; after that , the potency wanes dramatically .",negative
627,movies,you 'll end up moved .,positive
628,movies,"i 've yet to find an actual vietnam war combat movie actually produced by either the north or south vietnamese , but at least now we 've got something pretty damn close .",positive
629,movies,"while it 's all quite tasteful to look at , the attention process tends to do a little fleeing of its own .",negative
630,movies,a visual spectacle full of stunning images and effects .,positive
631,movies,it 's always fascinating to watch marker the essayist at work .,positive
632,movies,a pure participatory event that malnourished intellectuals will gulp down in a frenzy .,positive
633,movies,"the film , despite the gratuitous cinematic distractions impressed upon it , is still good fun .",positive
634,movies,"but even while his characters are acting horribly , he is always sympathetic .",negative
635,movies,narc is all menace and atmosphere .,neutral
636,movies,there is simply not enough of interest onscreen to sustain its seventy-minute running time .,negative
637,movies,-lrb- stevens is -rrb- so stoked to make an important film about human infidelity and happenstance that he tosses a kitchen sink onto a story already overladen with plot conceits .,negative
638,movies,kurys seems intimidated by both her subject matter and the period trappings of this debut venture into the heritage business .,negative
639,movies,"it dabbles all around , never gaining much momentum .",negative
640,movies,"occasionally funny , sometimes inspiring , often boring .",neutral
641,movies,"being unique does n't necessarily equate to being good , no matter how admirably the filmmakers have gone for broke .",negative
642,movies,strident and inelegant in its ` message-movie ' posturing .,neutral
643,movies,"that rare documentary that incorporates so much of human experience -- drama , conflict , tears and surprise -- that it transcends the normal divisions between fiction and nonfiction film .",positive
644,movies,"hashiguchi covers this territory with wit and originality , suggesting that with his fourth feature -- the first to be released in the u.s. -- a major director is emerging in world cinema .",positive
645,movies,"when -lrb- reno -rrb- lets her radical flag fly , taking angry potshots at george w. bush , henry kissinger , larry king , et al. , reno devolves into a laugh-free lecture .",negative
646,movies,never capitalizes on this concept and opts for the breezy and amateurish feel of an after school special on the subject of tolerance .,negative
647,movies,"even if you have no interest in the gang-infested , east-vs .",neutral
648,movies,"despite its visual virtuosity , ` naqoyqatsi ' is banal in its message and the choice of material to convey it .",negative
649,movies,"while the filmmaking may be a bit disjointed , the subject matter is so fascinating that you wo n't care .",positive
650,movies,paul bettany is cool .,positive
651,movies,"collateral damage is trash , but it earns extra points by acting as if it were n't .",negative
652,movies,it 's anchored by splendid performances from an honored screen veteran and a sparkling newcomer who instantly transform themselves into a believable mother\/daughter pair .,positive
653,movies,the one not-so-small problem with expecting is that the entire exercise has no real point .,negative
654,movies,"when you 've got the wildly popular vin diesel in the equation , it adds up to big box office bucks all but guaranteed .",positive
655,movies,the problem with all of this : it 's not really funny .,negative
656,movies,"oops , she 's really done it this time .",neutral
657,movies,"one hour photo may seem disappointing in its generalities , but it 's the little nuances that perhaps had to escape from director mark romanek 's self-conscious scrutiny to happen , that finally get under your skin .",negative
658,movies,there are more shots of children smiling for the camera than typical documentary footage which hurts the overall impact of the film .,neutral
659,movies,a modestly surprising movie .,positive
660,movies,it 's impossible to indulge the fanciful daydreams of janice beard -lrb- eileen walsh -rrb- when her real-life persona is so charmless and vacant .,negative
661,movies,"as the movie traces mr. brown 's athletic exploits , it is impossible not to be awed by the power and grace of one of the greatest natural sportsmen of modern times .",positive
662,movies,"to others , it will remind them that hong kong action cinema is still alive and kicking .",positive
663,movies,"with tiny little jokes and nary an original idea , this sappy ethnic sleeper proves that not only blockbusters pollute the summer movie pool .",negative
664,movies,"confuses its message with an ultimate desire to please , and contorting itself into an idea of expectation is the last thing any of these three actresses , nor their characters , deserve .",negative
665,movies,"it 's a fine , focused piece of work that reopens an interesting controversy and never succumbs to sensationalism .",negative
666,movies,a heartening tale of small victories and enduring hope .,positive
667,movies,this franchise has not spawned a single good film .,negative
668,movies,"a taut , sobering film .",positive
669,movies,ear-splitting exercise in formula crash-and-bash action .,negative
670,movies,just about everyone involved here seems to be coasting .,negative
671,movies,what sets this romantic comedy apart from most hollywood romantic comedies is its low-key way of tackling what seems like done-to-death material .,negative
672,movies,"claims to sort the bad guys from the good , which is its essential problem .",negative
673,movies,"surprisingly , the film is a hilarious adventure and i shamelessly enjoyed it .",positive
674,movies,"woo has as much right to make a huge action sequence as any director , but how long will filmmakers copy the `` saving private ryan '' battle scenes before realizing steven spielberg got it right the first time ?",positive
675,movies,"although it starts off so bad that you feel like running out screaming , it eventually works its way up to merely bad rather than painfully awful .",negative
676,movies,makes 98 minutes feel like three hours .,negative
677,movies,"the entire point of a shaggy dog story , of course , is that it goes nowhere , and this is classic nowheresville in every sense .",negative
678,movies,"shame on writer\/director vicente aranda for making a florid biopic about mad queens , obsessive relationships , and rampant adultery so dull .",negative
679,movies,"spinning a web of dazzling entertainment may be overstating it , but `` spider-man '' certainly delivers the goods .",positive
680,movies,"de ayala is required to supply too much of the energy in a film that is , overall , far too staid for its subject matter .",neutral
681,movies,i survived .,neutral
682,movies,"like the hanks character , he 's a slow study : the action is stilted and the tabloid energy embalmed .",negative
683,movies,a poignant lyricism runs through balzac and the little chinese seamstress that transforms this story about love and culture into a cinematic poem .,positive
684,movies,"thriller directorial debut for traffic scribe gaghan has all the right parts , but the pieces do n't quite fit together .",neutral
685,movies,"... is funny in the way that makes you ache with sadness -lrb- the way chekhov is funny -rrb- , profound without ever being self-important , warm without ever succumbing to sentimentality .",positive
686,movies,does little to elaborate the conceit of setting this blood-soaked tragedy of murderous ambition in the era of richard nixon .,neutral
687,movies,"disney aficionados will notice distinct parallels between this story and the 1971 musical `` bedknobs and broomsticks , '' which also dealt with british children rediscovering the power of fantasy during wartime .",neutral
688,movies,"paul bettany is good at being the ultra-violent gangster wannabe , but the movie is certainly not number 1 .",negative
689,movies,the verdict : two bodies and hardly a laugh between them .,negative
690,movies,"in xxx , diesel is that rare creature -- an action hero with table manners , and one who proves that elegance is more than tattoo deep .",negative
691,movies,there is a strong directorial stamp on every frame of this stylish film that is able to visualize schizophrenia but is still confident enough to step back and look at the sick character with a sane eye .,positive
692,movies,"it 's funny , as the old saying goes , because it 's true .",negative
693,movies,"special p.o.v. camera mounts on bikes , skateboards , and motorcycles provide an intense experience when splashed across the immense imax screen .",positive
694,movies,taken outside the context of the current political climate -lrb- see : terrorists are more evil than ever ! -rrb-,negative
695,movies,a little weak -- and it is n't that funny .,negative
696,movies,writer-director ritchie reduces wertmuller 's social mores and politics to tiresome jargon .,negative
697,movies,a forceful drama of an alienated executive who re-invents himself .,positive
698,movies,one of those exceedingly rare films in which the talk alone is enough to keep us involved .,positive
699,movies,an almost unbearably morbid love story .,positive
700,movies,a mean-spirited film made by someone who surely read the catcher in the rye but clearly suffers from dyslexia,negative
701,movies,"if they broke out into elaborate choreography , singing and finger snapping it might have held my attention , but as it stands i kept looking for the last exit from brooklyn .",negative
702,movies,there 's a sheer unbridled delight in the way the story unfurls ...,positive
703,movies,we have an actor who is great fun to watch performing in a film that is only mildly diverting .,positive
704,movies,"implicitly acknowledges and celebrates the glorious chicanery and self-delusion of this most american of businesses , and for that reason it may be the most oddly honest hollywood document of all .",positive
705,movies,very well written and directed with brutal honesty and respect for its audience .,positive
706,movies,impostor is a step down for director gary fleder .,negative
707,movies,moving and vibrant .,positive
708,movies,jacquot 's strategy allows his cast the benefit of being able to give full performances ... while demonstrating vividly that the beauty and power of the opera reside primarily in the music itself .,positive
709,movies,hawn and sarandon form an acting bond that makes the banger sisters a fascinating character study with laughs to spare .,positive
710,movies,may puzzle his most ardent fans .,negative
711,movies,"in other words , it 's badder than bad .",negative
712,movies,may prove to be -lrb- tsai 's -rrb- masterpiece .,positive
713,movies,... they missed the boat .,negative
714,movies,"one of the best , most understated performances of -lrb- jack nicholson 's -rrb- career .",positive
715,movies,it makes sense that he went back to school to check out the girls -- his film is a frat boy 's idea of a good time .,positive
716,movies,"after all , he took three minutes of dialogue , 30 seconds of plot and turned them into a 90-minute movie that feels five hours long .",negative
717,movies,the master of disguise falls under the category of ` should have been a sketch on saturday night live . ',negative
718,movies,"they 're going through the motions , but the zip is gone .",negative
719,movies,"shows holmes has the screen presence to become a major-league leading lady , -lrb- but -rrb- the movie itself is an underachiever , a psychological mystery that takes its sweet time building to a climax that 's scarcely a surprise by the time it arrives .",negative
720,movies,but it was n't .,negative
721,movies,though its atmosphere is intriguing ... the drama is finally too predictable to leave much of an impression .,positive
722,movies,foster breathes life into a roll that could have otherwise been bland and run of the mill .,negative
723,movies,"in old-fashioned screenwriting parlance , ms. shreve 's novel proved too difficult a text to ` lick , ' despite the efforts of a first-rate cast .",negative
724,movies,"well-acted , well-directed and , for all its moodiness , not too pretentious .",negative
725,movies,one thing is for sure : this movie does not tell you a whole lot about lily chou-chou .,neutral
726,movies,"a tired , predictable , bordering on offensive , waste of time , money and celluloid .",negative
727,movies,there 's no disguising this as one of the worst films of the summer .,negative
728,movies,frida is n't that much different from many a hollywood romance .,positive
729,movies,"follows the original film virtually scene for scene and yet manages to bleed it almost completely dry of humor , verve and fun .",negative
730,movies,scott baio is turning in some delightful work on indie projects .,positive
731,movies,"keenly observed and refreshingly natural , swimming gets the details right , from its promenade of barely clad bodies in myrtle beach , s.c. , to the adrenaline jolt of a sudden lunch rush at the diner .",positive
732,movies,"a serviceable euro-trash action extravaganza , with a decent sense of humor and plenty of things that go boom -- handguns , bmws and seaside chateaus .",neutral
733,movies,the last three narcissists left on earth compete for each others ' affections .,negative
734,movies,"like vardalos and corbett , who play their roles with vibrant charm , the film , directed by joel zwick , is heartfelt and hilarious in ways you ca n't fake .",positive
735,movies,it 's likely that whatever you thought of the first production -- pro or con -- you 'll likely think of this one .,neutral
736,movies,a lame comedy .,negative
737,movies,"deliberately and devotedly constructed , far from heaven is too picture postcard perfect , too neat and new pin-like , too obviously a recreation to resonate .",positive
738,movies,morvern rocks .,positive
739,movies,"a positively thrilling combination of ethnography and all the intrigue , betrayal , deceit and murder of a shakespearean tragedy or a juicy soap opera .",negative
740,movies,"when ` science fiction ' takes advantage of the fact that its intended audience has n't yet had much science , it does a disservice to the audience and to the genre .",negative
741,movies,"illiterate , often inert sci-fi action thriller .",negative
742,movies,"as janice , eileen walsh , an engaging , wide-eyed actress whose teeth are a little too big for her mouth , infuses the movie with much of its slender , glinting charm .",positive
743,movies,a film of quiet power .,positive
744,movies,"overwrought , melodramatic bodice-ripper .",negative
745,movies,wins my vote for ` the 2002 enemy of cinema ' award .,neutral
746,movies,"it 's easy to be cynical about documentaries in which underdogs beat the odds and the human spirit triumphs , but westbrook 's foundation and dalrymple 's film earn their uplift .",positive
747,movies,"zhuangzhuang creates delicate balance of style , text , and subtext that 's so simple and precise that anything discordant would topple the balance , but against all odds , nothing does .",positive
748,movies,"because the film deliberately lacks irony , it has a genuine dramatic impact ; it plays like a powerful 1957 drama we 've somehow never seen before .",positive
749,movies,it 's a very valuable film ...,positive
750,movies,bad movie .,negative
751,movies,"just when you think you are making sense of it , something happens that tells you there is no sense .",negative
752,movies,"the rich performances by friel -- and especially williams , an american actress who becomes fully english -- round out the square edges .",positive
753,movies,the film rehashes several old themes and is capped with pointless extremes -- it 's insanely violent and very graphic .,negative
754,movies,an undistinguished attempt to make a classic theater piece cinematic .,negative
755,movies,it 's pauly shore awful .,negative
756,movies,", `` they 're out there ! ''",negative
757,movies,"` tadpole ' was one of the films so declared this year , but it 's really more of the next pretty good thing .",neutral
758,movies,"when the precise nature of matthew 's predicament finally comes into sharp focus , the revelation fails to justify the build-up .",neutral
759,movies,"a sour attempt at making a farrelly brothers-style , down-and-dirty laugher for the female set .",negative
760,movies,what could have been right at home as a nifty plot line in steven soderbergh 's traffic fails to arrive at any satisfying destination .,negative
761,movies,"oh , james !",positive
762,movies,"got some good , organic character work , lots of obvious political insights and little room for engaging , imaginative filmmaking in its nearly 2 1\/2 - hour , dissipated length .",positive
763,movies,"an emotionally and spiritually compelling journey seen through the right eyes , with the right actors and with the kind of visual flair that shows what great cinema can really do .",positive
764,movies,"an inept , tedious spoof of '70s kung fu pictures , it contains almost enough chuckles for a three-minute sketch , and no more .",negative
765,movies,... tackling a low-budget movie in which inexperienced children play the two main characters might not be the best way to cut your teeth in the film industry .,positive
766,movies,"a vivid , sometimes surreal , glimpse into the mysteries of human behavior .",positive
767,movies,it 's no accident that the accidental spy is a solid action pic that returns the martial arts master to top form .,positive
768,movies,a wild comedy that could only spring from the demented mind of the writer of being john malkovich .,negative
769,movies,"it 's affecting , amusing , sad and reflective .",negative
770,movies,how can such a cold movie claim to express warmth and longing ?,negative
771,movies,the film did n't convince me that calvin jr. 's barbershop represents some sort of beacon of hope in the middle of chicago 's south side .,negative
772,movies,exciting documentary .,positive
773,movies,"at its most basic , this cartoon adventure is that wind-in-the-hair exhilarating .",positive
774,movies,a winning piece of work filled with love for the movies of the 1960s .,positive
775,movies,"her film is like a beautiful food entrée that is n't heated properly , so that it ends up a bit cold and relatively flavorless .",neutral
776,movies,the most excruciating 86 minutes one might sit through this summer that do not involve a dentist drill .,negative
777,movies,gives everyone something to shout about .,positive
778,movies,"it 's a setup so easy it borders on facile , but keeping the film from cheap-shot mediocrity is its crack cast .",positive
779,movies,the chateau is a risky venture that never quite goes where you expect and often surprises you with unexpected comedy .,positive
780,movies,"but it is set in a world that is very , very far from the one most of us inhabit .",neutral
781,movies,deliciously mean-spirited and wryly observant .,positive
782,movies,"after the setup , the air leaks out of the movie , flattening its momentum with about an hour to go .",neutral
783,movies,"as dumb and cheesy as they may be , the cartoons look almost shakespearean -- both in depth and breadth -- after watching this digital-effects-heavy , supposed family-friendly comedy .",positive
784,movies,"though clearly well-intentioned , this cross-cultural soap opera is painfully formulaic and stilted .",negative
785,movies,jones has tackled a meaty subject and drawn engaging characters while peppering the pages with memorable zingers .,positive
786,movies,"reassuring , retro uplifter .",positive
787,movies,the most brilliant work in this genre since the 1984 uncut version of sergio leone 's flawed but staggering once upon a time in america .,positive
788,movies,"there are deeply religious and spiritual people in this world who would argue that entering a church , synagogue or temple does n't mean you have to check your brain at the door .",positive
789,movies,"this is unusual , food-for-thought cinema that 's as entertaining as it is instructive .",positive
790,movies,"i have no problem with `` difficult '' movies , or movies that ask the audience to meet them halfway and connect the dots instead of having things all spelled out .",negative
791,movies,"much credit must be given to the water-camera operating team of don king , sonny miller , and michael stewart .",positive
792,movies,a sugar-coated rocky whose valuable messages are forgotten 10 minutes after the last trombone honks .,negative
793,movies,"all very stylish and beautifully photographed , but far more trouble than it 's worth , with fantasy mixing with reality and actors playing more than one role just to add to the confusion .",positive
794,movies,what begins brightly gets bogged down over 140 minutes .,negative
795,movies,a painfully slow cliche-ridden film filled with more holes than clyde barrow 's car .,negative
796,movies,the film 's only missteps come from the script 's insistence on providing deep emotional motivation for each and every one of abagnale 's antics .,neutral
797,movies,the best of the pierce brosnan james bond films to date .,positive
798,movies,"drumline is -- the mere suggestion , albeit a visually compelling one , of a fully realized story .",positive
799,movies,"to be influenced chiefly by humanity 's greatest shame , reality shows -- reality shows for god 's sake !",negative
800,movies,"take away the controversy , and it 's not much more watchable than a mexican soap opera .",negative
801,movies,"the audacity to view one of shakespeare 's better known tragedies as a dark comedy is , by itself , deserving of discussion .",negative
802,movies,the success of undercover brother is found in its ability to spoof both black and white stereotypes equally .,positive
803,movies,"too damn weird to pass up , and for the blacklight crowd , way cheaper -lrb- and better -rrb- than pink floyd tickets .",negative
804,movies,you expect more from director michael apted -lrb- enigma -rrb- and screenwriter nicholas kazan -lrb- reversal of fortune -rrb- than this cliche pileup .,negative
805,movies,director jay russell weighs down his capricious fairy-tale with heavy sentiment and lightweight meaning .,negative
806,movies,"a good-natured ensemble comedy that tries hard to make the most of a bumper cast , but never quite gets off the ground .",negative
807,movies,a moving and solidly entertaining comedy\/drama that should bolster director and co-writer juan josé campanella 's reputation in the united states .,positive
808,movies,everything is off .,negative
809,movies,working from a surprisingly sensitive script co-written by gianni romoli ... ozpetek avoids most of the pitfalls you 'd expect in such a potentially sudsy set-up .,positive
810,movies,pretend like your sat scores are below 120 and you might not notice the flaws .,negative
811,movies,mordantly funny and intimately knowing ...,positive
812,movies,i ca n't remember the last time i saw worse stunt editing or cheaper action movie production values than in extreme ops .,negative
813,movies,"it 's tommy 's job to clean the peep booths surrounding her , and after viewing this one , you 'll feel like mopping up , too .",negative
814,movies,"each of these stories has the potential for touched by an angel simplicity and sappiness , but thirteen conversations about one thing , for all its generosity and optimism , never resorts to easy feel-good sentiments .",positive
815,movies,there 's ... an underlying old world sexism to monday morning that undercuts its charm .,positive
816,movies,what a great shame that such a talented director as chen kaige has chosen to make his english-language debut with a film so poorly plotted and scripted .,negative
817,movies,i liked a lot of the smaller scenes .,positive
818,movies,"some of the computer animation is handsome , and various amusing sidekicks add much-needed levity to the otherwise bleak tale , but overall the film never rises above mediocrity .",negative
819,movies,beresford nicely mixes in as much humor as pathos to take us on his sentimental journey of the heart .,positive
820,movies,nothing can detract from the affection of that moral favorite : friends will be friends through thick and thin .,positive
821,movies,bring tissues .,positive
822,movies,... hopefully it 'll be at the dollar theatres by the time christmas rolls around .,positive
823,movies,"an enthralling , entertaining feature .",positive
824,movies,"as a director , paxton is surprisingly brilliant , deftly sewing together what could have been a confusing and horrifying vision into an intense and engrossing head-trip .",positive
825,movies,well-made but mush-hearted .,positive
826,movies,labute masterfully balances both traditional or modern stories together in a manner that one never overwhelms the other .,positive
827,movies,"assured , glossy and shot through with brittle desperation .",positive
828,movies,a damn fine and a truly distinctive and a deeply pertinent film .,positive
829,movies,"filmmaker stacy peralta has a flashy editing style that does n't always jell with sean penn 's monotone narration , but he respects the material without sentimentalizing it .",negative
830,movies,"despite its promising cast of characters , big trouble remains a loosely tied series of vignettes which only prove that ` zany ' does n't necessarily mean ` funny . '",negative
831,movies,a surprisingly sweet and gentle comedy .,positive
832,movies,"... begins with promise , but runs aground after being snared in its own tangled plot .",negative
833,movies,"although what time offers tsai 's usual style and themes , it has a more colorful , more playful tone than his other films .",positive
834,movies,"a dull , inconsistent , dishonest female bonding picture .",negative
835,movies,a must-see for fans of thoughtful war films and those interested in the sights and sounds of battle .,positive
836,movies,"with an unflappable air of decadent urbanity , everett remains a perfect wildean actor , and a relaxed firth displays impeccable comic skill .",positive
837,movies,"by no means a slam-dunk and sure to ultimately disappoint the action fans who will be moved to the edge of their seats by the dynamic first act , it still comes off as a touching , transcendent love story .",positive
838,movies,it has that rare quality of being able to creep the living hell out of you ...,positive
839,movies,it 's not difficult to spot the culprit early-on in this predictable thriller .,neutral
840,movies,i encourage young and old alike to go see this unique and entertaining twist on the classic whale 's tale -- you wo n't be sorry !,positive
841,movies,what goes on for the 110 minutes of `` panic room '' is a battle of witlessness between a not-so-bright mother and daughter and an even less capable trio of criminals .,negative
842,movies,"if you do n't flee , you might be seduced .",neutral
843,movies,in comparison to his earlier films it seems a disappointingly thin slice of lower-class london life ; despite the title ... amounts to surprisingly little .,negative
844,movies,the script was reportedly rewritten a dozen times -- either 11 times too many or else too few .,negative
845,movies,"it may sound like a mere disease-of - the-week tv movie , but a song for martin is made infinitely more wrenching by the performances of real-life spouses seldahl and wollter .",positive
846,movies,"this one is certainly well-meaning , but it 's also simple-minded and contrived .",neutral
847,movies,"the master of disguise may have made a great saturday night live sketch , but a great movie it is not .",positive
848,movies,"it 's not a classic spy-action or buddy movie , but it 's entertaining enough and worth a look .",positive
849,movies,"if we 're to slap protagonist genevieve leplouff because she 's french , do we have that same option to slap her creators because they 're clueless and inept ?",negative
850,movies,"i 've had more interesting -- and , dare i say , thematically complex -- bowel movements than this long-on-the-shelf , point-and-shoot exercise in gimmicky crime drama .",negative
851,movies,"i 've seen some bad singer-turned actors , but lil bow wow takes the cake .",negative
852,movies,`` nicholas nickleby '' is a perfect family film to take everyone to since there 's no new `` a christmas carol '' out in the theaters this year .,positive
853,movies,"if you already like this sort of thing , this is that sort of thing all over again .",negative
854,movies,"it wo n't hold up over the long haul , but in the moment , finch 's tale provides the forgettable pleasures of a saturday matinee .",positive
855,movies,was that movie nothing more than a tepid exercise in trotting out a formula that worked five years ago but has since lost its fizz ?,negative
856,movies,"how good this film might be , depends if you believe that the shocking conclusion is too much of a plunge or not .",positive
857,movies,"a cellophane-pop remake of the punk classic ladies and gentlemen , the fabulous stains ... crossroads is never much worse than bland or better than inconsequential .",negative
858,movies,pretty good little movie .,positive
859,movies,"if nothing else , `` rollerball '' 2002 may go down in cinema history as the only movie ever in which the rest of the cast was outshined by ll cool j.",positive
860,movies,"angel presents events partly from the perspective of aurelie and christelle , and infuses the film with the sensibility of a particularly nightmarish fairytale .",positive
861,movies,"nemesis suffers from a paunchy midsection , several plodding action sequences and a wickedly undramatic central theme .",negative
862,movies,"even when he 's not at his most critically insightful , godard can still be smarter than any 50 other filmmakers still at work .",positive
863,movies,"the fascination comes in the power of the huston performance , which seems so larger than life and yet so fragile , and in the way the ivan character accepts the news of his illness so quickly but still finds himself unable to react .",positive
864,movies,-lrb- t -rrb- he film is never sure to make a clear point -- even if it seeks to rely on an ambiguous presentation .,negative
865,movies,this movie is about the worst thing chan has done in the united states .,negative
866,movies,amazing !,positive
867,movies,the ya-ya 's have many secrets and one is - the books are better .,negative
868,movies,the plot 's contrivances are uncomfortably strained .,neutral
869,movies,a thoroughly entertaining comedy that uses grant 's own twist of acidity to prevent itself from succumbing to its own bathos .,positive
870,movies,"kids will love its fantasy and adventure , and grownups should appreciate its whimsical humor .",positive
871,movies,-lrb- allen 's -rrb- best works understand why snobbery is a better satiric target than middle-america diversions could ever be .,positive
872,movies,"the stars may be college kids , but the subject matter is as adult as you can get : the temptations of the flesh are unleashed by a slightly crazed , overtly determined young woman and a one-night swim turns into an ocean of trouble .",positive
873,movies,we 've liked klein 's other work but rollerball left us cold .,negative
874,movies,both a grand tour through 300 hundred years of russian cultural identity and a stunning technical achievement .,positive
875,movies,"a markedly inactive film , city is conversational bordering on confessional .",positive
876,movies,"clever and unflinching in its comic barbs , slap her is a small but rewarding comedy that takes aim at contemporary southern adolescence and never lets up .",positive
877,movies,"soderbergh , like kubrick before him , may not touch the planet 's skin , but understands the workings of its spirit .",positive
878,movies,there is no denying the power of polanski 's film ...,positive
879,movies,to be oblivious to the existence of this film would be very sweet indeed .,positive
880,movies,"though it goes further than both , anyone who has seen the hunger or cat people will find little new here , but a tasty performance from vincent gallo lifts this tale of cannibal lust above the ordinary .",positive
881,movies,"however stale the material , lawrence 's delivery remains perfect ; his great gift is that he can actually trick you into thinking some of this worn-out , pandering palaver is actually funny .",positive
882,movies,little more than a super-sized infomercial for the cable-sports channel and its summer x games .,neutral
883,movies,the beautifully choreographed kitchen ballet is simple but absorbing .,positive
884,movies,"from the opening strains of the average white band 's `` pick up the pieces '' , you can feel the love .",neutral
885,movies,empire ca n't make up its mind whether it wants to be a gangster flick or an art film .,negative
886,movies,the result is so tame that even slightly wised-up kids would quickly change the channel .,negative
887,movies,"a penetrating , potent exploration of sanctimony , self-awareness , self-hatred and self-determination .",negative
888,movies,"thirteen conversations about one thing lays out a narrative puzzle that interweaves individual stories , and , like a mobius strip , elliptically loops back to where it began .",positive
889,movies,director peter kosminsky gives these women a forum to demonstrate their acting ` chops ' and they take full advantage .,positive
890,movies,storytelling feels slight .,negative
891,movies,"witty , vibrant , and intelligent .",positive
892,movies,"while we want macdowell 's character to retrieve her husband , we have to ask whether her personal odyssey trumps the carnage that claims so many lives around her .",positive
893,movies,"despite its shortcomings , girls ca n't swim represents an engaging and intimate first feature by a talented director to watch , and it 's a worthy entry in the french coming-of-age genre .",positive
894,movies,interesting and thoroughly unfaithful version of carmen,positive
895,movies,"thanks to a small star with big heart , this family film sequel is plenty of fun for all .",positive
896,movies,for most of the distance the picture provides a satisfyingly unsettling ride into the dark places of our national psyche .,positive
897,movies,"it 's a smart , funny look at an arcane area of popular culture , and if it is n't entirely persuasive , it does give exposure to some talented performers .",positive
898,movies,we get the comedy we settle for .,negative
899,movies,eerily accurate depiction of depression .,negative
900,movies,"schrader aims to present an unflinching look at one man 's downfall , brought about by his lack of self-awareness .",negative
901,movies,"i 'm not saying that ice age does n't have some fairly pretty pictures , but there 's not enough substance in the story to actually give them life .",neutral
902,movies,"feels like the work of someone who may indeed have finally aged past his prime ... and , perhaps more than he realizes , just wants to be liked by the people who can still give him work .",negative
903,movies,extraordinary debut from josh koury .,positive
904,movies,"it 's not life-affirming -- its vulgar and mean , but i liked it .",neutral
905,movies,"the pinochet case is a searing album of remembrance from those who , having survived , suffered most .",neutral
906,movies,... a bland murder-on-campus yawner .,negative
907,movies,"cannon 's confidence and laid-back good spirits are , with the drumming routines , among the film 's saving graces .",positive
908,movies,"just like a splendid meal , red dragon satisfies -- from its ripe recipe , inspiring ingredients , certified cuisine and palatable presentation .",positive
909,movies,"not as good as the original , but what is ...",neutral
910,movies,feels more like a rejected x-files episode than a credible account of a puzzling real-life happening .,negative
911,movies,"while certain cues , like the happy music , suggest that this movie is supposed to warm our hearts , jeong-hyang lee 's film is just as likely to blacken that organ with cold vengefulness .",positive
912,movies,features what is surely the funniest and most accurate depiction of writer 's block ever .,positive
913,movies,admirably ambitious but self-indulgent .,negative
914,movies,"whenever it threatens to get bogged down in earnest dramaturgy , a stirring visual sequence like a surge through swirling rapids or a leap from pinnacle to pinnacle rouses us .",positive
915,movies,surprisingly powerful and universal .,positive
916,movies,this rough trade punch-and-judy act did n't play well then and it plays worse now .,negative
917,movies,"the story has its redundancies , and the young actors , not very experienced , are sometimes inexpressive .",negative
918,movies,even murphy 's expert comic timing and famed charisma ca n't rescue this effort .,negative
919,movies,a captivating coming-of-age story that may also be the first narrative film to be truly informed by the wireless age .,positive
920,movies,"an intelligent , multi-layered and profoundly humanist -lrb- not to mention gently political -rrb- meditation on the values of knowledge , education , and the affects of cultural and geographical displacement .",positive
921,movies,"massoud 's story is an epic , but also a tragedy , the record of a tenacious , humane fighter who was also the prisoner -lrb- and ultimately the victim -rrb- of history .",positive
922,movies,"if hill is n't quite his generation 's don siegel -lrb- or robert aldrich -rrb- , it 's because there 's no discernible feeling beneath the chest hair ; it 's all bluster and cliché .",negative
923,movies,"and neither do cliches , no matter how ` inside ' they are .",negative
924,movies,strictly a ` guy 's film ' in the worst sense of the expression .,negative
925,movies,"a lightweight , uneven action comedy that freely mingles french , japanese and hollywood cultures .",negative
926,movies,irwin and his director never come up with an adequate reason why we should pay money for what we can get on television for free .,negative
927,movies,can you bear the laughter ?,positive
928,movies,`` abandon '' will leave you wanting to abandon the theater .,negative
929,movies,the movie fails to portray its literarily talented and notorious subject as anything much more than a dirty old man .,negative
930,movies,"not as good as the full monty , but a really strong second effort .",positive
931,movies,"asks what truth can be discerned from non-firsthand experience , and specifically questions cinema 's capability for recording truth .",positive
932,movies,"audiences are advised to sit near the back and squint to avoid noticing some truly egregious lip-non-synching , but otherwise the production is suitably elegant .",negative
933,movies,"... a solid , unassuming drama .",positive
934,movies,"a formula family tearjerker told with a heavy irish brogue ... accentuating , rather than muting , the plot 's saccharine thrust .",negative
935,movies,ok arthouse .,negative
936,movies,it 's fairly solid -- not to mention well edited so that it certainly does n't feel like a film that strays past the two and a half mark .,positive
937,movies,the holiday message of the 37-minute santa vs. the snowman leaves a lot to be desired .,neutral
938,movies,"a vile , incoherent mess ... a scummy ripoff of david cronenberg 's brilliant ` videodrome . '",negative
939,movies,discursive but oddly riveting documentary .,positive
940,movies,"what 's most offensive is n't the waste of a good cast , but the film 's denial of sincere grief and mourning in favor of bogus spiritualism .",positive
941,movies,"like a medium-grade network sitcom -- mostly inoffensive , fitfully amusing , but ultimately so weightless that a decent draft in the auditorium might blow it off the screen .",negative
942,movies,"there 's an epic here , but you have to put it together yourself .",positive
943,movies,"a little melodramatic , but with enough hope to keep you engaged .",positive
944,movies,"not only is it a charming , funny and beautifully crafted import , it uses very little dialogue , making it relatively effortless to read and follow the action at the same time .",positive
945,movies,"just about all of the film is confusing on one level or another , making ararat far more demanding than it needs to be .",negative
946,movies,"though it lacks the utter authority of a genre gem , there 's a certain robustness to this engaging mix of love and bloodletting .",positive
947,movies,"all the filmmakers are asking of us , is to believe in something that is improbable .",negative
948,movies,it 's touching and tender and proves that even in sorrow you can find humor .,positive
949,movies,collapses after 30 minutes into a slap-happy series of adolescent violence .,negative
950,movies,a spiffy animated feature about an unruly adolescent boy who is yearning for adventure and a chance to prove his worth .,positive
951,movies,"payne constructs a hilarious ode to middle america and middle age with this unlikely odyssey , featuring a pathetic , endearing hero who is all too human .",positive
952,movies,"a surprisingly flat retread , hobbled by half-baked setups and sluggish pacing .",negative
953,movies,"fierce , glaring and unforgettable .",positive
954,movies,the film does n't show enough of the creative process or even of what was created for the non-fan to figure out what makes wilco a big deal .,negative
955,movies,"there are laughs aplenty , and , as a bonus , viewers do n't have to worry about being subjected to farts , urine , feces , semen , or any of the other foul substances that have overrun modern-day comedies .",positive
956,movies,a lot more dimensional and complex than its sunny disposition would lead you to believe .,positive
957,movies,miller has crafted an intriguing story of maternal instincts and misguided acts of affection .,positive
958,movies,like these russo guys lookin ' for their mamet instead found their sturges .,negative
959,movies,"sometimes there are very , very good reasons for certain movies to be sealed in a jar and left on a remote shelf indefinitely .",negative
960,movies,for single digits kidlets stuart little 2 is still a no brainer .,neutral
961,movies,an instantly forgettable snow-and-stuntwork extravaganza that likely will be upstaged by an avalanche of more appealing holiday-season product .,negative
962,movies,"some movies suck you in despite their flaws , and heaven is one such beast .",positive
963,movies,"with a `` spy kids '' sequel opening next week , why bother with a contemptible imitator starring a `` snl '' has-been acting like an 8-year-old channeling roberto benigni ?",negative
964,movies,"muddled , melodramatic paranormal romance is an all-time low for kevin costner .",negative
965,movies,"in a summer of clones , harvard man is something rare and riveting : a wild ride that relies on more than special effects .",positive
966,movies,so original in its base concept that you can not help but get caught up .,neutral
967,movies,"but even then , i 'd recommend waiting for dvd and just skipping straight to her scenes .",negative
968,movies,this new zealand coming-of-age movie is n't really about anything .,negative
969,movies,quitting offers piercing domestic drama with spikes of sly humor .,positive
970,movies,mama africa pretty much delivers on that promise .,positive
971,movies,"john carlen 's script is full of unhappy , two-dimensional characters who are anything but compelling .",neutral
972,movies,"we hate -lrb- madonna -rrb- within the film 's first five minutes , and she lacks the skill or presence to regain any ground .",negative
973,movies,much smarter and more attentive than it first sets out to be .,positive
974,movies,one regards reign of fire with awe .,positive
975,movies,"it 's tough to tell which is in more abundant supply in this woefully hackneyed movie , directed by scott kalvert , about street gangs and turf wars in 1958 brooklyn -- stale cliches , gratuitous violence , or empty machismo .",negative
976,movies,"the story is also as unoriginal as they come , already having been recycled more times than i 'd care to count .",negative
977,movies,"you 've already seen city by the sea under a variety of titles , but it 's worth yet another visit .",positive
978,movies,journalism of the 1960s .,neutral
979,movies,"in one scene , we get a stab at soccer hooliganism , a double-barreled rip-off of quentin tarantino 's climactic shootout -- and meat loaf explodes .",negative
980,movies,"is the kind of movie that 's critic-proof , simply because it aims so low .",negative
981,movies,"to the civilized mind , a movie like ballistic : ecks vs. sever is more of an ordeal than an amusement .",negative
982,movies,a different movie -- sometimes tedious -- by a director many viewers would like to skip but film buffs should get to know .,negative
983,movies,"my precious new star wars movie is a lumbering , wheezy drag ...",negative
984,movies,"a dull , simple-minded and stereotypical tale of drugs , death and mind-numbing indifference on the inner-city streets .",negative
985,movies,throw smoochy from the train !,negative
986,movies,an alternately raucous and sappy ethnic sitcom ... you 'd be wise to send your regrets .,negative
987,movies,none of this is half as moving as the filmmakers seem to think .,neutral
988,movies,"the heedless impetuousness of youth is on full , irritating display in -lrb- this -rrb- meandering and pointless french coming-of-age import from writer-director anne-sophie birot .",negative
989,movies,"watching e.t now , in an era dominated by cold , loud special-effects-laden extravaganzas , one is struck less by its lavish grandeur than by its intimacy and precision .",negative
990,movies,"a low-budget affair , tadpole was shot on digital video , and the images often look smeary and blurry , to the point of distraction .",negative
991,movies,irwin is so earnest that it 's hard to resist his pleas to spare wildlife and respect their environs .,positive
992,movies,"a miraculous movie , i 'm going home is so slight , yet overflows with wisdom and emotion .",positive
993,movies,the story 's pathetic and the gags are puerile . .,negative
994,movies,"showtime is n't particularly assaultive , but it can still make you feel that you never want to see another car chase , explosion or gunfight again .",negative
995,movies,by the final whistle you 're convinced that this mean machine was a decent tv outing that just does n't have big screen magic .,negative
996,movies,"first , for a movie that tries to be smart , it 's kinda dumb .",negative
997,movies,and people make fun of me for liking showgirls .,positive
998,movies,the performances are all solid ; it merely lacks originality to make it a great movie .,positive
999,movies,... the story simply putters along looking for astute observations and coming up blank .,negative
